-- phpMyAdmin SQL Dump
-- version 5.1.1
-- https://www.phpmyadmin.net/
--
-- Host: 127.0.0.1
-- Generation Time: Jan 26, 2024 at 12:53 PM
-- Server version: 10.4.22-MariaDB
-- PHP Version: 8.1.2

SET SQL_MODE = "NO_AUTO_VALUE_ON_ZERO";
START TRANSACTION;
SET time_zone = "+00:00";


/*!40101 SET @OLD_CHARACTER_SET_CLIENT=@@CHARACTER_SET_CLIENT */;
/*!40101 SET @OLD_CHARACTER_SET_RESULTS=@@CHARACTER_SET_RESULTS */;
/*!40101 SET @OLD_COLLATION_CONNECTION=@@COLLATION_CONNECTION */;
/*!40101 SET NAMES utf8mb4 */;

--
-- Database: `sb_source`
--

-- --------------------------------------------------------

--
-- Table structure for table `pengguna`
--

CREATE TABLE `pengguna` (
  `userId` int(11) NOT NULL,
  `username` varchar(32) NOT NULL,
  `password` varchar(32) NOT NULL,
  `fullname` varchar(30) NOT NULL,
  `email` varchar(30) NOT NULL,
  `level` varchar(30) NOT NULL
) ENGINE=InnoDB DEFAULT CHARSET=latin1;

--
-- Dumping data for table `pengguna`
--

INSERT INTO `pengguna` (`userId`, `username`, `password`, `fullname`, `email`, `level`) VALUES
(1, 'wahyu', '32c9e71e866ecdbc93e497482aa6779f', 'wahyu budiman', 'wahyu@gmail.com', 'Super'),
(5, 'admin', '21232f297a57a5a743894a0e4a801fc3', 'EFDI PANJAITAN', 'pudidi@gmail.com', 'Super'),
(7, 'Heisenberg', 'c44a471bd78cc6c2fea32b9fe028d30a', 'Walter White', 'pudidi@gmail.com', 'Biasa');

-- --------------------------------------------------------

--
-- Table structure for table `tdeskripsi`
--

CREATE TABLE `tdeskripsi` (
  `deskripsiID` int(11) NOT NULL,
  `deskripsi` text NOT NULL,
  `groupId` int(11) NOT NULL,
  `tgl_dibuat` datetime NOT NULL,
  `adminID` int(11) NOT NULL,
  `tgl_modifikasi` datetime NOT NULL,
  `admin_modifikasi` int(11) NOT NULL
) ENGINE=InnoDB DEFAULT CHARSET=latin1;

--
-- Dumping data for table `tdeskripsi`
--

INSERT INTO `tdeskripsi` (`deskripsiID`, `deskripsi`, `groupId`, `tgl_dibuat`, `adminID`, `tgl_modifikasi`, `admin_modifikasi`) VALUES
(48, 'Kenyamanan ruang tunggu', 14, '2023-12-20 07:22:43', 5, '0000-00-00 00:00:00', 0),
(49, '							Prosedur penerimaan cepat dan tepat						', 15, '2023-12-20 07:23:21', 5, '2023-12-20 07:25:12', 5),
(50, 'Kesigapan petugas menanggapi keluhan atau pertanyaan', 16, '2023-12-20 07:23:50', 5, '0000-00-00 00:00:00', 0),
(51, 'Puskesmas menempatkan kepentingan pasien sebagai prioritas utama', 18, '2023-12-20 07:24:24', 5, '0000-00-00 00:00:00', 0),
(52, '							Ketepatan dokter mendiagnosis				', 17, '2023-12-20 07:25:39', 5, '2023-12-20 07:25:48', 5),
(56, 'Karyawan puskemas berpenampilan rapi.', 14, '2024-01-19 06:44:55', 1, '0000-00-00 00:00:00', 0),
(57, 'Kelengkapan dan Kebersihan Alat Medis', 14, '2024-01-19 06:45:28', 1, '0000-00-00 00:00:00', 0),
(58, 'Ketersediaan Dokter dan bidan/perawat', 14, '2024-01-19 06:45:41', 1, '0000-00-00 00:00:00', 0),
(59, 'Fasilitas Ketersediaan Penunjang Medis dan Apotek yang memadai', 14, '2024-01-19 06:45:55', 1, '0000-00-00 00:00:00', 0),
(60, 'Pelayanan sesuai SOP', 15, '2024-01-19 06:46:20', 1, '0000-00-00 00:00:00', 0),
(61, 'Prosedur Pelayanan tidak berbelit', 15, '2024-01-19 06:46:38', 1, '0000-00-00 00:00:00', 0),
(62, 'Jadwalyang Tepat', 15, '2024-01-19 06:47:02', 1, '0000-00-00 00:00:00', 0),
(64, 'Informasi dari Petugas Jelas dan Dapat dipahami', 16, '2024-01-19 06:47:44', 1, '0000-00-00 00:00:00', 0),
(65, 'Puskesmas selalu siap menanggapi permintaan pasien', 16, '2024-01-19 06:48:13', 1, '0000-00-00 00:00:00', 0),
(66, 'Ketepatan Pelayanan Medis', 16, '2024-01-19 06:48:30', 1, '0000-00-00 00:00:00', 0),
(68, 'Ketelitian Petugas dalam Bekerja', 17, '2024-01-19 06:49:15', 1, '0000-00-00 00:00:00', 0),
(69, 'pasien merasa aman ketika dilayani pegawai puskesmas.', 17, '2024-01-19 06:49:29', 1, '0000-00-00 00:00:00', 0),
(70, 'Pelayanan Sopan dan Ramah', 17, '2024-01-19 06:49:44', 1, '0000-00-00 00:00:00', 0),
(72, 'Respon Petugas Baik terhadap Kritik dan Saran', 18, '2024-01-19 06:50:28', 1, '0000-00-00 00:00:00', 0),
(73, 'Kemudahan Memperoleh Informasi Kesehatan', 18, '2024-01-19 06:50:42', 1, '0000-00-00 00:00:00', 0),
(74, 'Pegawai puskesmas mengerti kebutuhan khusus pasien.', 18, '2024-01-19 06:50:58', 1, '0000-00-00 00:00:00', 0);

-- --------------------------------------------------------

--
-- Table structure for table `tgroup`
--

CREATE TABLE `tgroup` (
  `groupId` int(11) NOT NULL,
  `kode` varchar(255) NOT NULL,
  `groupName` varchar(255) NOT NULL,
  `CreatedDate` datetime NOT NULL,
  `CreatedUser` int(11) NOT NULL,
  `ModifiedDate` datetime NOT NULL,
  `ModifiedUser` int(11) NOT NULL
) ENGINE=InnoDB DEFAULT CHARSET=latin1;

--
-- Dumping data for table `tgroup`
--

INSERT INTO `tgroup` (`groupId`, `kode`, `groupName`, `CreatedDate`, `CreatedUser`, `ModifiedDate`, `ModifiedUser`) VALUES
(14, 'A1', 'Tangible', '2023-12-20 07:21:14', 5, '0000-00-00 00:00:00', 0),
(15, 'A2', 'Reliability', '2023-12-20 07:21:35', 5, '0000-00-00 00:00:00', 0),
(16, 'A3', 'Responsiveness', '2023-12-20 07:21:47', 5, '0000-00-00 00:00:00', 0),
(17, 'A4', 'Assurance', '2023-12-20 07:22:01', 5, '0000-00-00 00:00:00', 0),
(18, 'A5', 'Empathy', '2023-12-20 07:22:30', 5, '0000-00-00 00:00:00', 0);

-- --------------------------------------------------------

--
-- Table structure for table `tjawaban`
--

CREATE TABLE `tjawaban` (
  `Id` int(11) NOT NULL,
  `deskripsiID` int(11) NOT NULL,
  `groupId` int(11) NOT NULL,
  `pasienID` varchar(50) NOT NULL,
  `jawaban` varchar(1) NOT NULL,
  `jawabanA` int(11) NOT NULL,
  `jawabanB` int(11) NOT NULL,
  `jawabanC` int(11) NOT NULL,
  `jawabanD` int(11) NOT NULL,
  `jawabanE` int(11) NOT NULL,
  `ekspekJawaban` varchar(2) NOT NULL,
  `ekspekA` int(11) NOT NULL,
  `ekspekB` int(11) NOT NULL,
  `ekspekC` int(11) NOT NULL,
  `ekspekD` int(11) NOT NULL,
  `ekspekE` int(11) NOT NULL
) ENGINE=InnoDB DEFAULT CHARSET=latin1;

--
-- Dumping data for table `tjawaban`
--

INSERT INTO `tjawaban` (`Id`, `deskripsiID`, `groupId`, `pasienID`, `jawaban`, `jawabanA`, `jawabanB`, `jawabanC`, `jawabanD`, `jawabanE`, `ekspekJawaban`, `ekspekA`, `ekspekB`, `ekspekC`, `ekspekD`, `ekspekE`) VALUES
(331, 48, 14, '1931556', 'C', 0, 0, 3, 0, 0, 'B', 0, 4, 0, 0, 0),
(332, 56, 14, '1931556', 'C', 0, 0, 3, 0, 0, 'B', 0, 4, 0, 0, 0),
(333, 57, 14, '1931556', 'B', 0, 4, 0, 0, 0, 'A', 5, 0, 0, 0, 0),
(334, 58, 14, '1931556', 'C', 0, 0, 3, 0, 0, 'A', 5, 0, 0, 0, 0),
(335, 59, 14, '1931556', 'C', 0, 0, 3, 0, 0, 'B', 0, 4, 0, 0, 0),
(336, 49, 15, '1931556', 'C', 0, 0, 3, 0, 0, 'B', 0, 4, 0, 0, 0),
(337, 60, 15, '1931556', 'C', 0, 0, 3, 0, 0, 'C', 0, 0, 3, 0, 0),
(338, 61, 15, '1931556', 'D', 0, 1, 0, 2, 0, 'B', 0, 4, 0, 0, 0),
(339, 62, 15, '1931556', 'C', 0, 0, 3, 0, 0, 'A', 5, 0, 0, 0, 0),
(340, 50, 16, '1931556', 'C', 0, 0, 3, 0, 0, 'B', 0, 4, 0, 0, 0),
(341, 64, 16, '1931556', 'C', 0, 0, 3, 0, 0, 'B', 0, 4, 0, 0, 0),
(342, 65, 16, '1931556', 'B', 0, 4, 0, 0, 0, 'A', 5, 0, 0, 0, 0),
(343, 66, 16, '1931556', 'C', 0, 0, 3, 0, 0, 'A', 5, 0, 0, 0, 0),
(344, 52, 17, '1931556', 'C', 0, 0, 3, 0, 0, 'B', 0, 4, 0, 0, 0),
(345, 68, 17, '1931556', 'C', 0, 0, 3, 0, 0, 'B', 0, 4, 0, 0, 0),
(346, 69, 17, '1931556', 'C', 0, 0, 3, 0, 0, 'B', 0, 4, 0, 0, 0),
(347, 70, 17, '1931556', 'C', 0, 0, 3, 0, 0, 'B', 0, 4, 0, 0, 0),
(349, 51, 18, '1931556', 'C', 0, 0, 3, 0, 0, 'B', 0, 4, 0, 0, 0),
(350, 72, 18, '1931556', 'C', 0, 0, 3, 0, 0, 'B', 0, 4, 0, 0, 0),
(351, 73, 18, '1931556', 'D', 0, 1, 0, 2, 0, 'B', 0, 4, 0, 0, 0),
(352, 74, 18, '1931556', 'C', 0, 0, 3, 0, 0, 'B', 0, 4, 0, 0, 0),
(419, 48, 14, '7257263', 'B', 0, 4, 0, 0, 0, 'B', 0, 4, 0, 0, 0),
(420, 56, 14, '7257263', 'C', 0, 0, 3, 0, 0, 'A', 5, 0, 0, 0, 0),
(421, 57, 14, '7257263', 'C', 0, 0, 3, 0, 0, 'C', 0, 0, 3, 0, 0),
(422, 58, 14, '7257263', 'B', 0, 4, 0, 0, 0, 'B', 0, 4, 0, 0, 0),
(423, 59, 14, '7257263', 'C', 0, 0, 3, 0, 0, 'B', 0, 4, 0, 0, 0),
(424, 49, 15, '7257263', 'C', 0, 0, 3, 0, 0, 'A', 5, 0, 0, 0, 0),
(425, 60, 15, '7257263', 'C', 0, 0, 3, 0, 0, 'B', 0, 4, 0, 0, 0),
(426, 61, 15, '7257263', 'C', 0, 0, 3, 0, 0, 'B', 0, 4, 0, 0, 0),
(427, 62, 15, '7257263', 'D', 0, 0, 0, 2, 0, 'C', 0, 0, 3, 0, 0),
(428, 50, 16, '7257263', 'C', 0, 0, 3, 0, 0, 'A', 5, 0, 0, 0, 0),
(429, 64, 16, '7257263', 'C', 0, 0, 3, 0, 0, 'A', 5, 0, 0, 0, 0),
(430, 65, 16, '7257263', 'C', 0, 0, 3, 0, 0, 'B', 0, 4, 0, 0, 0),
(431, 66, 16, '7257263', 'B', 0, 4, 0, 0, 0, 'A', 5, 0, 0, 0, 0),
(432, 52, 17, '7257263', 'C', 0, 0, 3, 0, 0, 'B', 0, 4, 0, 0, 0),
(433, 68, 17, '7257263', 'B', 0, 4, 0, 0, 0, 'A', 5, 0, 0, 0, 0),
(434, 69, 17, '7257263', 'C', 0, 0, 3, 0, 0, 'B', 0, 4, 0, 0, 0),
(435, 70, 17, '7257263', 'C', 0, 0, 3, 0, 0, 'A', 5, 0, 0, 0, 0),
(437, 51, 18, '7257263', 'C', 0, 0, 3, 0, 0, 'B', 0, 4, 0, 0, 0),
(438, 72, 18, '7257263', 'C', 0, 0, 3, 0, 0, 'B', 0, 4, 0, 0, 0),
(439, 73, 18, '7257263', 'C', 0, 0, 3, 0, 0, 'B', 0, 4, 0, 0, 0),
(440, 74, 18, '7257263', 'C', 0, 0, 3, 0, 0, 'B', 0, 4, 0, 0, 0),
(441, 48, 14, '2432500', 'B', 0, 4, 0, 0, 0, 'A', 5, 0, 0, 0, 0),
(442, 56, 14, '2432500', 'B', 0, 4, 0, 0, 0, 'B', 0, 4, 0, 0, 0),
(443, 57, 14, '2432500', 'B', 0, 4, 0, 0, 0, 'B', 0, 4, 0, 0, 0),
(444, 58, 14, '2432500', 'C', 0, 0, 3, 0, 0, 'A', 5, 0, 0, 0, 0),
(445, 59, 14, '2432500', 'C', 0, 0, 3, 0, 0, 'B', 0, 4, 0, 0, 0),
(446, 49, 15, '2432500', 'C', 0, 0, 3, 0, 0, 'B', 0, 4, 0, 0, 0),
(447, 60, 15, '2432500', 'C', 0, 0, 3, 0, 0, 'C', 0, 0, 3, 0, 0),
(448, 61, 15, '2432500', 'B', 0, 4, 0, 0, 0, 'C', 0, 0, 3, 0, 0),
(449, 62, 15, '2432500', 'C', 0, 0, 3, 0, 0, 'B', 0, 4, 0, 0, 0),
(450, 50, 16, '2432500', 'B', 0, 4, 0, 0, 0, 'A', 5, 0, 0, 0, 0),
(451, 64, 16, '2432500', 'C', 0, 0, 3, 0, 0, 'B', 0, 4, 0, 0, 0),
(452, 65, 16, '2432500', 'C', 0, 0, 3, 0, 0, 'B', 0, 4, 0, 0, 0),
(453, 66, 16, '2432500', 'B', 0, 4, 0, 0, 0, 'A', 5, 0, 0, 0, 0),
(454, 52, 17, '2432500', 'C', 0, 0, 3, 0, 0, 'A', 5, 0, 0, 0, 0),
(455, 68, 17, '2432500', 'C', 0, 0, 3, 0, 0, 'B', 0, 4, 0, 0, 0),
(456, 69, 17, '2432500', 'D', 0, 1, 0, 2, 0, 'B', 0, 4, 0, 0, 0),
(457, 70, 17, '2432500', 'C', 0, 0, 3, 0, 0, 'B', 0, 4, 0, 0, 0),
(459, 51, 18, '2432500', 'C', 0, 0, 3, 0, 0, 'B', 0, 4, 0, 0, 0),
(460, 72, 18, '2432500', 'C', 0, 0, 3, 0, 0, 'B', 0, 4, 0, 0, 0),
(461, 73, 18, '2432500', 'C', 0, 0, 3, 0, 0, 'B', 0, 4, 0, 0, 0),
(462, 74, 18, '2432500', 'B', 0, 4, 0, 0, 0, 'C', 0, 0, 3, 0, 0),
(463, 48, 14, '6214330', 'C', 0, 0, 3, 0, 0, 'B', 0, 4, 0, 0, 0),
(464, 56, 14, '6214330', 'B', 0, 4, 0, 0, 0, 'A', 5, 0, 0, 0, 0),
(465, 57, 14, '6214330', 'C', 0, 0, 3, 0, 0, 'A', 5, 0, 0, 0, 0),
(466, 58, 14, '6214330', 'C', 0, 0, 3, 0, 0, 'C', 0, 0, 3, 0, 0),
(467, 59, 14, '6214330', 'C', 0, 0, 3, 0, 0, 'C', 0, 0, 3, 0, 0),
(468, 49, 15, '6214330', 'C', 0, 0, 3, 0, 0, 'B', 0, 4, 0, 0, 0),
(469, 60, 15, '6214330', 'C', 0, 0, 3, 0, 0, 'A', 5, 0, 0, 0, 0),
(470, 61, 15, '6214330', 'C', 0, 0, 3, 0, 0, 'B', 0, 4, 0, 0, 0),
(471, 62, 15, '6214330', 'D', 0, 1, 0, 2, 0, 'B', 0, 4, 0, 0, 0),
(472, 50, 16, '6214330', 'C', 0, 0, 3, 0, 0, 'B', 0, 4, 0, 0, 0),
(473, 64, 16, '6214330', 'C', 0, 0, 3, 0, 0, 'B', 0, 4, 0, 0, 0),
(474, 65, 16, '6214330', 'C', 0, 0, 3, 0, 0, 'B', 0, 4, 0, 0, 0),
(475, 66, 16, '6214330', 'C', 0, 0, 3, 0, 0, 'A', 5, 0, 0, 0, 0),
(476, 52, 17, '6214330', 'B', 0, 4, 0, 0, 0, 'A', 5, 0, 0, 0, 0),
(477, 68, 17, '6214330', 'B', 0, 4, 0, 0, 0, 'A', 5, 0, 0, 0, 0),
(478, 69, 17, '6214330', 'C', 0, 0, 3, 0, 0, 'B', 0, 4, 0, 0, 0),
(479, 70, 17, '6214330', 'C', 0, 0, 3, 0, 0, 'B', 0, 4, 0, 0, 0),
(481, 51, 18, '6214330', 'D', 0, 1, 0, 2, 0, 'B', 0, 4, 0, 0, 0),
(482, 72, 18, '6214330', 'C', 0, 0, 3, 0, 0, 'B', 0, 4, 0, 0, 0),
(483, 73, 18, '6214330', 'B', 0, 4, 0, 0, 0, 'A', 5, 0, 0, 0, 0),
(484, 74, 18, '6214330', 'B', 0, 4, 0, 0, 0, 'A', 5, 0, 0, 0, 0),
(485, 48, 14, '284253', 'C', 0, 0, 3, 0, 0, 'B', 0, 4, 0, 0, 0),
(486, 56, 14, '284253', 'C', 0, 0, 3, 0, 0, 'B', 0, 4, 0, 0, 0),
(487, 57, 14, '284253', 'C', 0, 0, 3, 0, 0, 'B', 0, 4, 0, 0, 0),
(488, 58, 14, '284253', 'C', 0, 0, 3, 0, 0, 'A', 5, 0, 0, 0, 0),
(489, 59, 14, '284253', 'C', 0, 0, 3, 0, 0, 'B', 0, 4, 0, 0, 0),
(490, 49, 15, '284253', 'C', 0, 0, 3, 0, 0, 'B', 0, 4, 0, 0, 0),
(491, 60, 15, '284253', 'B', 0, 4, 0, 0, 0, 'B', 0, 4, 0, 0, 0),
(492, 61, 15, '284253', 'C', 0, 0, 3, 0, 0, 'B', 0, 4, 0, 0, 0),
(493, 62, 15, '284253', 'C', 0, 0, 3, 0, 0, 'B', 0, 4, 0, 0, 0),
(494, 50, 16, '284253', 'C', 0, 0, 3, 0, 0, 'B', 0, 4, 0, 0, 0),
(495, 64, 16, '284253', 'C', 0, 0, 3, 0, 0, 'A', 5, 0, 0, 0, 0),
(496, 65, 16, '284253', 'C', 0, 0, 3, 0, 0, 'B', 0, 4, 0, 0, 0),
(497, 66, 16, '284253', 'C', 0, 0, 3, 0, 0, 'A', 5, 0, 0, 0, 0),
(498, 52, 17, '284253', 'B', 0, 4, 0, 0, 0, 'A', 5, 0, 0, 0, 0),
(499, 68, 17, '284253', 'D', 0, 1, 0, 2, 0, 'B', 0, 4, 0, 0, 0),
(500, 69, 17, '284253', 'C', 0, 0, 3, 0, 0, 'B', 0, 4, 0, 0, 0),
(501, 70, 17, '284253', 'C', 0, 0, 3, 0, 0, 'A', 5, 0, 0, 0, 0),
(503, 51, 18, '284253', 'C', 0, 0, 3, 0, 0, 'B', 0, 4, 0, 0, 0),
(504, 72, 18, '284253', 'C', 0, 0, 3, 0, 0, 'A', 5, 0, 0, 0, 0),
(505, 73, 18, '284253', 'C', 0, 0, 3, 0, 0, 'A', 5, 0, 0, 0, 0),
(506, 74, 18, '284253', 'D', 0, 0, 0, 2, 0, 'A', 5, 0, 0, 0, 0),
(529, 48, 14, '2049575', 'C', 0, 0, 3, 0, 0, 'B', 0, 4, 0, 0, 0),
(530, 56, 14, '2049575', 'C', 0, 0, 3, 0, 0, 'C', 0, 0, 3, 0, 0),
(531, 57, 14, '2049575', 'C', 0, 0, 3, 0, 0, 'B', 0, 4, 0, 0, 0),
(532, 58, 14, '2049575', 'B', 0, 4, 0, 0, 0, 'B', 0, 4, 0, 0, 0),
(533, 59, 14, '2049575', 'B', 0, 4, 0, 0, 0, 'A', 5, 0, 0, 0, 0),
(534, 49, 15, '2049575', 'B', 0, 4, 0, 0, 0, 'A', 5, 0, 0, 0, 0),
(535, 60, 15, '2049575', 'C', 0, 0, 3, 0, 0, 'B', 0, 4, 0, 0, 0),
(536, 61, 15, '2049575', 'B', 0, 4, 0, 0, 0, 'A', 5, 0, 0, 0, 0),
(537, 62, 15, '2049575', 'B', 0, 4, 0, 0, 0, 'A', 5, 0, 0, 0, 0),
(538, 50, 16, '2049575', 'C', 0, 0, 3, 0, 0, 'B', 0, 4, 0, 0, 0),
(539, 64, 16, '2049575', 'C', 0, 0, 3, 0, 0, 'B', 0, 4, 0, 0, 0),
(540, 65, 16, '2049575', 'A', 5, 0, 0, 0, 0, 'B', 0, 4, 0, 0, 0),
(541, 66, 16, '2049575', 'C', 0, 0, 3, 0, 0, 'B', 0, 4, 0, 0, 0),
(542, 52, 17, '2049575', 'C', 0, 0, 3, 0, 0, 'B', 0, 4, 0, 0, 0),
(543, 68, 17, '2049575', 'C', 0, 0, 3, 0, 0, 'A', 5, 0, 0, 0, 0),
(544, 69, 17, '2049575', 'C', 0, 0, 3, 0, 0, 'B', 0, 4, 0, 0, 0),
(545, 70, 17, '2049575', 'C', 0, 0, 3, 0, 0, 'C', 0, 0, 3, 0, 0),
(547, 51, 18, '2049575', 'B', 0, 4, 0, 0, 0, 'A', 5, 0, 0, 0, 0),
(548, 72, 18, '2049575', 'C', 0, 0, 3, 0, 0, 'A', 5, 0, 0, 0, 0),
(549, 73, 18, '2049575', 'B', 0, 4, 0, 0, 0, 'A', 5, 0, 0, 0, 0),
(550, 74, 18, '2049575', 'C', 0, 0, 3, 0, 0, 'B', 0, 4, 0, 0, 0),
(551, 48, 14, '5764133', 'C', 0, 0, 3, 0, 0, 'B', 0, 4, 0, 0, 0),
(552, 56, 14, '5764133', 'A', 5, 0, 0, 0, 0, 'C', 0, 0, 3, 0, 0),
(553, 57, 14, '5764133', 'B', 0, 4, 0, 0, 0, 'C', 0, 0, 3, 0, 0),
(554, 58, 14, '5764133', 'A', 5, 0, 0, 0, 0, 'C', 0, 0, 3, 0, 0),
(555, 59, 14, '5764133', 'B', 0, 4, 0, 0, 0, 'C', 0, 0, 3, 0, 0),
(556, 49, 15, '5764133', 'B', 0, 4, 0, 0, 0, 'A', 5, 0, 0, 0, 0),
(557, 60, 15, '5764133', 'C', 0, 0, 3, 0, 0, 'B', 0, 4, 0, 0, 0),
(558, 61, 15, '5764133', 'B', 0, 4, 0, 0, 0, 'C', 0, 0, 3, 0, 0),
(559, 62, 15, '5764133', 'A', 5, 0, 0, 0, 0, 'B', 0, 4, 0, 0, 0),
(560, 50, 16, '5764133', 'B', 0, 4, 0, 0, 0, 'B', 0, 4, 0, 0, 0),
(561, 64, 16, '5764133', 'B', 0, 4, 0, 0, 0, 'A', 5, 0, 0, 0, 0),
(562, 65, 16, '5764133', 'C', 0, 0, 3, 0, 0, 'C', 0, 0, 3, 0, 0),
(563, 66, 16, '5764133', 'B', 0, 4, 0, 0, 0, 'B', 0, 4, 0, 0, 0),
(564, 52, 17, '5764133', 'C', 0, 0, 3, 0, 0, 'A', 5, 0, 0, 0, 0),
(565, 68, 17, '5764133', 'B', 0, 4, 0, 0, 0, 'C', 0, 0, 3, 0, 0),
(566, 69, 17, '5764133', 'A', 5, 0, 0, 0, 0, 'C', 0, 0, 3, 0, 0),
(567, 70, 17, '5764133', 'B', 0, 4, 0, 0, 0, 'C', 0, 0, 3, 0, 0),
(568, 51, 18, '5764133', 'C', 0, 0, 3, 0, 0, 'B', 0, 4, 0, 0, 0),
(569, 72, 18, '5764133', 'B', 0, 4, 0, 0, 0, 'A', 5, 0, 0, 0, 0),
(570, 73, 18, '5764133', 'C', 0, 0, 3, 0, 0, 'B', 0, 4, 0, 0, 0),
(571, 74, 18, '5764133', 'B', 0, 4, 0, 0, 0, 'C', 0, 0, 3, 0, 0),
(572, 48, 14, '9614167', 'A', 5, 0, 0, 0, 0, 'A', 5, 0, 0, 0, 0),
(573, 56, 14, '9614167', 'B', 0, 4, 0, 0, 0, 'A', 5, 0, 0, 0, 0),
(574, 57, 14, '9614167', 'B', 0, 4, 0, 0, 0, 'A', 5, 0, 0, 0, 0),
(575, 58, 14, '9614167', 'B', 0, 4, 0, 0, 0, 'A', 5, 0, 0, 0, 0),
(576, 59, 14, '9614167', 'C', 0, 0, 3, 0, 0, 'B', 0, 4, 0, 0, 0),
(577, 49, 15, '9614167', 'C', 0, 0, 3, 0, 0, 'A', 5, 0, 0, 0, 0),
(578, 60, 15, '9614167', 'B', 0, 4, 0, 0, 0, 'A', 5, 0, 0, 0, 0),
(579, 61, 15, '9614167', 'B', 0, 4, 0, 0, 0, 'A', 5, 0, 0, 0, 0),
(580, 62, 15, '9614167', 'C', 0, 0, 3, 0, 0, 'A', 5, 0, 0, 0, 0),
(581, 50, 16, '9614167', 'C', 0, 0, 3, 0, 0, 'A', 5, 0, 0, 0, 0),
(582, 64, 16, '9614167', 'B', 0, 4, 0, 0, 0, 'A', 5, 0, 0, 0, 0),
(583, 65, 16, '9614167', 'B', 0, 4, 0, 0, 0, 'A', 5, 0, 0, 0, 0),
(584, 66, 16, '9614167', 'B', 0, 4, 0, 0, 0, 'A', 5, 0, 0, 0, 0),
(585, 52, 17, '9614167', 'C', 0, 0, 3, 0, 0, 'A', 5, 0, 0, 0, 0),
(586, 68, 17, '9614167', 'B', 0, 4, 0, 0, 0, 'A', 5, 0, 0, 0, 0),
(587, 69, 17, '9614167', 'C', 0, 0, 3, 0, 0, 'A', 5, 0, 0, 0, 0),
(588, 70, 17, '9614167', 'B', 0, 4, 0, 0, 0, 'C', 0, 0, 3, 0, 0),
(589, 51, 18, '9614167', 'B', 0, 4, 0, 0, 0, 'A', 5, 0, 0, 0, 0),
(590, 72, 18, '9614167', 'C', 0, 0, 3, 0, 0, 'B', 0, 4, 0, 0, 0),
(591, 73, 18, '9614167', 'B', 0, 4, 0, 0, 0, 'A', 5, 0, 0, 0, 0),
(592, 74, 18, '9614167', 'C', 0, 0, 3, 0, 0, 'A', 5, 0, 0, 0, 0),
(593, 48, 14, '4093956', 'B', 0, 4, 0, 0, 0, 'B', 0, 4, 0, 0, 0),
(594, 56, 14, '4093956', 'B', 0, 4, 0, 0, 0, 'C', 0, 0, 3, 0, 0),
(595, 57, 14, '4093956', 'C', 0, 0, 3, 0, 0, 'B', 0, 4, 0, 0, 0),
(596, 58, 14, '4093956', 'B', 0, 4, 0, 0, 0, 'B', 0, 4, 0, 0, 0),
(597, 59, 14, '4093956', 'B', 0, 4, 0, 0, 0, 'C', 0, 0, 3, 0, 0),
(598, 49, 15, '4093956', 'B', 0, 4, 0, 0, 0, 'C', 0, 0, 3, 0, 0),
(599, 60, 15, '4093956', 'B', 0, 4, 0, 0, 0, 'B', 0, 4, 0, 0, 0),
(600, 61, 15, '4093956', 'C', 0, 0, 3, 0, 0, 'B', 0, 4, 0, 0, 0),
(601, 62, 15, '4093956', 'C', 0, 0, 3, 0, 0, 'B', 0, 4, 0, 0, 0),
(602, 50, 16, '4093956', 'C', 0, 0, 3, 0, 0, 'B', 0, 4, 0, 0, 0),
(603, 64, 16, '4093956', 'C', 0, 0, 3, 0, 0, 'B', 0, 4, 0, 0, 0),
(604, 65, 16, '4093956', 'C', 0, 0, 3, 0, 0, 'B', 0, 4, 0, 0, 0),
(605, 66, 16, '4093956', 'B', 0, 4, 0, 0, 0, 'C', 0, 0, 3, 0, 0),
(606, 52, 17, '4093956', 'C', 0, 0, 3, 0, 0, 'B', 0, 4, 0, 0, 0),
(607, 68, 17, '4093956', 'C', 0, 0, 3, 0, 0, 'B', 0, 4, 0, 0, 0),
(608, 69, 17, '4093956', 'B', 0, 4, 0, 0, 0, 'C', 0, 0, 3, 0, 0),
(609, 70, 17, '4093956', 'B', 0, 4, 0, 0, 0, 'C', 0, 0, 3, 0, 0),
(610, 51, 18, '4093956', 'B', 0, 4, 0, 0, 0, 'C', 0, 0, 3, 0, 0),
(611, 72, 18, '4093956', 'C', 0, 0, 3, 0, 0, 'A', 5, 0, 0, 0, 0),
(612, 73, 18, '4093956', 'C', 0, 0, 3, 0, 0, 'B', 0, 4, 0, 0, 0),
(613, 74, 18, '4093956', 'B', 0, 4, 0, 0, 0, 'C', 0, 0, 3, 0, 0),
(614, 48, 14, '9784050', 'C', 0, 0, 3, 0, 0, 'B', 0, 4, 0, 0, 0),
(615, 56, 14, '9784050', 'B', 0, 4, 0, 0, 0, 'C', 0, 0, 3, 0, 0),
(616, 57, 14, '9784050', 'B', 0, 4, 0, 0, 0, 'A', 5, 0, 0, 0, 0),
(617, 58, 14, '9784050', 'C', 0, 0, 3, 0, 0, 'B', 0, 4, 0, 0, 0),
(618, 59, 14, '9784050', 'B', 0, 4, 0, 0, 0, 'C', 0, 0, 3, 0, 0),
(619, 49, 15, '9784050', 'B', 0, 4, 0, 0, 0, 'C', 0, 0, 3, 0, 0),
(620, 60, 15, '9784050', 'C', 0, 0, 3, 0, 0, 'B', 0, 4, 0, 0, 0),
(621, 61, 15, '9784050', 'B', 0, 4, 0, 0, 0, 'C', 0, 0, 3, 0, 0),
(622, 62, 15, '9784050', 'C', 0, 0, 3, 0, 0, 'B', 0, 4, 0, 0, 0),
(623, 50, 16, '9784050', 'B', 0, 4, 0, 0, 0, 'C', 0, 0, 3, 0, 0),
(624, 64, 16, '9784050', 'B', 0, 4, 0, 0, 0, 'C', 0, 0, 3, 0, 0),
(625, 65, 16, '9784050', 'B', 0, 4, 0, 0, 0, 'C', 0, 0, 3, 0, 0),
(626, 66, 16, '9784050', 'B', 0, 4, 0, 0, 0, 'C', 0, 0, 3, 0, 0),
(627, 52, 17, '9784050', 'B', 0, 4, 0, 0, 0, 'C', 0, 0, 3, 0, 0),
(628, 68, 17, '9784050', 'B', 0, 4, 0, 0, 0, 'A', 5, 0, 0, 0, 0),
(629, 69, 17, '9784050', 'C', 0, 0, 3, 0, 0, 'B', 0, 4, 0, 0, 0),
(630, 70, 17, '9784050', 'B', 0, 4, 0, 0, 0, 'C', 0, 0, 3, 0, 0),
(631, 51, 18, '9784050', 'B', 0, 4, 0, 0, 0, 'C', 0, 0, 3, 0, 0),
(632, 72, 18, '9784050', 'A', 5, 0, 0, 0, 0, 'B', 0, 4, 0, 0, 0),
(633, 73, 18, '9784050', 'B', 0, 4, 0, 0, 0, 'C', 0, 0, 3, 0, 0),
(634, 74, 18, '9784050', 'C', 0, 0, 3, 0, 0, 'B', 0, 4, 0, 0, 0),
(635, 48, 14, '1422830', 'A', 5, 0, 0, 0, 0, 'A', 5, 0, 0, 0, 0),
(636, 56, 14, '1422830', 'B', 0, 4, 0, 0, 0, 'A', 5, 0, 0, 0, 0),
(637, 57, 14, '1422830', 'B', 0, 4, 0, 0, 0, 'A', 5, 0, 0, 0, 0),
(638, 58, 14, '1422830', 'A', 5, 0, 0, 0, 0, 'A', 5, 0, 0, 0, 0),
(639, 59, 14, '1422830', 'A', 5, 0, 0, 0, 0, 'A', 5, 0, 0, 0, 0),
(640, 49, 15, '1422830', 'A', 5, 0, 0, 0, 0, 'A', 5, 0, 0, 0, 0),
(641, 60, 15, '1422830', 'A', 5, 0, 0, 0, 0, 'B', 0, 4, 0, 0, 0),
(642, 61, 15, '1422830', 'A', 5, 0, 0, 0, 0, 'B', 0, 4, 0, 0, 0),
(643, 62, 15, '1422830', 'B', 0, 4, 0, 0, 0, 'A', 5, 0, 0, 0, 0),
(644, 50, 16, '1422830', 'A', 5, 0, 0, 0, 0, 'B', 0, 4, 0, 0, 0),
(645, 64, 16, '1422830', 'A', 5, 0, 0, 0, 0, 'A', 5, 0, 0, 0, 0),
(646, 65, 16, '1422830', 'A', 5, 0, 0, 0, 0, 'B', 0, 4, 0, 0, 0),
(647, 66, 16, '1422830', 'A', 5, 0, 0, 0, 0, 'B', 0, 4, 0, 0, 0),
(648, 52, 17, '1422830', 'B', 0, 4, 0, 0, 0, 'A', 5, 0, 0, 0, 0),
(649, 68, 17, '1422830', 'A', 5, 0, 0, 0, 0, 'B', 0, 4, 0, 0, 0),
(650, 69, 17, '1422830', 'A', 5, 0, 0, 0, 0, 'A', 5, 0, 0, 0, 0),
(651, 70, 17, '1422830', 'B', 0, 4, 0, 0, 0, 'A', 5, 0, 0, 0, 0),
(652, 51, 18, '1422830', 'B', 0, 4, 0, 0, 0, 'A', 5, 0, 0, 0, 0),
(653, 72, 18, '1422830', 'B', 0, 4, 0, 0, 0, 'A', 5, 0, 0, 0, 0),
(654, 73, 18, '1422830', 'A', 5, 0, 0, 0, 0, 'B', 0, 4, 0, 0, 0),
(655, 74, 18, '1422830', 'A', 5, 0, 0, 0, 0, 'C', 0, 0, 3, 0, 0),
(656, 48, 14, '8205539', 'B', 0, 4, 0, 0, 0, 'B', 0, 4, 0, 0, 0),
(657, 56, 14, '8205539', 'B', 0, 4, 0, 0, 0, 'D', 0, 0, 0, 2, 0),
(658, 57, 14, '8205539', 'C', 0, 0, 3, 0, 0, 'C', 0, 0, 3, 0, 0),
(659, 58, 14, '8205539', 'C', 0, 0, 3, 0, 0, 'C', 0, 0, 3, 0, 0),
(660, 59, 14, '8205539', 'B', 0, 4, 0, 0, 0, 'D', 0, 0, 0, 2, 0),
(661, 49, 15, '8205539', 'B', 0, 4, 0, 0, 0, 'A', 5, 0, 0, 0, 0),
(662, 60, 15, '8205539', 'B', 0, 4, 0, 0, 0, 'A', 5, 0, 0, 0, 0),
(663, 61, 15, '8205539', 'B', 0, 4, 0, 0, 0, 'C', 0, 0, 3, 0, 0),
(664, 62, 15, '8205539', 'B', 0, 4, 0, 0, 0, 'C', 0, 0, 3, 0, 0),
(665, 50, 16, '8205539', 'B', 0, 4, 0, 0, 0, 'C', 0, 0, 3, 0, 0),
(666, 64, 16, '8205539', 'C', 0, 0, 3, 0, 0, 'D', 0, 0, 0, 2, 0),
(667, 65, 16, '8205539', 'B', 0, 4, 0, 0, 0, 'C', 0, 0, 3, 0, 0),
(668, 66, 16, '8205539', 'C', 0, 0, 3, 0, 0, 'B', 0, 4, 0, 0, 0),
(669, 52, 17, '8205539', 'B', 0, 4, 0, 0, 0, 'C', 0, 0, 3, 0, 0),
(670, 68, 17, '8205539', 'B', 0, 4, 0, 0, 0, 'A', 5, 0, 0, 0, 0),
(671, 69, 17, '8205539', 'A', 5, 0, 0, 0, 0, 'B', 0, 4, 0, 0, 0),
(672, 70, 17, '8205539', 'C', 0, 0, 3, 0, 0, 'B', 0, 4, 0, 0, 0),
(673, 51, 18, '8205539', 'C', 0, 0, 3, 0, 0, 'D', 0, 0, 0, 2, 0),
(674, 72, 18, '8205539', 'C', 0, 0, 0, 0, 1, '', 0, 0, 0, 0, 1),
(675, 73, 18, '8205539', 'C', 0, 0, 3, 0, 0, 'B', 0, 4, 0, 0, 0),
(676, 74, 18, '8205539', 'A', 5, 0, 0, 0, 0, 'C', 0, 0, 3, 0, 0),
(677, 48, 14, '7983611', 'B', 0, 4, 0, 0, 0, 'C', 0, 0, 3, 0, 0),
(678, 56, 14, '7983611', 'B', 0, 0, 0, 0, 1, '', 0, 0, 0, 0, 1),
(679, 57, 14, '7983611', 'C', 0, 0, 3, 0, 0, 'A', 5, 0, 0, 0, 0),
(680, 58, 14, '7983611', 'C', 0, 0, 3, 0, 0, 'B', 0, 4, 0, 0, 0),
(681, 59, 14, '7983611', 'B', 0, 4, 0, 0, 0, 'C', 0, 0, 3, 0, 0),
(682, 49, 15, '7983611', 'A', 5, 0, 0, 0, 0, 'B', 0, 4, 0, 0, 0),
(683, 60, 15, '7983611', 'B', 0, 4, 0, 0, 0, 'C', 0, 0, 3, 0, 0),
(684, 61, 15, '7983611', 'B', 0, 4, 0, 0, 0, 'A', 5, 0, 0, 0, 0),
(685, 62, 15, '7983611', 'B', 0, 4, 0, 0, 0, 'C', 0, 0, 3, 0, 0),
(686, 50, 16, '7983611', 'B', 0, 4, 0, 0, 0, 'A', 5, 0, 0, 0, 0),
(687, 64, 16, '7983611', 'B', 0, 4, 0, 0, 0, 'C', 0, 0, 3, 0, 0),
(688, 65, 16, '7983611', 'B', 0, 4, 0, 0, 0, 'C', 0, 0, 3, 0, 0),
(689, 66, 16, '7983611', 'B', 0, 4, 0, 0, 0, 'C', 0, 0, 3, 0, 0),
(690, 52, 17, '7983611', 'B', 0, 4, 0, 0, 0, 'C', 0, 0, 3, 0, 0),
(691, 68, 17, '7983611', 'B', 0, 4, 0, 0, 0, 'C', 0, 0, 3, 0, 0),
(692, 69, 17, '7983611', 'B', 0, 4, 0, 0, 0, 'A', 5, 0, 0, 0, 0),
(693, 70, 17, '7983611', 'C', 0, 0, 3, 0, 0, 'B', 0, 4, 0, 0, 0),
(694, 51, 18, '7983611', 'C', 0, 0, 3, 0, 0, 'B', 0, 4, 0, 0, 0),
(695, 72, 18, '7983611', 'C', 0, 0, 3, 0, 0, 'B', 0, 4, 0, 0, 0),
(696, 73, 18, '7983611', 'C', 0, 0, 3, 0, 0, 'A', 5, 0, 0, 0, 0),
(697, 74, 18, '7983611', 'C', 0, 0, 3, 0, 0, 'B', 0, 4, 0, 0, 0),
(698, 48, 14, '1437515', 'B', 0, 4, 0, 0, 0, 'A', 5, 0, 0, 0, 0),
(699, 56, 14, '1437515', 'A', 5, 0, 0, 0, 0, 'B', 0, 4, 0, 0, 0),
(700, 57, 14, '1437515', 'A', 5, 0, 0, 0, 0, 'B', 0, 4, 0, 0, 0),
(701, 58, 14, '1437515', 'B', 0, 4, 0, 0, 0, 'A', 5, 0, 0, 0, 0),
(702, 59, 14, '1437515', 'A', 5, 0, 0, 0, 0, 'A', 5, 0, 0, 0, 0),
(703, 49, 15, '1437515', 'B', 0, 4, 0, 0, 0, 'A', 5, 0, 0, 0, 0),
(704, 60, 15, '1437515', 'A', 5, 0, 0, 0, 0, 'A', 5, 0, 0, 0, 0),
(705, 61, 15, '1437515', 'B', 0, 4, 0, 0, 0, 'A', 5, 0, 0, 0, 0),
(706, 62, 15, '1437515', 'A', 5, 0, 0, 0, 0, 'B', 0, 4, 0, 0, 0),
(707, 50, 16, '1437515', 'B', 0, 4, 0, 0, 0, 'A', 5, 0, 0, 0, 0),
(708, 64, 16, '1437515', 'A', 5, 0, 0, 0, 0, 'B', 0, 4, 0, 0, 0),
(709, 65, 16, '1437515', 'B', 0, 4, 0, 0, 0, 'A', 5, 0, 0, 0, 0),
(710, 66, 16, '1437515', 'A', 5, 0, 0, 0, 0, 'B', 0, 4, 0, 0, 0),
(711, 52, 17, '1437515', 'B', 0, 4, 0, 0, 0, 'A', 5, 0, 0, 0, 0),
(712, 68, 17, '1437515', 'A', 5, 0, 0, 0, 0, 'B', 0, 4, 0, 0, 0),
(713, 69, 17, '1437515', 'B', 0, 4, 0, 0, 0, 'A', 5, 0, 0, 0, 0),
(714, 70, 17, '1437515', 'B', 0, 4, 0, 0, 0, 'A', 5, 0, 0, 0, 0),
(715, 51, 18, '1437515', 'B', 0, 4, 0, 0, 0, 'A', 5, 0, 0, 0, 0),
(716, 72, 18, '1437515', 'B', 0, 4, 0, 0, 0, 'A', 5, 0, 0, 0, 0),
(717, 73, 18, '1437515', 'B', 0, 4, 0, 0, 0, 'A', 5, 0, 0, 0, 0),
(718, 74, 18, '1437515', 'A', 5, 0, 0, 0, 0, 'B', 0, 4, 0, 0, 0),
(719, 48, 14, '5042573', 'B', 0, 4, 0, 0, 0, 'A', 5, 0, 0, 0, 0),
(720, 56, 14, '5042573', 'B', 0, 4, 0, 0, 0, 'C', 0, 0, 3, 0, 0),
(721, 57, 14, '5042573', 'A', 5, 0, 0, 0, 0, 'B', 0, 4, 0, 0, 0),
(722, 58, 14, '5042573', 'B', 0, 4, 0, 0, 0, 'B', 0, 4, 0, 0, 0),
(723, 59, 14, '5042573', 'B', 0, 4, 0, 0, 0, 'C', 0, 0, 3, 0, 0),
(724, 49, 15, '5042573', 'B', 0, 4, 0, 0, 0, 'C', 0, 0, 3, 0, 0),
(725, 60, 15, '5042573', 'B', 0, 4, 0, 0, 0, 'A', 5, 0, 0, 0, 0),
(726, 61, 15, '5042573', 'B', 0, 4, 0, 0, 0, 'C', 0, 0, 3, 0, 0),
(727, 62, 15, '5042573', 'D', 0, 0, 0, 2, 0, 'C', 0, 0, 3, 0, 0),
(728, 50, 16, '5042573', 'B', 0, 4, 0, 0, 0, 'C', 0, 0, 3, 0, 0),
(729, 64, 16, '5042573', 'B', 0, 4, 0, 0, 0, 'A', 5, 0, 0, 0, 0),
(730, 65, 16, '5042573', 'B', 0, 4, 0, 0, 0, 'A', 5, 0, 0, 0, 0),
(731, 66, 16, '5042573', 'B', 0, 4, 0, 0, 0, 'C', 0, 0, 3, 0, 0),
(732, 52, 17, '5042573', 'D', 0, 0, 0, 2, 0, 'C', 0, 0, 3, 0, 0),
(733, 68, 17, '5042573', 'B', 0, 4, 0, 0, 0, 'C', 0, 0, 3, 0, 0),
(734, 69, 17, '5042573', 'C', 0, 0, 3, 0, 0, 'B', 0, 4, 0, 0, 0),
(735, 70, 17, '5042573', 'B', 0, 4, 0, 0, 0, 'A', 5, 0, 0, 0, 0),
(736, 51, 18, '5042573', 'B', 0, 4, 0, 0, 0, 'A', 5, 0, 0, 0, 0),
(737, 72, 18, '5042573', 'B', 0, 4, 0, 0, 0, 'C', 0, 0, 3, 0, 0),
(738, 73, 18, '5042573', 'A', 5, 0, 0, 0, 0, 'B', 0, 4, 0, 0, 0),
(739, 74, 18, '5042573', 'C', 0, 0, 3, 0, 0, 'B', 0, 4, 0, 0, 0),
(740, 48, 14, '1203919', 'B', 0, 4, 0, 0, 0, 'A', 5, 0, 0, 0, 0),
(741, 56, 14, '1203919', 'C', 0, 0, 3, 0, 0, 'B', 0, 4, 0, 0, 0),
(742, 57, 14, '1203919', 'A', 5, 0, 0, 0, 0, 'B', 0, 4, 0, 0, 0),
(743, 58, 14, '1203919', 'C', 0, 0, 3, 0, 0, 'A', 5, 0, 0, 0, 0),
(744, 59, 14, '1203919', 'C', 0, 0, 3, 0, 0, 'C', 0, 0, 3, 0, 0),
(745, 49, 15, '1203919', 'B', 0, 0, 0, 0, 1, '', 0, 0, 0, 0, 1),
(746, 60, 15, '1203919', 'C', 0, 0, 3, 0, 0, 'B', 0, 4, 0, 0, 0),
(747, 61, 15, '1203919', 'C', 0, 0, 3, 0, 0, 'B', 0, 4, 0, 0, 0),
(748, 62, 15, '1203919', 'B', 0, 4, 0, 0, 0, 'A', 5, 0, 0, 0, 0),
(749, 50, 16, '1203919', 'D', 0, 1, 0, 2, 0, 'B', 0, 4, 0, 0, 0),
(750, 64, 16, '1203919', 'C', 0, 0, 3, 0, 0, 'B', 0, 4, 0, 0, 0),
(751, 65, 16, '1203919', 'D', 0, 0, 0, 2, 0, 'C', 0, 0, 3, 0, 0),
(752, 66, 16, '1203919', 'C', 0, 0, 3, 0, 0, 'B', 0, 4, 0, 0, 0),
(753, 52, 17, '1203919', 'B', 0, 4, 0, 0, 0, 'A', 5, 0, 0, 0, 0),
(754, 68, 17, '1203919', 'C', 0, 0, 3, 0, 0, 'B', 0, 4, 0, 0, 0),
(755, 69, 17, '1203919', 'C', 0, 0, 3, 0, 0, 'A', 5, 0, 0, 0, 0),
(756, 70, 17, '1203919', 'C', 0, 0, 3, 0, 0, 'B', 0, 4, 0, 0, 0),
(757, 51, 18, '1203919', 'C', 0, 0, 3, 0, 0, 'B', 0, 4, 0, 0, 0),
(758, 72, 18, '1203919', 'C', 0, 0, 3, 0, 0, 'B', 0, 4, 0, 0, 0),
(759, 73, 18, '1203919', 'D', 0, 0, 0, 2, 0, 'C', 0, 0, 3, 0, 0),
(760, 74, 18, '1203919', 'C', 0, 0, 3, 0, 0, 'B', 0, 4, 0, 0, 0),
(828, 48, 14, '7750886', 'A', 5, 0, 0, 0, 0, 'D', 0, 0, 0, 2, 0),
(829, 56, 14, '7750886', 'B', 0, 4, 0, 0, 0, 'D', 0, 0, 0, 2, 0),
(830, 57, 14, '7750886', 'A', 5, 0, 0, 0, 0, 'E', 0, 0, 0, 0, 1),
(831, 58, 14, '7750886', 'A', 5, 0, 0, 0, 0, 'D', 0, 0, 0, 2, 0),
(832, 59, 14, '7750886', 'A', 5, 0, 0, 0, 0, 'D', 0, 0, 0, 2, 0),
(833, 49, 15, '7750886', 'B', 0, 4, 0, 0, 0, 'E', 0, 0, 0, 0, 1),
(834, 60, 15, '7750886', 'A', 5, 0, 0, 0, 0, 'E', 0, 0, 0, 0, 1),
(835, 61, 15, '7750886', 'B', 0, 4, 0, 0, 0, 'E', 0, 0, 0, 0, 1),
(836, 62, 15, '7750886', 'B', 0, 4, 0, 0, 0, 'E', 0, 0, 0, 0, 1),
(837, 50, 16, '7750886', 'A', 5, 0, 0, 0, 0, 'E', 0, 0, 0, 0, 1),
(838, 64, 16, '7750886', 'A', 5, 0, 0, 0, 0, 'D', 0, 0, 0, 2, 0),
(839, 65, 16, '7750886', 'B', 0, 4, 0, 0, 0, 'E', 0, 0, 0, 0, 1),
(840, 66, 16, '7750886', 'A', 5, 0, 0, 0, 0, 'E', 0, 0, 0, 0, 1),
(841, 52, 17, '7750886', 'A', 5, 0, 0, 0, 0, 'D', 0, 0, 0, 2, 0),
(842, 68, 17, '7750886', 'A', 5, 0, 0, 0, 0, 'E', 0, 0, 0, 0, 1),
(843, 69, 17, '7750886', 'A', 5, 0, 0, 0, 0, 'D', 0, 0, 0, 2, 0),
(844, 70, 17, '7750886', 'A', 5, 0, 0, 0, 0, 'E', 0, 0, 0, 0, 1),
(845, 51, 18, '7750886', 'A', 5, 0, 0, 0, 0, 'D', 0, 0, 0, 2, 0),
(846, 72, 18, '7750886', 'A', 5, 0, 0, 0, 0, 'D', 0, 0, 0, 2, 0),
(847, 73, 18, '7750886', 'A', 5, 0, 0, 0, 0, 'D', 0, 0, 0, 2, 0),
(848, 74, 18, '7750886', 'A', 5, 0, 0, 0, 0, 'E', 0, 0, 0, 0, 1),
(849, 48, 14, '5055153', 'A', 5, 0, 0, 0, 0, 'E', 0, 0, 0, 0, 1),
(850, 56, 14, '5055153', 'B', 0, 4, 0, 0, 0, 'E', 0, 0, 0, 0, 1),
(851, 57, 14, '5055153', 'A', 5, 0, 0, 0, 0, 'D', 0, 0, 0, 2, 0),
(852, 58, 14, '5055153', 'B', 0, 4, 0, 0, 0, 'E', 0, 0, 0, 0, 1),
(853, 59, 14, '5055153', 'A', 5, 0, 0, 0, 0, 'D', 0, 0, 0, 2, 0),
(854, 49, 15, '5055153', 'A', 5, 0, 0, 0, 0, 'E', 0, 0, 0, 0, 1),
(855, 60, 15, '5055153', 'B', 0, 4, 0, 0, 0, 'E', 0, 0, 0, 0, 1),
(856, 61, 15, '5055153', 'B', 0, 4, 0, 0, 0, 'E', 0, 0, 0, 0, 1),
(857, 62, 15, '5055153', 'A', 5, 0, 0, 0, 0, 'D', 0, 0, 0, 2, 0),
(858, 50, 16, '5055153', 'A', 5, 0, 0, 0, 0, 'E', 0, 0, 0, 0, 1),
(859, 64, 16, '5055153', 'B', 0, 4, 0, 0, 0, 'E', 0, 0, 0, 0, 1),
(860, 65, 16, '5055153', 'B', 0, 4, 0, 0, 0, 'E', 0, 0, 0, 0, 1),
(861, 66, 16, '5055153', 'A', 5, 0, 0, 0, 0, 'E', 0, 0, 0, 0, 1),
(862, 52, 17, '5055153', 'B', 0, 4, 0, 0, 0, 'D', 0, 0, 0, 2, 0),
(863, 68, 17, '5055153', 'A', 5, 0, 0, 0, 0, 'E', 0, 0, 0, 0, 1),
(864, 69, 17, '5055153', 'A', 5, 0, 0, 0, 0, 'E', 0, 0, 0, 0, 1),
(865, 70, 17, '5055153', 'A', 5, 0, 0, 0, 0, 'E', 0, 0, 0, 0, 1),
(866, 51, 18, '5055153', 'A', 5, 0, 0, 0, 0, 'E', 0, 0, 0, 0, 1),
(867, 72, 18, '5055153', 'B', 0, 4, 0, 0, 0, 'E', 0, 0, 0, 0, 1),
(868, 73, 18, '5055153', 'A', 5, 0, 0, 0, 0, 'D', 0, 0, 0, 2, 0),
(869, 74, 18, '5055153', 'B', 0, 4, 0, 0, 0, 'E', 0, 0, 0, 0, 1),
(870, 48, 14, '58805', 'B', 0, 4, 0, 0, 0, 'E', 0, 0, 0, 0, 1),
(871, 56, 14, '58805', 'A', 5, 0, 0, 0, 0, 'E', 0, 0, 0, 0, 1),
(872, 57, 14, '58805', 'A', 5, 0, 0, 0, 0, 'E', 0, 0, 0, 0, 1),
(873, 58, 14, '58805', 'B', 0, 4, 0, 0, 0, 'E', 0, 0, 0, 0, 1),
(874, 59, 14, '58805', 'A', 5, 0, 0, 0, 0, 'E', 0, 0, 0, 0, 1),
(875, 49, 15, '58805', 'A', 5, 0, 0, 0, 0, 'D', 0, 0, 0, 2, 0),
(876, 60, 15, '58805', 'B', 0, 4, 0, 0, 0, 'E', 0, 0, 0, 0, 1),
(877, 61, 15, '58805', 'A', 5, 0, 0, 0, 0, 'E', 0, 0, 0, 0, 1),
(878, 62, 15, '58805', 'B', 0, 4, 0, 0, 0, 'E', 0, 0, 0, 0, 1),
(879, 50, 16, '58805', 'A', 5, 0, 0, 0, 0, 'E', 0, 0, 0, 0, 1),
(880, 64, 16, '58805', 'B', 0, 4, 0, 0, 0, 'E', 0, 0, 0, 0, 1),
(881, 65, 16, '58805', 'B', 0, 4, 0, 0, 0, 'E', 0, 0, 0, 0, 1),
(882, 66, 16, '58805', 'A', 5, 0, 0, 0, 0, 'E', 0, 0, 0, 0, 1),
(883, 52, 17, '58805', 'C', 0, 0, 3, 0, 0, 'E', 0, 0, 0, 0, 1),
(884, 68, 17, '58805', 'B', 0, 4, 0, 0, 0, 'D', 0, 0, 0, 2, 0),
(885, 69, 17, '58805', 'A', 5, 0, 0, 0, 0, 'D', 0, 0, 0, 2, 0),
(886, 70, 17, '58805', 'A', 5, 0, 0, 0, 0, 'D', 0, 0, 0, 2, 0),
(887, 51, 18, '58805', 'C', 0, 0, 3, 0, 0, 'E', 0, 0, 0, 0, 1),
(888, 72, 18, '58805', 'B', 0, 4, 0, 0, 0, 'E', 0, 0, 0, 0, 1),
(889, 73, 18, '58805', 'A', 5, 0, 0, 0, 0, 'D', 0, 0, 0, 2, 0),
(890, 74, 18, '58805', 'B', 0, 4, 0, 0, 0, 'E', 0, 0, 0, 0, 1),
(891, 48, 14, '5789720', 'B', 0, 4, 0, 0, 0, 'E', 0, 0, 0, 0, 1),
(892, 56, 14, '5789720', 'A', 5, 0, 0, 0, 0, 'E', 0, 0, 0, 0, 1),
(893, 57, 14, '5789720', 'C', 0, 0, 3, 0, 0, 'E', 0, 0, 0, 0, 1),
(894, 58, 14, '5789720', 'B', 0, 4, 0, 0, 0, 'E', 0, 0, 0, 0, 1),
(895, 59, 14, '5789720', 'A', 5, 0, 0, 0, 0, 'E', 0, 0, 0, 0, 1),
(896, 49, 15, '5789720', 'A', 5, 0, 0, 0, 0, 'D', 0, 0, 0, 2, 0),
(897, 60, 15, '5789720', 'B', 0, 4, 0, 0, 0, 'E', 0, 0, 0, 0, 1),
(898, 61, 15, '5789720', 'B', 0, 4, 0, 0, 0, 'D', 0, 0, 0, 2, 0),
(899, 62, 15, '5789720', 'B', 0, 4, 0, 0, 0, 'E', 0, 0, 0, 0, 1),
(900, 50, 16, '5789720', 'A', 5, 0, 0, 0, 0, 'E', 0, 0, 0, 0, 1),
(901, 64, 16, '5789720', 'B', 0, 4, 0, 0, 0, 'E', 0, 0, 0, 0, 1),
(902, 65, 16, '5789720', 'A', 5, 0, 0, 0, 0, 'E', 0, 0, 0, 0, 1),
(903, 66, 16, '5789720', 'B', 0, 4, 0, 0, 0, 'E', 0, 0, 0, 0, 1),
(904, 52, 17, '5789720', 'A', 5, 0, 0, 0, 0, 'E', 0, 0, 0, 0, 1),
(905, 68, 17, '5789720', 'B', 0, 4, 0, 0, 0, 'E', 0, 0, 0, 0, 1),
(906, 69, 17, '5789720', 'B', 0, 4, 0, 0, 0, 'E', 0, 0, 0, 0, 1),
(907, 70, 17, '5789720', 'A', 5, 0, 0, 0, 0, 'D', 0, 0, 0, 2, 0),
(908, 51, 18, '5789720', 'A', 5, 0, 0, 0, 0, 'D', 0, 0, 0, 2, 0),
(909, 72, 18, '5789720', 'B', 0, 4, 0, 0, 0, 'D', 0, 0, 0, 2, 0),
(910, 73, 18, '5789720', 'A', 5, 0, 0, 0, 0, 'D', 0, 0, 0, 2, 0),
(911, 74, 18, '5789720', 'B', 0, 4, 0, 0, 0, 'D', 0, 0, 0, 2, 0),
(912, 48, 14, '870692', 'B', 0, 4, 0, 0, 0, 'E', 0, 0, 0, 0, 1),
(913, 56, 14, '870692', 'A', 5, 0, 0, 0, 0, 'D', 0, 0, 0, 2, 0),
(914, 57, 14, '870692', 'B', 0, 4, 0, 0, 0, 'E', 0, 0, 0, 0, 1),
(915, 58, 14, '870692', 'C', 0, 0, 3, 0, 0, 'E', 0, 0, 0, 0, 1),
(916, 59, 14, '870692', 'A', 5, 0, 0, 0, 0, 'E', 0, 0, 0, 0, 1),
(917, 49, 15, '870692', 'B', 0, 4, 0, 0, 0, 'E', 0, 0, 0, 0, 1),
(918, 60, 15, '870692', 'A', 5, 0, 0, 0, 0, 'D', 0, 0, 0, 2, 0),
(919, 61, 15, '870692', 'A', 5, 0, 0, 0, 0, 'D', 0, 0, 0, 2, 0),
(920, 62, 15, '870692', 'B', 0, 4, 0, 0, 0, 'D', 0, 0, 0, 2, 0),
(921, 50, 16, '870692', 'C', 0, 0, 3, 0, 0, 'E', 0, 0, 0, 0, 1),
(922, 64, 16, '870692', 'B', 0, 4, 0, 0, 0, 'E', 0, 0, 0, 0, 1),
(923, 65, 16, '870692', 'A', 5, 0, 0, 0, 0, 'D', 0, 0, 0, 2, 0),
(924, 66, 16, '870692', 'B', 0, 4, 0, 0, 0, 'D', 0, 0, 0, 2, 0),
(925, 52, 17, '870692', 'A', 5, 0, 0, 0, 0, 'D', 0, 0, 0, 2, 0),
(926, 68, 17, '870692', 'B', 0, 4, 0, 0, 0, 'E', 0, 0, 0, 0, 1),
(927, 69, 17, '870692', 'A', 5, 0, 0, 0, 0, 'E', 0, 0, 0, 0, 1),
(928, 70, 17, '870692', 'A', 5, 0, 0, 0, 0, 'D', 0, 0, 0, 2, 0),
(929, 51, 18, '870692', 'A', 5, 0, 0, 0, 0, 'E', 0, 0, 0, 0, 1),
(930, 72, 18, '870692', 'B', 0, 4, 0, 0, 0, 'D', 0, 0, 0, 2, 0),
(931, 73, 18, '870692', 'A', 5, 0, 0, 0, 0, 'E', 0, 0, 0, 0, 1),
(932, 74, 18, '870692', 'C', 0, 0, 3, 0, 0, 'E', 0, 0, 0, 0, 1),
(933, 48, 14, '2015375', 'B', 0, 4, 0, 0, 0, 'E', 0, 0, 0, 0, 1),
(934, 56, 14, '2015375', 'A', 5, 0, 0, 0, 0, 'D', 0, 0, 0, 2, 0),
(935, 57, 14, '2015375', 'B', 0, 4, 0, 0, 0, 'E', 0, 0, 0, 0, 1),
(936, 58, 14, '2015375', 'C', 0, 0, 3, 0, 0, 'E', 0, 0, 0, 0, 1),
(937, 59, 14, '2015375', 'A', 5, 0, 0, 0, 0, 'E', 0, 0, 0, 0, 1),
(938, 49, 15, '2015375', 'B', 0, 4, 0, 0, 0, 'E', 0, 0, 0, 0, 1),
(939, 60, 15, '2015375', 'A', 5, 0, 0, 0, 0, 'D', 0, 0, 0, 2, 0),
(940, 61, 15, '2015375', 'A', 5, 0, 0, 0, 0, 'D', 0, 0, 0, 2, 0),
(941, 62, 15, '2015375', 'A', 5, 0, 0, 0, 0, 'D', 0, 0, 0, 2, 0),
(942, 50, 16, '2015375', 'C', 0, 0, 3, 0, 0, 'E', 0, 0, 0, 0, 1),
(943, 64, 16, '2015375', 'B', 0, 4, 0, 0, 0, 'E', 0, 0, 0, 0, 1),
(944, 65, 16, '2015375', 'A', 5, 0, 0, 0, 0, 'D', 0, 0, 0, 2, 0),
(945, 66, 16, '2015375', 'B', 0, 4, 0, 0, 0, 'E', 0, 0, 0, 0, 1),
(946, 52, 17, '2015375', 'A', 5, 0, 0, 0, 0, 'E', 0, 0, 0, 0, 1),
(947, 68, 17, '2015375', 'B', 0, 4, 0, 0, 0, 'E', 0, 0, 0, 0, 1),
(948, 69, 17, '2015375', 'A', 5, 0, 0, 0, 0, 'E', 0, 0, 0, 0, 1),
(949, 70, 17, '2015375', 'A', 5, 0, 0, 0, 0, 'D', 0, 0, 0, 2, 0),
(950, 51, 18, '2015375', 'A', 5, 0, 0, 0, 0, 'E', 0, 0, 0, 0, 1),
(951, 72, 18, '2015375', 'B', 0, 4, 0, 0, 0, 'D', 0, 0, 0, 2, 0),
(952, 73, 18, '2015375', 'A', 5, 0, 0, 0, 0, 'E', 0, 0, 0, 0, 1),
(953, 74, 18, '2015375', 'C', 0, 0, 3, 0, 0, 'E', 0, 0, 0, 0, 1),
(975, 48, 14, '4118615', 'A', 5, 0, 0, 0, 0, 'E', 0, 0, 0, 0, 1),
(976, 56, 14, '4118615', 'B', 0, 4, 0, 0, 0, 'E', 0, 0, 0, 0, 1),
(977, 57, 14, '4118615', 'B', 0, 4, 0, 0, 0, 'E', 0, 0, 0, 0, 1),
(978, 58, 14, '4118615', 'B', 0, 4, 0, 0, 0, 'E', 0, 0, 0, 0, 1),
(979, 59, 14, '4118615', 'B', 0, 4, 0, 0, 0, 'D', 0, 0, 0, 2, 0),
(980, 49, 15, '4118615', 'A', 5, 0, 0, 0, 0, 'D', 0, 0, 0, 2, 0),
(981, 60, 15, '4118615', 'B', 0, 4, 0, 0, 0, 'D', 0, 0, 0, 2, 0),
(982, 61, 15, '4118615', 'B', 0, 4, 0, 0, 0, 'C', 0, 0, 3, 0, 0),
(983, 62, 15, '4118615', 'B', 0, 4, 0, 0, 0, 'D', 0, 0, 0, 2, 0),
(984, 50, 16, '4118615', 'A', 5, 0, 0, 0, 0, 'E', 0, 0, 0, 0, 1),
(985, 64, 16, '4118615', 'B', 0, 4, 0, 0, 0, 'D', 0, 0, 0, 2, 0),
(986, 65, 16, '4118615', 'B', 0, 4, 0, 0, 0, 'E', 0, 0, 0, 0, 1),
(987, 66, 16, '4118615', 'A', 5, 0, 0, 0, 0, 'D', 0, 0, 0, 2, 0),
(988, 52, 17, '4118615', 'B', 0, 4, 0, 0, 0, 'E', 0, 0, 0, 0, 1),
(989, 68, 17, '4118615', 'B', 0, 4, 0, 0, 0, 'E', 0, 0, 0, 0, 1),
(990, 69, 17, '4118615', 'B', 0, 4, 0, 0, 0, 'E', 0, 0, 0, 0, 1),
(991, 70, 17, '4118615', 'A', 5, 0, 0, 0, 0, 'E', 0, 0, 0, 0, 1),
(992, 51, 18, '4118615', 'B', 0, 4, 0, 0, 0, 'E', 0, 0, 0, 0, 1),
(993, 72, 18, '4118615', 'B', 0, 4, 0, 0, 0, 'E', 0, 0, 0, 0, 1),
(994, 73, 18, '4118615', 'B', 0, 4, 0, 0, 0, 'E', 0, 0, 0, 0, 1),
(995, 74, 18, '4118615', 'B', 0, 4, 0, 0, 0, 'E', 0, 0, 0, 0, 1),
(996, 48, 14, '9861098', 'B', 0, 4, 0, 0, 0, 'D', 0, 0, 0, 2, 0),
(997, 56, 14, '9861098', 'B', 0, 4, 0, 0, 0, 'D', 0, 0, 0, 2, 0),
(998, 57, 14, '9861098', 'A', 5, 0, 0, 0, 0, 'E', 0, 0, 0, 0, 1),
(999, 58, 14, '9861098', 'B', 0, 4, 0, 0, 0, 'E', 0, 0, 0, 0, 1),
(1000, 59, 14, '9861098', 'B', 0, 4, 0, 0, 0, 'E', 0, 0, 0, 0, 1),
(1001, 49, 15, '9861098', 'B', 0, 4, 0, 0, 0, 'E', 0, 0, 0, 0, 1),
(1002, 60, 15, '9861098', 'B', 0, 4, 0, 0, 0, 'E', 0, 0, 0, 0, 1),
(1003, 61, 15, '9861098', 'A', 5, 0, 0, 0, 0, 'E', 0, 0, 0, 0, 1),
(1004, 62, 15, '9861098', 'B', 0, 4, 0, 0, 0, 'E', 0, 0, 0, 0, 1),
(1005, 50, 16, '9861098', 'A', 5, 0, 0, 0, 0, 'E', 0, 0, 0, 0, 1),
(1006, 64, 16, '9861098', 'A', 5, 0, 0, 0, 0, 'E', 0, 0, 0, 0, 1),
(1007, 65, 16, '9861098', 'B', 0, 4, 0, 0, 0, 'E', 0, 0, 0, 0, 1),
(1008, 66, 16, '9861098', 'B', 0, 4, 0, 0, 0, 'E', 0, 0, 0, 0, 1),
(1009, 52, 17, '9861098', 'A', 5, 0, 0, 0, 0, 'D', 0, 0, 0, 2, 0),
(1010, 68, 17, '9861098', 'B', 0, 4, 0, 0, 0, 'E', 0, 0, 0, 0, 1),
(1011, 69, 17, '9861098', 'B', 0, 4, 0, 0, 0, 'E', 0, 0, 0, 0, 1),
(1012, 70, 17, '9861098', 'B', 0, 4, 0, 0, 0, 'E', 0, 0, 0, 0, 1),
(1013, 51, 18, '9861098', 'A', 5, 0, 0, 0, 0, 'E', 0, 0, 0, 0, 1),
(1014, 72, 18, '9861098', 'B', 0, 4, 0, 0, 0, 'E', 0, 0, 0, 0, 1),
(1015, 73, 18, '9861098', 'B', 0, 4, 0, 0, 0, 'D', 0, 0, 0, 2, 0),
(1016, 74, 18, '9861098', 'B', 0, 4, 0, 0, 0, 'E', 0, 0, 0, 0, 1),
(1038, 48, 14, '5019782', 'B', 0, 4, 0, 0, 0, 'E', 0, 0, 0, 0, 1),
(1039, 56, 14, '5019782', 'A', 5, 0, 0, 0, 0, 'E', 0, 0, 0, 0, 1),
(1040, 57, 14, '5019782', 'B', 0, 4, 0, 0, 0, 'E', 0, 0, 0, 0, 1),
(1041, 58, 14, '5019782', 'B', 0, 4, 0, 0, 0, 'D', 0, 0, 0, 2, 0),
(1042, 59, 14, '5019782', 'A', 5, 0, 0, 0, 0, 'E', 0, 0, 0, 0, 1),
(1043, 49, 15, '5019782', 'A', 5, 0, 0, 0, 0, 'E', 0, 0, 0, 0, 1),
(1044, 60, 15, '5019782', 'B', 0, 4, 0, 0, 0, 'E', 0, 0, 0, 0, 1),
(1045, 61, 15, '5019782', 'B', 0, 4, 0, 0, 0, 'E', 0, 0, 0, 0, 1),
(1046, 62, 15, '5019782', 'B', 0, 4, 0, 0, 0, 'E', 0, 0, 0, 0, 1),
(1047, 50, 16, '5019782', 'A', 5, 0, 0, 0, 0, 'E', 0, 0, 0, 0, 1),
(1048, 64, 16, '5019782', 'B', 0, 4, 0, 0, 0, 'E', 0, 0, 0, 0, 1),
(1049, 65, 16, '5019782', 'A', 5, 0, 0, 0, 0, 'D', 0, 0, 0, 2, 0),
(1050, 66, 16, '5019782', 'A', 5, 0, 0, 0, 0, 'C', 0, 0, 3, 0, 0),
(1051, 52, 17, '5019782', 'B', 0, 4, 0, 0, 0, 'D', 0, 0, 0, 2, 0),
(1052, 68, 17, '5019782', 'A', 5, 0, 0, 0, 0, 'C', 0, 0, 3, 0, 0),
(1053, 69, 17, '5019782', 'A', 5, 0, 0, 0, 0, 'E', 0, 0, 0, 0, 1),
(1054, 70, 17, '5019782', 'B', 0, 4, 0, 0, 0, 'E', 0, 0, 0, 0, 1),
(1055, 51, 18, '5019782', 'A', 5, 0, 0, 0, 0, 'E', 0, 0, 0, 0, 1),
(1056, 72, 18, '5019782', 'B', 0, 4, 0, 0, 0, 'E', 0, 0, 0, 0, 1),
(1057, 73, 18, '5019782', 'A', 5, 0, 0, 0, 0, 'E', 0, 0, 0, 0, 1),
(1058, 74, 18, '5019782', 'B', 0, 4, 0, 0, 0, 'E', 0, 0, 0, 0, 1),
(1059, 48, 14, '3623565', 'B', 0, 4, 0, 0, 0, 'E', 0, 0, 0, 0, 1),
(1060, 56, 14, '3623565', 'B', 0, 4, 0, 0, 0, 'E', 0, 0, 0, 0, 1),
(1061, 57, 14, '3623565', 'B', 0, 4, 0, 0, 0, 'E', 0, 0, 0, 0, 1),
(1062, 58, 14, '3623565', 'B', 0, 4, 0, 0, 0, 'E', 0, 0, 0, 0, 1),
(1063, 59, 14, '3623565', 'B', 0, 4, 0, 0, 0, 'E', 0, 0, 0, 0, 1),
(1064, 49, 15, '3623565', 'B', 0, 4, 0, 0, 0, 'E', 0, 0, 0, 0, 1),
(1065, 60, 15, '3623565', 'B', 0, 4, 0, 0, 0, 'C', 0, 0, 3, 0, 0),
(1066, 61, 15, '3623565', 'A', 5, 0, 0, 0, 0, 'D', 0, 0, 0, 2, 0),
(1067, 62, 15, '3623565', 'B', 0, 4, 0, 0, 0, 'E', 0, 0, 0, 0, 1),
(1068, 50, 16, '3623565', 'A', 5, 0, 0, 0, 0, 'E', 0, 0, 0, 0, 1),
(1069, 64, 16, '3623565', 'B', 0, 4, 0, 0, 0, 'E', 0, 0, 0, 0, 1),
(1070, 65, 16, '3623565', 'B', 0, 4, 0, 0, 0, 'E', 0, 0, 0, 0, 1),
(1071, 66, 16, '3623565', 'B', 0, 4, 0, 0, 0, 'E', 0, 0, 0, 0, 1),
(1072, 52, 17, '3623565', 'A', 5, 0, 0, 0, 0, 'E', 0, 0, 0, 0, 1),
(1073, 68, 17, '3623565', 'B', 0, 4, 0, 0, 0, 'E', 0, 0, 0, 0, 1),
(1074, 69, 17, '3623565', 'A', 5, 0, 0, 0, 0, 'E', 0, 0, 0, 0, 1),
(1075, 70, 17, '3623565', 'B', 0, 4, 0, 0, 0, 'E', 0, 0, 0, 0, 1),
(1076, 51, 18, '3623565', 'A', 5, 0, 0, 0, 0, 'E', 0, 0, 0, 0, 1),
(1077, 72, 18, '3623565', 'A', 5, 0, 0, 0, 0, 'D', 0, 0, 0, 2, 0),
(1078, 73, 18, '3623565', 'B', 0, 4, 0, 0, 0, 'E', 0, 0, 0, 0, 1),
(1079, 74, 18, '3623565', 'A', 5, 0, 0, 0, 0, 'D', 0, 0, 0, 2, 0),
(1080, 48, 14, '9647846', 'A', 5, 0, 0, 0, 0, 'E', 0, 0, 0, 0, 1),
(1081, 56, 14, '9647846', 'B', 0, 4, 0, 0, 0, 'E', 0, 0, 0, 0, 1),
(1082, 57, 14, '9647846', 'A', 5, 0, 0, 0, 0, 'E', 0, 0, 0, 0, 1),
(1083, 58, 14, '9647846', 'B', 0, 4, 0, 0, 0, 'E', 0, 0, 0, 0, 1),
(1084, 59, 14, '9647846', 'A', 5, 0, 0, 0, 0, 'E', 0, 0, 0, 0, 1),
(1085, 49, 15, '9647846', 'B', 0, 4, 0, 0, 0, 'E', 0, 0, 0, 0, 1),
(1086, 60, 15, '9647846', 'A', 5, 0, 0, 0, 0, 'E', 0, 0, 0, 0, 1),
(1087, 61, 15, '9647846', 'A', 5, 0, 0, 0, 0, 'E', 0, 0, 0, 0, 1),
(1088, 62, 15, '9647846', 'B', 0, 4, 0, 0, 0, 'E', 0, 0, 0, 0, 1),
(1089, 50, 16, '9647846', 'B', 0, 4, 0, 0, 0, 'E', 0, 0, 0, 0, 1),
(1090, 64, 16, '9647846', 'B', 0, 4, 0, 0, 0, 'D', 0, 0, 0, 2, 0),
(1091, 65, 16, '9647846', 'B', 0, 4, 0, 0, 0, 'E', 0, 0, 0, 0, 1),
(1092, 66, 16, '9647846', 'A', 5, 0, 0, 0, 0, 'E', 0, 0, 0, 0, 1),
(1093, 52, 17, '9647846', 'B', 0, 4, 0, 0, 0, 'E', 0, 0, 0, 0, 1),
(1094, 68, 17, '9647846', 'B', 0, 4, 0, 0, 0, 'E', 0, 0, 0, 0, 1),
(1095, 69, 17, '9647846', 'B', 0, 4, 0, 0, 0, 'E', 0, 0, 0, 0, 1),
(1096, 70, 17, '9647846', 'B', 0, 4, 0, 0, 0, 'E', 0, 0, 0, 0, 1),
(1097, 51, 18, '9647846', 'B', 0, 4, 0, 0, 0, 'E', 0, 0, 0, 0, 1),
(1098, 72, 18, '9647846', 'B', 0, 4, 0, 0, 0, 'E', 0, 0, 0, 0, 1),
(1099, 73, 18, '9647846', 'B', 0, 4, 0, 0, 0, 'E', 0, 0, 0, 0, 1),
(1100, 74, 18, '9647846', 'B', 0, 4, 0, 0, 0, 'E', 0, 0, 0, 0, 1),
(1101, 48, 14, '6185789', 'A', 5, 0, 0, 0, 0, 'E', 0, 0, 0, 0, 1),
(1102, 56, 14, '6185789', 'B', 0, 4, 0, 0, 0, 'E', 0, 0, 0, 0, 1),
(1103, 57, 14, '6185789', 'A', 5, 0, 0, 0, 0, 'D', 0, 0, 0, 2, 0),
(1104, 58, 14, '6185789', 'A', 5, 0, 0, 0, 0, 'D', 0, 0, 0, 2, 0),
(1105, 59, 14, '6185789', 'B', 0, 4, 0, 0, 0, 'E', 0, 0, 0, 0, 1),
(1106, 49, 15, '6185789', 'B', 0, 4, 0, 0, 0, 'D', 0, 0, 0, 2, 0),
(1107, 60, 15, '6185789', 'B', 0, 4, 0, 0, 0, 'D', 0, 0, 0, 2, 0),
(1108, 61, 15, '6185789', 'A', 5, 0, 0, 0, 0, 'E', 0, 0, 0, 0, 1),
(1109, 62, 15, '6185789', 'A', 5, 0, 0, 0, 0, 'E', 0, 0, 0, 0, 1),
(1110, 50, 16, '6185789', 'B', 0, 4, 0, 0, 0, 'E', 0, 0, 0, 0, 1),
(1111, 64, 16, '6185789', 'B', 0, 4, 0, 0, 0, 'E', 0, 0, 0, 0, 1),
(1112, 65, 16, '6185789', 'A', 5, 0, 0, 0, 0, 'E', 0, 0, 0, 0, 1),
(1113, 66, 16, '6185789', 'B', 0, 4, 0, 0, 0, 'E', 0, 0, 0, 0, 1),
(1114, 52, 17, '6185789', 'A', 5, 0, 0, 0, 0, 'E', 0, 0, 0, 0, 1),
(1115, 68, 17, '6185789', 'B', 0, 4, 0, 0, 0, 'E', 0, 0, 0, 0, 1),
(1116, 69, 17, '6185789', 'A', 5, 0, 0, 0, 0, 'E', 0, 0, 0, 0, 1),
(1117, 70, 17, '6185789', 'B', 0, 4, 0, 0, 0, 'E', 0, 0, 0, 0, 1),
(1118, 51, 18, '6185789', 'A', 5, 0, 0, 0, 0, 'E', 0, 0, 0, 0, 1),
(1119, 72, 18, '6185789', 'B', 0, 4, 0, 0, 0, 'E', 0, 0, 0, 0, 1),
(1120, 73, 18, '6185789', 'B', 0, 4, 0, 0, 0, 'D', 0, 0, 0, 2, 0),
(1121, 74, 18, '6185789', 'A', 5, 0, 0, 0, 0, 'C', 0, 0, 3, 0, 0),
(1122, 48, 14, '4271147', 'B', 0, 4, 0, 0, 0, 'E', 0, 0, 0, 0, 1),
(1123, 56, 14, '4271147', 'B', 0, 4, 0, 0, 0, 'E', 0, 0, 0, 0, 1),
(1124, 57, 14, '4271147', 'A', 5, 0, 0, 0, 0, 'E', 0, 0, 0, 0, 1),
(1125, 58, 14, '4271147', 'B', 0, 4, 0, 0, 0, 'D', 0, 0, 0, 2, 0),
(1126, 59, 14, '4271147', 'B', 0, 4, 0, 0, 0, 'E', 0, 0, 0, 0, 1),
(1127, 49, 15, '4271147', 'B', 0, 4, 0, 0, 0, 'E', 0, 0, 0, 0, 1),
(1128, 60, 15, '4271147', 'A', 5, 0, 0, 0, 0, 'E', 0, 0, 0, 0, 1),
(1129, 61, 15, '4271147', 'A', 5, 0, 0, 0, 0, 'E', 0, 0, 0, 0, 1),
(1130, 62, 15, '4271147', 'B', 0, 4, 0, 0, 0, 'E', 0, 0, 0, 0, 1),
(1131, 50, 16, '4271147', 'A', 5, 0, 0, 0, 0, 'E', 0, 0, 0, 0, 1),
(1132, 64, 16, '4271147', 'B', 0, 4, 0, 0, 0, 'E', 0, 0, 0, 0, 1),
(1133, 65, 16, '4271147', 'A', 5, 0, 0, 0, 0, 'E', 0, 0, 0, 0, 1),
(1134, 66, 16, '4271147', 'B', 0, 4, 0, 0, 0, 'D', 0, 0, 0, 2, 0),
(1135, 52, 17, '4271147', 'B', 0, 4, 0, 0, 0, 'C', 0, 0, 3, 0, 0),
(1136, 68, 17, '4271147', 'A', 5, 0, 0, 0, 0, 'E', 0, 0, 0, 0, 1),
(1137, 69, 17, '4271147', 'A', 5, 0, 0, 0, 0, 'E', 0, 0, 0, 0, 1),
(1138, 70, 17, '4271147', 'B', 0, 4, 0, 0, 0, 'E', 0, 0, 0, 0, 1),
(1139, 51, 18, '4271147', 'B', 0, 4, 0, 0, 0, 'E', 0, 0, 0, 0, 1),
(1140, 72, 18, '4271147', 'A', 5, 0, 0, 0, 0, 'E', 0, 0, 0, 0, 1),
(1141, 73, 18, '4271147', 'A', 5, 0, 0, 0, 0, 'D', 0, 0, 0, 2, 0),
(1142, 74, 18, '4271147', 'A', 5, 0, 0, 0, 0, 'E', 0, 0, 0, 0, 1),
(1143, 48, 14, '2669129', 'B', 0, 4, 0, 0, 0, 'E', 0, 0, 0, 0, 1),
(1144, 56, 14, '2669129', 'B', 0, 4, 0, 0, 0, 'E', 0, 0, 0, 0, 1),
(1145, 57, 14, '2669129', 'A', 5, 0, 0, 0, 0, 'E', 0, 0, 0, 0, 1),
(1146, 58, 14, '2669129', 'A', 5, 0, 0, 0, 0, 'E', 0, 0, 0, 0, 1),
(1147, 59, 14, '2669129', 'B', 0, 4, 0, 0, 0, 'E', 0, 0, 0, 0, 1),
(1148, 49, 15, '2669129', 'B', 0, 4, 0, 0, 0, 'E', 0, 0, 0, 0, 1),
(1149, 60, 15, '2669129', 'B', 0, 4, 0, 0, 0, 'E', 0, 0, 0, 0, 1),
(1150, 61, 15, '2669129', 'A', 5, 0, 0, 0, 0, 'E', 0, 0, 0, 0, 1),
(1151, 62, 15, '2669129', 'A', 5, 0, 0, 0, 0, 'D', 0, 0, 0, 2, 0),
(1152, 50, 16, '2669129', 'A', 5, 0, 0, 0, 0, 'D', 0, 0, 0, 2, 0),
(1153, 64, 16, '2669129', 'A', 5, 0, 0, 0, 0, 'D', 0, 0, 0, 2, 0),
(1154, 65, 16, '2669129', 'A', 5, 0, 0, 0, 0, 'B', 0, 4, 0, 0, 0),
(1155, 66, 16, '2669129', 'A', 5, 0, 0, 0, 0, 'E', 0, 0, 0, 0, 1),
(1156, 52, 17, '2669129', 'A', 5, 0, 0, 0, 0, 'E', 0, 0, 0, 0, 1),
(1157, 68, 17, '2669129', 'A', 5, 0, 0, 0, 0, 'E', 0, 0, 0, 0, 1),
(1158, 69, 17, '2669129', 'B', 0, 4, 0, 0, 0, 'D', 0, 0, 0, 2, 0),
(1159, 70, 17, '2669129', 'A', 5, 0, 0, 0, 0, 'E', 0, 0, 0, 0, 1),
(1160, 51, 18, '2669129', 'B', 0, 4, 0, 0, 0, 'E', 0, 0, 0, 0, 1),
(1161, 72, 18, '2669129', 'A', 5, 0, 0, 0, 0, 'E', 0, 0, 0, 0, 1),
(1162, 73, 18, '2669129', 'A', 5, 0, 0, 0, 0, 'E', 0, 0, 0, 0, 1),
(1163, 74, 18, '2669129', 'B', 0, 4, 0, 0, 0, 'E', 0, 0, 0, 0, 1),
(1185, 48, 14, '3640828', 'B', 0, 4, 0, 0, 0, 'E', 0, 0, 0, 0, 1),
(1186, 56, 14, '3640828', 'A', 5, 0, 0, 0, 0, 'E', 0, 0, 0, 0, 1),
(1187, 57, 14, '3640828', 'B', 0, 4, 0, 0, 0, 'E', 0, 0, 0, 0, 1),
(1188, 58, 14, '3640828', 'C', 0, 0, 3, 0, 0, 'E', 0, 0, 0, 0, 1),
(1189, 59, 14, '3640828', 'B', 0, 4, 0, 0, 0, 'E', 0, 0, 0, 0, 1),
(1190, 49, 15, '3640828', 'A', 5, 0, 0, 0, 0, 'E', 0, 0, 0, 0, 1),
(1191, 60, 15, '3640828', 'B', 0, 4, 0, 0, 0, 'E', 0, 0, 0, 0, 1),
(1192, 61, 15, '3640828', 'A', 5, 0, 0, 0, 0, 'E', 0, 0, 0, 0, 1),
(1193, 62, 15, '3640828', 'B', 0, 4, 0, 0, 0, 'E', 0, 0, 0, 0, 1),
(1194, 50, 16, '3640828', 'A', 5, 0, 0, 0, 0, 'E', 0, 0, 0, 0, 1),
(1195, 64, 16, '3640828', 'B', 0, 4, 0, 0, 0, 'E', 0, 0, 0, 0, 1),
(1196, 65, 16, '3640828', 'B', 0, 4, 0, 0, 0, 'D', 0, 0, 0, 2, 0),
(1197, 66, 16, '3640828', 'A', 5, 0, 0, 0, 0, 'E', 0, 0, 0, 0, 1),
(1198, 52, 17, '3640828', 'A', 5, 0, 0, 0, 0, 'E', 0, 0, 0, 0, 1),
(1199, 68, 17, '3640828', 'C', 0, 0, 3, 0, 0, 'E', 0, 0, 0, 0, 1),
(1200, 69, 17, '3640828', 'B', 0, 4, 0, 0, 0, 'E', 0, 0, 0, 0, 1),
(1201, 70, 17, '3640828', 'A', 5, 0, 0, 0, 0, 'E', 0, 0, 0, 0, 1),
(1202, 51, 18, '3640828', 'B', 0, 4, 0, 0, 0, 'E', 0, 0, 0, 0, 1),
(1203, 72, 18, '3640828', 'A', 5, 0, 0, 0, 0, 'E', 0, 0, 0, 0, 1),
(1204, 73, 18, '3640828', 'A', 5, 0, 0, 0, 0, 'D', 0, 0, 0, 2, 0),
(1205, 74, 18, '3640828', 'A', 5, 0, 0, 0, 0, 'D', 0, 0, 0, 2, 0),
(1206, 48, 14, '5451658', 'B', 0, 4, 0, 0, 0, 'E', 0, 0, 0, 0, 1),
(1207, 56, 14, '5451658', 'A', 5, 0, 0, 0, 0, 'E', 0, 0, 0, 0, 1),
(1208, 57, 14, '5451658', 'A', 5, 0, 0, 0, 0, 'E', 0, 0, 0, 0, 1),
(1209, 58, 14, '5451658', 'B', 0, 4, 0, 0, 0, 'E', 0, 0, 0, 0, 1),
(1210, 59, 14, '5451658', 'B', 0, 4, 0, 0, 0, 'E', 0, 0, 0, 0, 1),
(1211, 49, 15, '5451658', 'A', 5, 0, 0, 0, 0, 'E', 0, 0, 0, 0, 1),
(1212, 60, 15, '5451658', 'A', 5, 0, 0, 0, 0, 'E', 0, 0, 0, 0, 1),
(1213, 61, 15, '5451658', 'B', 0, 4, 0, 0, 0, 'E', 0, 0, 0, 0, 1),
(1214, 62, 15, '5451658', 'A', 5, 0, 0, 0, 0, 'E', 0, 0, 0, 0, 1),
(1215, 50, 16, '5451658', 'A', 5, 0, 0, 0, 0, 'E', 0, 0, 0, 0, 1),
(1216, 64, 16, '5451658', 'B', 0, 4, 0, 0, 0, 'E', 0, 0, 0, 0, 1),
(1217, 65, 16, '5451658', 'A', 5, 0, 0, 0, 0, 'E', 0, 0, 0, 0, 1),
(1218, 66, 16, '5451658', 'A', 5, 0, 0, 0, 0, 'E', 0, 0, 0, 0, 1),
(1219, 52, 17, '5451658', 'A', 5, 0, 0, 0, 0, 'D', 0, 0, 0, 2, 0),
(1220, 68, 17, '5451658', 'A', 5, 0, 0, 0, 0, 'E', 0, 0, 0, 0, 1),
(1221, 69, 17, '5451658', 'C', 0, 0, 3, 0, 0, 'E', 0, 0, 0, 0, 1),
(1222, 70, 17, '5451658', 'B', 0, 4, 0, 0, 0, 'E', 0, 0, 0, 0, 1),
(1223, 51, 18, '5451658', 'B', 0, 4, 0, 0, 0, 'E', 0, 0, 0, 0, 1),
(1224, 72, 18, '5451658', 'A', 5, 0, 0, 0, 0, 'E', 0, 0, 0, 0, 1),
(1225, 73, 18, '5451658', 'A', 5, 0, 0, 0, 0, 'E', 0, 0, 0, 0, 1),
(1226, 74, 18, '5451658', 'B', 0, 4, 0, 0, 0, 'E', 0, 0, 0, 0, 1),
(1227, 48, 14, '438934', 'B', 0, 4, 0, 0, 0, 'E', 0, 0, 0, 0, 1),
(1228, 56, 14, '438934', 'A', 5, 0, 0, 0, 0, 'E', 0, 0, 0, 0, 1),
(1229, 57, 14, '438934', 'A', 5, 0, 0, 0, 0, 'D', 0, 0, 0, 2, 0),
(1230, 58, 14, '438934', 'A', 5, 0, 0, 0, 0, 'E', 0, 0, 0, 0, 1),
(1231, 59, 14, '438934', 'A', 5, 0, 0, 0, 0, 'E', 0, 0, 0, 0, 1),
(1232, 49, 15, '438934', 'A', 5, 0, 0, 0, 0, 'E', 0, 0, 0, 0, 1),
(1233, 60, 15, '438934', 'B', 0, 4, 0, 0, 0, 'E', 0, 0, 0, 0, 1),
(1234, 61, 15, '438934', 'A', 5, 0, 0, 0, 0, 'E', 0, 0, 0, 0, 1),
(1235, 62, 15, '438934', 'B', 0, 4, 0, 0, 0, 'E', 0, 0, 0, 0, 1),
(1236, 50, 16, '438934', 'A', 5, 0, 0, 0, 0, 'E', 0, 0, 0, 0, 1),
(1237, 64, 16, '438934', 'B', 0, 4, 0, 0, 0, 'E', 0, 0, 0, 0, 1),
(1238, 65, 16, '438934', 'B', 0, 4, 0, 0, 0, 'E', 0, 0, 0, 0, 1),
(1239, 66, 16, '438934', 'A', 5, 0, 0, 0, 0, 'D', 0, 0, 0, 2, 0),
(1240, 52, 17, '438934', 'B', 0, 4, 0, 0, 0, 'E', 0, 0, 0, 0, 1),
(1241, 68, 17, '438934', 'B', 0, 4, 0, 0, 0, 'E', 0, 0, 0, 0, 1),
(1242, 69, 17, '438934', 'A', 5, 0, 0, 0, 0, 'E', 0, 0, 0, 0, 1),
(1243, 70, 17, '438934', 'A', 5, 0, 0, 0, 0, 'E', 0, 0, 0, 0, 1),
(1244, 51, 18, '438934', 'A', 5, 0, 0, 0, 0, 'E', 0, 0, 0, 0, 1),
(1245, 72, 18, '438934', 'B', 0, 4, 0, 0, 0, 'E', 0, 0, 0, 0, 1),
(1246, 73, 18, '438934', 'A', 5, 0, 0, 0, 0, 'D', 0, 0, 0, 2, 0),
(1247, 74, 18, '438934', 'B', 0, 4, 0, 0, 0, 'E', 0, 0, 0, 0, 1),
(1248, 48, 14, '4824781', 'A', 5, 0, 0, 0, 0, 'E', 0, 0, 0, 0, 1),
(1249, 56, 14, '4824781', 'B', 0, 4, 0, 0, 0, 'E', 0, 0, 0, 0, 1),
(1250, 57, 14, '4824781', 'B', 0, 4, 0, 0, 0, 'E', 0, 0, 0, 0, 1),
(1251, 58, 14, '4824781', 'B', 0, 4, 0, 0, 0, 'E', 0, 0, 0, 0, 1),
(1252, 59, 14, '4824781', 'A', 0, 0, 0, 0, 1, '', 0, 0, 0, 0, 1),
(1253, 49, 15, '4824781', 'A', 5, 0, 0, 0, 0, 'E', 0, 0, 0, 0, 1),
(1254, 60, 15, '4824781', 'B', 0, 4, 0, 0, 0, 'E', 0, 0, 0, 0, 1),
(1255, 61, 15, '4824781', 'B', 0, 4, 0, 0, 0, 'E', 0, 0, 0, 0, 1),
(1256, 62, 15, '4824781', 'A', 5, 0, 0, 0, 0, 'E', 0, 0, 0, 0, 1),
(1257, 50, 16, '4824781', 'B', 0, 4, 0, 0, 0, 'E', 0, 0, 0, 0, 1),
(1258, 64, 16, '4824781', 'A', 5, 0, 0, 0, 0, 'E', 0, 0, 0, 0, 1),
(1259, 65, 16, '4824781', 'A', 5, 0, 0, 0, 0, 'E', 0, 0, 0, 0, 1),
(1260, 66, 16, '4824781', 'A', 5, 0, 0, 0, 0, 'E', 0, 0, 0, 0, 1),
(1261, 52, 17, '4824781', 'A', 5, 0, 0, 0, 0, 'D', 0, 0, 0, 2, 0),
(1262, 68, 17, '4824781', 'A', 5, 0, 0, 0, 0, 'D', 0, 0, 0, 2, 0),
(1263, 69, 17, '4824781', 'B', 0, 4, 0, 0, 0, 'E', 0, 0, 0, 0, 1),
(1264, 70, 17, '4824781', 'B', 0, 4, 0, 0, 0, 'E', 0, 0, 0, 0, 1),
(1265, 51, 18, '4824781', 'A', 5, 0, 0, 0, 0, 'C', 0, 0, 3, 0, 0),
(1266, 72, 18, '4824781', 'A', 5, 0, 0, 0, 0, 'D', 0, 0, 0, 2, 0),
(1267, 73, 18, '4824781', 'B', 0, 4, 0, 0, 0, 'E', 0, 0, 0, 0, 1),
(1268, 74, 18, '4824781', 'C', 0, 0, 3, 0, 0, 'E', 0, 0, 0, 0, 1),
(1290, 48, 14, '802707', 'C', 0, 0, 3, 0, 0, 'B', 0, 4, 0, 0, 0),
(1291, 56, 14, '802707', 'D', 0, 0, 0, 2, 0, 'C', 0, 0, 3, 0, 0),
(1292, 57, 14, '802707', 'C', 0, 0, 3, 0, 0, 'C', 0, 0, 3, 0, 0),
(1293, 58, 14, '802707', 'B', 0, 4, 0, 0, 0, 'B', 0, 4, 0, 0, 0),
(1294, 59, 14, '802707', 'C', 0, 0, 3, 0, 0, 'B', 0, 4, 0, 0, 0),
(1295, 49, 15, '802707', 'C', 0, 0, 3, 0, 0, 'C', 0, 0, 3, 0, 0),
(1296, 60, 15, '802707', 'B', 0, 4, 0, 0, 0, 'A', 5, 0, 0, 0, 0),
(1297, 61, 15, '802707', 'C', 0, 0, 3, 0, 0, 'B', 0, 4, 0, 0, 0),
(1298, 62, 15, '802707', 'D', 0, 0, 0, 2, 0, 'C', 0, 0, 3, 0, 0),
(1299, 50, 16, '802707', 'B', 0, 4, 0, 0, 0, 'A', 5, 0, 0, 0, 0),
(1300, 64, 16, '802707', 'C', 0, 0, 3, 0, 0, 'A', 5, 0, 0, 0, 0),
(1301, 65, 16, '802707', 'C', 0, 0, 3, 0, 0, 'B', 0, 4, 0, 0, 0),
(1302, 66, 16, '802707', 'B', 0, 4, 0, 0, 0, 'A', 5, 0, 0, 0, 0),
(1303, 52, 17, '802707', 'B', 0, 4, 0, 0, 0, 'A', 5, 0, 0, 0, 0),
(1304, 68, 17, '802707', 'C', 0, 0, 3, 0, 0, 'B', 0, 4, 0, 0, 0),
(1305, 69, 17, '802707', 'C', 0, 0, 3, 0, 0, 'B', 0, 4, 0, 0, 0),
(1306, 70, 17, '802707', 'C', 0, 0, 3, 0, 0, 'B', 0, 4, 0, 0, 0),
(1307, 51, 18, '802707', 'B', 0, 4, 0, 0, 0, 'A', 5, 0, 0, 0, 0),
(1308, 72, 18, '802707', 'C', 0, 0, 3, 0, 0, 'B', 0, 4, 0, 0, 0),
(1309, 73, 18, '802707', 'C', 0, 0, 3, 0, 0, 'A', 5, 0, 0, 0, 0),
(1310, 74, 18, '802707', 'B', 0, 4, 0, 0, 0, 'A', 5, 0, 0, 0, 0),
(1311, 48, 14, '9295007', 'C', 0, 0, 3, 0, 0, 'C', 0, 0, 3, 0, 0),
(1312, 56, 14, '9295007', 'C', 0, 0, 3, 0, 0, 'B', 0, 4, 0, 0, 0),
(1313, 57, 14, '9295007', 'C', 0, 0, 3, 0, 0, 'B', 0, 4, 0, 0, 0),
(1314, 58, 14, '9295007', 'B', 0, 4, 0, 0, 0, 'A', 5, 0, 0, 0, 0),
(1315, 59, 14, '9295007', 'B', 0, 4, 0, 0, 0, 'B', 0, 4, 0, 0, 0),
(1316, 49, 15, '9295007', 'C', 0, 0, 3, 0, 0, 'B', 0, 4, 0, 0, 0),
(1317, 60, 15, '9295007', 'C', 0, 0, 3, 0, 0, 'A', 5, 0, 0, 0, 0),
(1318, 61, 15, '9295007', 'C', 0, 0, 3, 0, 0, 'B', 0, 4, 0, 0, 0),
(1319, 62, 15, '9295007', 'D', 0, 0, 0, 2, 0, 'C', 0, 0, 3, 0, 0),
(1320, 50, 16, '9295007', 'B', 0, 4, 0, 0, 0, 'A', 5, 0, 0, 0, 0),
(1321, 64, 16, '9295007', 'C', 0, 0, 3, 0, 0, 'B', 0, 4, 0, 0, 0),
(1322, 65, 16, '9295007', 'B', 0, 4, 0, 0, 0, 'A', 5, 0, 0, 0, 0),
(1323, 66, 16, '9295007', 'C', 0, 0, 3, 0, 0, 'B', 0, 4, 0, 0, 0),
(1324, 52, 17, '9295007', 'B', 0, 4, 0, 0, 0, 'A', 5, 0, 0, 0, 0),
(1325, 68, 17, '9295007', 'C', 0, 0, 3, 0, 0, 'B', 0, 4, 0, 0, 0),
(1326, 69, 17, '9295007', 'D', 0, 0, 0, 2, 0, 'C', 0, 0, 3, 0, 0),
(1327, 70, 17, '9295007', 'C', 0, 0, 3, 0, 0, 'B', 0, 4, 0, 0, 0),
(1328, 51, 18, '9295007', 'C', 0, 0, 3, 0, 0, 'B', 0, 4, 0, 0, 0),
(1329, 72, 18, '9295007', 'C', 0, 0, 3, 0, 0, 'A', 5, 0, 0, 0, 0),
(1330, 73, 18, '9295007', 'C', 0, 0, 3, 0, 0, 'B', 0, 4, 0, 0, 0),
(1331, 74, 18, '9295007', 'C', 0, 0, 3, 0, 0, 'B', 0, 4, 0, 0, 0),
(1332, 48, 14, '8790216', 'A', 5, 0, 0, 0, 0, 'B', 0, 4, 0, 0, 0),
(1333, 56, 14, '8790216', 'B', 0, 4, 0, 0, 0, 'A', 5, 0, 0, 0, 0),
(1334, 57, 14, '8790216', 'A', 5, 0, 0, 0, 0, 'B', 0, 4, 0, 0, 0),
(1335, 58, 14, '8790216', 'A', 5, 0, 0, 0, 0, 'B', 0, 4, 0, 0, 0),
(1336, 59, 14, '8790216', 'B', 0, 4, 0, 0, 0, 'A', 5, 0, 0, 0, 0),
(1337, 49, 15, '8790216', 'A', 5, 0, 0, 0, 0, 'A', 5, 0, 0, 0, 0),
(1338, 60, 15, '8790216', 'B', 0, 4, 0, 0, 0, 'A', 5, 0, 0, 0, 0),
(1339, 61, 15, '8790216', 'B', 0, 4, 0, 0, 0, 'A', 5, 0, 0, 0, 0),
(1340, 62, 15, '8790216', 'B', 0, 4, 0, 0, 0, 'A', 5, 0, 0, 0, 0),
(1341, 50, 16, '8790216', 'B', 0, 4, 0, 0, 0, 'A', 5, 0, 0, 0, 0),
(1342, 64, 16, '8790216', 'B', 0, 4, 0, 0, 0, 'A', 5, 0, 0, 0, 0),
(1343, 65, 16, '8790216', 'B', 0, 4, 0, 0, 0, 'A', 5, 0, 0, 0, 0),
(1344, 66, 16, '8790216', 'B', 0, 4, 0, 0, 0, 'A', 5, 0, 0, 0, 0),
(1345, 52, 17, '8790216', 'A', 5, 0, 0, 0, 0, 'B', 0, 4, 0, 0, 0),
(1346, 68, 17, '8790216', 'A', 5, 0, 0, 0, 0, 'B', 0, 4, 0, 0, 0),
(1347, 69, 17, '8790216', 'B', 0, 4, 0, 0, 0, 'A', 5, 0, 0, 0, 0),
(1348, 70, 17, '8790216', 'B', 0, 4, 0, 0, 0, 'A', 5, 0, 0, 0, 0),
(1349, 51, 18, '8790216', 'B', 0, 4, 0, 0, 0, 'A', 5, 0, 0, 0, 0),
(1350, 72, 18, '8790216', 'B', 0, 4, 0, 0, 0, 'A', 5, 0, 0, 0, 0);
INSERT INTO `tjawaban` (`Id`, `deskripsiID`, `groupId`, `pasienID`, `jawaban`, `jawabanA`, `jawabanB`, `jawabanC`, `jawabanD`, `jawabanE`, `ekspekJawaban`, `ekspekA`, `ekspekB`, `ekspekC`, `ekspekD`, `ekspekE`) VALUES
(1351, 73, 18, '8790216', 'A', 5, 0, 0, 0, 0, 'B', 0, 4, 0, 0, 0),
(1352, 74, 18, '8790216', 'B', 0, 4, 0, 0, 0, 'A', 5, 0, 0, 0, 0),
(1353, 48, 14, '895086', 'C', 0, 0, 3, 0, 0, 'B', 0, 4, 0, 0, 0),
(1354, 56, 14, '895086', 'B', 0, 4, 0, 0, 0, 'B', 0, 4, 0, 0, 0),
(1355, 57, 14, '895086', 'C', 0, 0, 3, 0, 0, 'B', 0, 4, 0, 0, 0),
(1356, 58, 14, '895086', 'C', 0, 0, 3, 0, 0, 'B', 0, 4, 0, 0, 0),
(1357, 59, 14, '895086', 'C', 0, 0, 3, 0, 0, 'B', 0, 4, 0, 0, 0),
(1358, 49, 15, '895086', 'B', 0, 4, 0, 0, 0, 'A', 5, 0, 0, 0, 0),
(1359, 60, 15, '895086', 'B', 0, 4, 0, 0, 0, 'A', 5, 0, 0, 0, 0),
(1360, 61, 15, '895086', 'C', 0, 0, 3, 0, 0, 'B', 0, 4, 0, 0, 0),
(1361, 62, 15, '895086', 'C', 0, 0, 3, 0, 0, 'B', 0, 4, 0, 0, 0),
(1362, 50, 16, '895086', 'C', 0, 0, 3, 0, 0, 'B', 0, 4, 0, 0, 0),
(1363, 64, 16, '895086', 'C', 0, 0, 3, 0, 0, 'A', 5, 0, 0, 0, 0),
(1364, 65, 16, '895086', 'C', 0, 0, 3, 0, 0, 'B', 0, 4, 0, 0, 0),
(1365, 66, 16, '895086', 'B', 0, 4, 0, 0, 0, 'A', 5, 0, 0, 0, 0),
(1366, 52, 17, '895086', 'C', 0, 0, 3, 0, 0, 'B', 0, 4, 0, 0, 0),
(1367, 68, 17, '895086', 'D', 0, 1, 0, 2, 0, 'B', 0, 4, 0, 0, 0),
(1368, 69, 17, '895086', 'C', 0, 0, 3, 0, 0, 'B', 0, 4, 0, 0, 0),
(1369, 70, 17, '895086', 'C', 0, 0, 3, 0, 0, 'A', 5, 0, 0, 0, 0),
(1370, 51, 18, '895086', 'C', 0, 0, 3, 0, 0, 'B', 0, 4, 0, 0, 0),
(1371, 72, 18, '895086', 'B', 0, 4, 0, 0, 0, 'A', 5, 0, 0, 0, 0),
(1372, 73, 18, '895086', 'C', 0, 0, 3, 0, 0, 'B', 0, 4, 0, 0, 0),
(1373, 74, 18, '895086', 'D', 0, 0, 0, 2, 0, 'C', 0, 0, 3, 0, 0),
(1374, 48, 14, '5828160', 'B', 0, 4, 0, 0, 0, 'A', 5, 0, 0, 0, 0),
(1375, 56, 14, '5828160', 'B', 0, 4, 0, 0, 0, 'A', 5, 0, 0, 0, 0),
(1376, 57, 14, '5828160', 'B', 0, 4, 0, 0, 0, 'A', 5, 0, 0, 0, 0),
(1377, 58, 14, '5828160', 'A', 5, 0, 0, 0, 0, 'B', 0, 4, 0, 0, 0),
(1378, 59, 14, '5828160', 'A', 5, 0, 0, 0, 0, 'B', 0, 4, 0, 0, 0),
(1379, 49, 15, '5828160', 'A', 5, 0, 0, 0, 0, 'B', 0, 4, 0, 0, 0),
(1380, 60, 15, '5828160', 'A', 5, 0, 0, 0, 0, 'B', 0, 4, 0, 0, 0),
(1381, 61, 15, '5828160', 'A', 5, 0, 0, 0, 0, 'B', 0, 4, 0, 0, 0),
(1382, 62, 15, '5828160', 'A', 5, 0, 0, 0, 0, 'B', 0, 4, 0, 0, 0),
(1383, 50, 16, '5828160', 'A', 5, 0, 0, 0, 0, 'B', 0, 4, 0, 0, 0),
(1384, 64, 16, '5828160', 'A', 5, 0, 0, 0, 0, 'B', 0, 4, 0, 0, 0),
(1385, 65, 16, '5828160', 'A', 5, 0, 0, 0, 0, 'B', 0, 4, 0, 0, 0),
(1386, 66, 16, '5828160', 'A', 5, 0, 0, 0, 0, 'B', 0, 4, 0, 0, 0),
(1387, 52, 17, '5828160', 'A', 5, 0, 0, 0, 0, 'B', 0, 4, 0, 0, 0),
(1388, 68, 17, '5828160', 'A', 5, 0, 0, 0, 0, 'B', 0, 4, 0, 0, 0),
(1389, 69, 17, '5828160', 'A', 5, 0, 0, 0, 0, 'B', 0, 4, 0, 0, 0),
(1390, 70, 17, '5828160', 'A', 5, 0, 0, 0, 0, 'B', 0, 4, 0, 0, 0),
(1391, 51, 18, '5828160', 'A', 5, 0, 0, 0, 0, 'B', 0, 4, 0, 0, 0),
(1392, 72, 18, '5828160', 'A', 5, 0, 0, 0, 0, 'B', 0, 4, 0, 0, 0),
(1393, 73, 18, '5828160', 'A', 5, 0, 0, 0, 0, 'B', 0, 4, 0, 0, 0),
(1394, 74, 18, '5828160', 'A', 5, 0, 0, 0, 0, 'B', 0, 4, 0, 0, 0),
(1395, 48, 14, '1972198', 'C', 0, 0, 3, 0, 0, 'B', 0, 4, 0, 0, 0),
(1396, 56, 14, '1972198', 'C', 0, 0, 3, 0, 0, 'C', 0, 0, 3, 0, 0),
(1397, 57, 14, '1972198', 'B', 0, 4, 0, 0, 0, 'B', 0, 4, 0, 0, 0),
(1398, 58, 14, '1972198', 'C', 0, 0, 3, 0, 0, 'B', 0, 4, 0, 0, 0),
(1399, 59, 14, '1972198', 'B', 0, 4, 0, 0, 0, 'A', 5, 0, 0, 0, 0),
(1400, 49, 15, '1972198', 'C', 0, 0, 3, 0, 0, 'B', 0, 4, 0, 0, 0),
(1401, 60, 15, '1972198', 'B', 0, 4, 0, 0, 0, 'A', 5, 0, 0, 0, 0),
(1402, 61, 15, '1972198', 'C', 0, 0, 3, 0, 0, 'B', 0, 4, 0, 0, 0),
(1403, 62, 15, '1972198', 'C', 0, 0, 3, 0, 0, 'B', 0, 4, 0, 0, 0),
(1404, 50, 16, '1972198', 'C', 0, 0, 3, 0, 0, 'B', 0, 4, 0, 0, 0),
(1405, 64, 16, '1972198', 'C', 0, 0, 3, 0, 0, 'B', 0, 4, 0, 0, 0),
(1406, 65, 16, '1972198', 'B', 0, 4, 0, 0, 0, 'A', 5, 0, 0, 0, 0),
(1407, 66, 16, '1972198', 'D', 0, 0, 0, 2, 0, 'C', 0, 0, 3, 0, 0),
(1408, 52, 17, '1972198', 'B', 0, 4, 0, 0, 0, 'A', 5, 0, 0, 0, 0),
(1409, 68, 17, '1972198', 'C', 0, 0, 3, 0, 0, 'B', 0, 4, 0, 0, 0),
(1410, 69, 17, '1972198', 'C', 0, 0, 3, 0, 0, 'B', 0, 4, 0, 0, 0),
(1411, 70, 17, '1972198', 'B', 0, 4, 0, 0, 0, 'A', 5, 0, 0, 0, 0),
(1412, 51, 18, '1972198', 'C', 0, 0, 3, 0, 0, 'B', 0, 4, 0, 0, 0),
(1413, 72, 18, '1972198', 'B', 0, 4, 0, 0, 0, 'A', 5, 0, 0, 0, 0),
(1414, 73, 18, '1972198', 'D', 0, 1, 0, 2, 0, 'B', 0, 4, 0, 0, 0),
(1415, 74, 18, '1972198', 'C', 0, 0, 3, 0, 0, 'B', 0, 4, 0, 0, 0),
(1416, 48, 14, '915430', 'A', 5, 0, 0, 0, 0, 'A', 5, 0, 0, 0, 0),
(1417, 56, 14, '915430', 'B', 0, 4, 0, 0, 0, 'A', 5, 0, 0, 0, 0),
(1418, 57, 14, '915430', 'B', 0, 4, 0, 0, 0, 'A', 5, 0, 0, 0, 0),
(1419, 58, 14, '915430', 'B', 0, 4, 0, 0, 0, 'A', 5, 0, 0, 0, 0),
(1420, 59, 14, '915430', 'B', 0, 4, 0, 0, 0, 'A', 5, 0, 0, 0, 0),
(1421, 49, 15, '915430', 'A', 5, 0, 0, 0, 0, 'B', 0, 4, 0, 0, 0),
(1422, 60, 15, '915430', 'A', 5, 0, 0, 0, 0, 'B', 0, 4, 0, 0, 0),
(1423, 61, 15, '915430', 'A', 5, 0, 0, 0, 0, 'B', 0, 4, 0, 0, 0),
(1424, 62, 15, '915430', 'B', 0, 4, 0, 0, 0, 'A', 5, 0, 0, 0, 0),
(1425, 50, 16, '915430', 'A', 5, 0, 0, 0, 0, 'B', 0, 4, 0, 0, 0),
(1426, 64, 16, '915430', 'B', 0, 4, 0, 0, 0, 'A', 5, 0, 0, 0, 0),
(1427, 65, 16, '915430', 'A', 5, 0, 0, 0, 0, 'B', 0, 4, 0, 0, 0),
(1428, 66, 16, '915430', 'B', 0, 4, 0, 0, 0, 'A', 5, 0, 0, 0, 0),
(1429, 52, 17, '915430', 'A', 5, 0, 0, 0, 0, 'B', 0, 4, 0, 0, 0),
(1430, 68, 17, '915430', 'A', 5, 0, 0, 0, 0, 'A', 5, 0, 0, 0, 0),
(1431, 69, 17, '915430', 'B', 0, 4, 0, 0, 0, 'A', 5, 0, 0, 0, 0),
(1432, 70, 17, '915430', 'B', 0, 4, 0, 0, 0, 'A', 5, 0, 0, 0, 0),
(1433, 51, 18, '915430', 'A', 5, 0, 0, 0, 0, 'B', 0, 4, 0, 0, 0),
(1434, 72, 18, '915430', 'B', 0, 4, 0, 0, 0, 'A', 5, 0, 0, 0, 0),
(1435, 73, 18, '915430', 'B', 0, 4, 0, 0, 0, 'A', 5, 0, 0, 0, 0),
(1436, 74, 18, '915430', 'B', 0, 4, 0, 0, 0, 'A', 5, 0, 0, 0, 0),
(1437, 48, 14, '7976878', 'C', 0, 0, 3, 0, 0, 'B', 0, 4, 0, 0, 0),
(1438, 56, 14, '7976878', 'B', 0, 4, 0, 0, 0, 'A', 5, 0, 0, 0, 0),
(1439, 57, 14, '7976878', 'C', 0, 0, 3, 0, 0, 'A', 5, 0, 0, 0, 0),
(1440, 58, 14, '7976878', 'C', 0, 0, 3, 0, 0, 'B', 0, 4, 0, 0, 0),
(1441, 59, 14, '7976878', 'C', 0, 0, 3, 0, 0, 'B', 0, 4, 0, 0, 0),
(1442, 49, 15, '7976878', 'C', 0, 0, 3, 0, 0, 'C', 0, 0, 3, 0, 0),
(1443, 60, 15, '7976878', 'B', 0, 4, 0, 0, 0, 'B', 0, 4, 0, 0, 0),
(1444, 61, 15, '7976878', 'C', 0, 0, 3, 0, 0, 'B', 0, 4, 0, 0, 0),
(1445, 62, 15, '7976878', 'C', 0, 0, 3, 0, 0, 'B', 0, 4, 0, 0, 0),
(1446, 50, 16, '7976878', 'C', 0, 0, 3, 0, 0, 'B', 0, 4, 0, 0, 0),
(1447, 64, 16, '7976878', 'C', 0, 0, 3, 0, 0, 'B', 0, 4, 0, 0, 0),
(1448, 65, 16, '7976878', 'D', 0, 0, 0, 2, 0, 'C', 0, 0, 3, 0, 0),
(1449, 66, 16, '7976878', 'C', 0, 0, 3, 0, 0, 'B', 0, 4, 0, 0, 0),
(1450, 52, 17, '7976878', 'C', 0, 0, 3, 0, 0, 'B', 0, 4, 0, 0, 0),
(1451, 68, 17, '7976878', 'C', 0, 0, 3, 0, 0, 'B', 0, 4, 0, 0, 0),
(1452, 69, 17, '7976878', 'B', 0, 4, 0, 0, 0, 'A', 5, 0, 0, 0, 0),
(1453, 70, 17, '7976878', 'C', 0, 0, 3, 0, 0, 'B', 0, 4, 0, 0, 0),
(1454, 51, 18, '7976878', 'C', 0, 0, 3, 0, 0, 'B', 0, 4, 0, 0, 0),
(1455, 72, 18, '7976878', 'C', 0, 0, 3, 0, 0, 'A', 5, 0, 0, 0, 0),
(1456, 73, 18, '7976878', 'C', 0, 0, 3, 0, 0, 'B', 0, 4, 0, 0, 0),
(1457, 74, 18, '7976878', 'C', 0, 0, 3, 0, 0, 'B', 0, 4, 0, 0, 0),
(1458, 48, 14, '2418414', 'C', 0, 0, 3, 0, 0, 'B', 0, 4, 0, 0, 0),
(1459, 56, 14, '2418414', 'B', 0, 4, 0, 0, 0, 'A', 5, 0, 0, 0, 0),
(1460, 57, 14, '2418414', 'D', 0, 1, 0, 2, 0, 'B', 0, 4, 0, 0, 0),
(1461, 58, 14, '2418414', 'C', 0, 0, 3, 0, 0, 'B', 0, 4, 0, 0, 0),
(1462, 59, 14, '2418414', 'C', 0, 0, 3, 0, 0, 'B', 0, 4, 0, 0, 0),
(1463, 49, 15, '2418414', 'C', 0, 0, 3, 0, 0, 'B', 0, 4, 0, 0, 0),
(1464, 60, 15, '2418414', 'C', 0, 0, 3, 0, 0, 'B', 0, 4, 0, 0, 0),
(1465, 61, 15, '2418414', 'D', 0, 1, 0, 2, 0, 'B', 0, 4, 0, 0, 0),
(1466, 62, 15, '2418414', 'C', 0, 0, 3, 0, 0, 'A', 5, 0, 0, 0, 0),
(1467, 50, 16, '2418414', 'C', 0, 0, 3, 0, 0, 'B', 0, 4, 0, 0, 0),
(1468, 64, 16, '2418414', 'C', 0, 0, 3, 0, 0, 'B', 0, 4, 0, 0, 0),
(1469, 65, 16, '2418414', 'B', 0, 4, 0, 0, 0, 'A', 5, 0, 0, 0, 0),
(1470, 66, 16, '2418414', 'C', 0, 0, 3, 0, 0, 'A', 5, 0, 0, 0, 0),
(1471, 52, 17, '2418414', 'C', 0, 0, 3, 0, 0, 'B', 0, 4, 0, 0, 0),
(1472, 68, 17, '2418414', 'D', 0, 1, 0, 2, 0, 'B', 0, 4, 0, 0, 0),
(1473, 69, 17, '2418414', 'C', 0, 0, 3, 0, 0, 'B', 0, 4, 0, 0, 0),
(1474, 70, 17, '2418414', 'C', 0, 0, 3, 0, 0, 'B', 0, 4, 0, 0, 0),
(1475, 51, 18, '2418414', 'B', 0, 4, 0, 0, 0, 'A', 5, 0, 0, 0, 0),
(1476, 72, 18, '2418414', 'C', 0, 0, 3, 0, 0, 'B', 0, 4, 0, 0, 0),
(1477, 73, 18, '2418414', 'C', 0, 0, 3, 0, 0, 'B', 0, 4, 0, 0, 0),
(1478, 74, 18, '2418414', 'C', 0, 0, 3, 0, 0, 'B', 0, 4, 0, 0, 0),
(1479, 48, 14, '8510486', 'B', 0, 4, 0, 0, 0, 'A', 5, 0, 0, 0, 0),
(1480, 56, 14, '8510486', 'A', 5, 0, 0, 0, 0, 'A', 5, 0, 0, 0, 0),
(1481, 57, 14, '8510486', 'A', 5, 0, 0, 0, 0, 'B', 0, 4, 0, 0, 0),
(1482, 58, 14, '8510486', 'B', 0, 4, 0, 0, 0, 'A', 5, 0, 0, 0, 0),
(1483, 59, 14, '8510486', 'A', 5, 0, 0, 0, 0, 'B', 0, 4, 0, 0, 0),
(1484, 49, 15, '8510486', 'A', 5, 0, 0, 0, 0, 'B', 0, 4, 0, 0, 0),
(1485, 60, 15, '8510486', 'A', 5, 0, 0, 0, 0, 'B', 0, 4, 0, 0, 0),
(1486, 61, 15, '8510486', 'B', 0, 4, 0, 0, 0, 'A', 5, 0, 0, 0, 0),
(1487, 62, 15, '8510486', 'B', 0, 4, 0, 0, 0, 'A', 5, 0, 0, 0, 0),
(1488, 50, 16, '8510486', 'A', 5, 0, 0, 0, 0, 'B', 0, 4, 0, 0, 0),
(1489, 64, 16, '8510486', 'B', 0, 4, 0, 0, 0, 'A', 5, 0, 0, 0, 0),
(1490, 65, 16, '8510486', 'A', 5, 0, 0, 0, 0, 'B', 0, 4, 0, 0, 0),
(1491, 66, 16, '8510486', 'B', 0, 4, 0, 0, 0, 'A', 5, 0, 0, 0, 0),
(1492, 52, 17, '8510486', 'A', 5, 0, 0, 0, 0, 'B', 0, 4, 0, 0, 0),
(1493, 68, 17, '8510486', 'A', 5, 0, 0, 0, 0, 'B', 0, 4, 0, 0, 0),
(1494, 69, 17, '8510486', 'B', 0, 4, 0, 0, 0, 'A', 5, 0, 0, 0, 0),
(1495, 70, 17, '8510486', 'A', 5, 0, 0, 0, 0, 'B', 0, 4, 0, 0, 0),
(1496, 51, 18, '8510486', 'B', 0, 4, 0, 0, 0, 'A', 5, 0, 0, 0, 0),
(1497, 72, 18, '8510486', 'B', 0, 4, 0, 0, 0, 'A', 5, 0, 0, 0, 0),
(1498, 73, 18, '8510486', 'A', 5, 0, 0, 0, 0, 'B', 0, 4, 0, 0, 0),
(1499, 74, 18, '8510486', 'B', 0, 4, 0, 0, 0, 'A', 5, 0, 0, 0, 0),
(1500, 48, 14, '3078595', 'C', 0, 0, 3, 0, 0, 'B', 0, 4, 0, 0, 0),
(1501, 56, 14, '3078595', 'B', 0, 4, 0, 0, 0, 'A', 5, 0, 0, 0, 0),
(1502, 57, 14, '3078595', 'C', 0, 0, 3, 0, 0, 'B', 0, 4, 0, 0, 0),
(1503, 58, 14, '3078595', 'C', 0, 0, 3, 0, 0, 'C', 0, 0, 3, 0, 0),
(1504, 59, 14, '3078595', 'B', 0, 4, 0, 0, 0, 'B', 0, 4, 0, 0, 0),
(1505, 49, 15, '3078595', 'B', 0, 4, 0, 0, 0, 'B', 0, 4, 0, 0, 0),
(1506, 60, 15, '3078595', 'C', 0, 0, 3, 0, 0, 'B', 0, 4, 0, 0, 0),
(1507, 61, 15, '3078595', 'C', 0, 0, 3, 0, 0, 'A', 5, 0, 0, 0, 0),
(1508, 62, 15, '3078595', 'C', 0, 0, 3, 0, 0, 'B', 0, 4, 0, 0, 0),
(1509, 50, 16, '3078595', 'C', 0, 0, 3, 0, 0, 'A', 5, 0, 0, 0, 0),
(1510, 64, 16, '3078595', 'C', 0, 0, 3, 0, 0, 'B', 0, 4, 0, 0, 0),
(1511, 65, 16, '3078595', 'D', 0, 1, 0, 2, 0, 'B', 0, 4, 0, 0, 0),
(1512, 66, 16, '3078595', 'C', 0, 0, 3, 0, 0, 'B', 0, 4, 0, 0, 0),
(1513, 52, 17, '3078595', 'C', 0, 0, 3, 0, 0, 'B', 0, 4, 0, 0, 0),
(1514, 68, 17, '3078595', 'C', 0, 0, 3, 0, 0, 'B', 0, 4, 0, 0, 0),
(1515, 69, 17, '3078595', 'C', 0, 0, 3, 0, 0, 'B', 0, 4, 0, 0, 0),
(1516, 70, 17, '3078595', 'C', 0, 0, 3, 0, 0, 'B', 0, 4, 0, 0, 0),
(1517, 51, 18, '3078595', 'C', 0, 0, 3, 0, 0, 'A', 5, 0, 0, 0, 0),
(1518, 72, 18, '3078595', 'C', 0, 0, 3, 0, 0, 'B', 0, 4, 0, 0, 0),
(1519, 73, 18, '3078595', 'D', 0, 1, 0, 2, 0, 'B', 0, 4, 0, 0, 0),
(1520, 74, 18, '3078595', 'C', 0, 0, 3, 0, 0, 'B', 0, 4, 0, 0, 0),
(1521, 48, 14, '3377225', 'B', 0, 4, 0, 0, 0, 'A', 5, 0, 0, 0, 0),
(1522, 56, 14, '3377225', 'B', 0, 4, 0, 0, 0, 'A', 5, 0, 0, 0, 0),
(1523, 57, 14, '3377225', 'B', 0, 4, 0, 0, 0, 'A', 5, 0, 0, 0, 0),
(1524, 58, 14, '3377225', 'A', 5, 0, 0, 0, 0, 'B', 0, 4, 0, 0, 0),
(1525, 59, 14, '3377225', 'B', 0, 4, 0, 0, 0, 'A', 5, 0, 0, 0, 0),
(1526, 49, 15, '3377225', 'A', 5, 0, 0, 0, 0, 'B', 0, 4, 0, 0, 0),
(1527, 60, 15, '3377225', 'B', 0, 4, 0, 0, 0, 'A', 5, 0, 0, 0, 0),
(1528, 61, 15, '3377225', 'B', 0, 4, 0, 0, 0, 'A', 5, 0, 0, 0, 0),
(1529, 62, 15, '3377225', 'A', 5, 0, 0, 0, 0, 'B', 0, 4, 0, 0, 0),
(1530, 50, 16, '3377225', 'B', 0, 4, 0, 0, 0, 'A', 5, 0, 0, 0, 0),
(1531, 64, 16, '3377225', 'B', 0, 4, 0, 0, 0, 'A', 5, 0, 0, 0, 0),
(1532, 65, 16, '3377225', 'B', 0, 4, 0, 0, 0, 'A', 5, 0, 0, 0, 0),
(1533, 66, 16, '3377225', 'B', 0, 4, 0, 0, 0, 'A', 5, 0, 0, 0, 0),
(1534, 52, 17, '3377225', 'B', 0, 4, 0, 0, 0, 'A', 5, 0, 0, 0, 0),
(1535, 68, 17, '3377225', 'B', 0, 4, 0, 0, 0, 'A', 5, 0, 0, 0, 0),
(1536, 69, 17, '3377225', 'B', 0, 4, 0, 0, 0, 'A', 5, 0, 0, 0, 0),
(1537, 70, 17, '3377225', 'A', 5, 0, 0, 0, 0, 'B', 0, 4, 0, 0, 0),
(1538, 51, 18, '3377225', 'B', 0, 4, 0, 0, 0, 'A', 5, 0, 0, 0, 0),
(1539, 72, 18, '3377225', 'B', 0, 4, 0, 0, 0, 'A', 5, 0, 0, 0, 0),
(1540, 73, 18, '3377225', 'B', 0, 4, 0, 0, 0, 'A', 5, 0, 0, 0, 0),
(1541, 74, 18, '3377225', 'B', 0, 4, 0, 0, 0, 'A', 5, 0, 0, 0, 0),
(1542, 48, 14, '5326660', 'C', 0, 0, 3, 0, 0, 'C', 0, 0, 3, 0, 0),
(1543, 56, 14, '5326660', 'C', 0, 0, 3, 0, 0, 'C', 0, 0, 3, 0, 0),
(1544, 57, 14, '5326660', 'C', 0, 0, 3, 0, 0, 'B', 0, 4, 0, 0, 0),
(1545, 58, 14, '5326660', 'B', 0, 4, 0, 0, 0, 'B', 0, 4, 0, 0, 0),
(1546, 59, 14, '5326660', 'B', 0, 4, 0, 0, 0, 'C', 0, 0, 3, 0, 0),
(1547, 49, 15, '5326660', 'C', 0, 0, 3, 0, 0, 'B', 0, 4, 0, 0, 0),
(1548, 60, 15, '5326660', 'C', 0, 0, 3, 0, 0, 'C', 0, 0, 3, 0, 0),
(1549, 61, 15, '5326660', 'C', 0, 0, 3, 0, 0, 'A', 5, 0, 0, 0, 0),
(1550, 62, 15, '5326660', 'C', 0, 0, 3, 0, 0, 'B', 0, 4, 0, 0, 0),
(1551, 50, 16, '5326660', 'C', 0, 0, 3, 0, 0, 'B', 0, 4, 0, 0, 0),
(1552, 64, 16, '5326660', 'C', 0, 0, 3, 0, 0, 'B', 0, 4, 0, 0, 0),
(1553, 65, 16, '5326660', 'C', 0, 0, 3, 0, 0, 'A', 5, 0, 0, 0, 0),
(1554, 66, 16, '5326660', 'C', 0, 0, 3, 0, 0, 'B', 0, 4, 0, 0, 0),
(1555, 52, 17, '5326660', 'C', 0, 0, 3, 0, 0, 'B', 0, 4, 0, 0, 0),
(1556, 68, 17, '5326660', 'C', 0, 0, 3, 0, 0, 'A', 5, 0, 0, 0, 0),
(1557, 69, 17, '5326660', 'C', 0, 0, 3, 0, 0, 'B', 0, 4, 0, 0, 0),
(1558, 70, 17, '5326660', 'D', 0, 1, 0, 2, 0, 'B', 0, 4, 0, 0, 0),
(1559, 51, 18, '5326660', 'C', 0, 0, 3, 0, 0, 'B', 0, 4, 0, 0, 0),
(1560, 72, 18, '5326660', 'D', 0, 1, 0, 2, 0, 'B', 0, 4, 0, 0, 0),
(1561, 73, 18, '5326660', 'C', 0, 0, 3, 0, 0, 'B', 0, 4, 0, 0, 0),
(1562, 74, 18, '5326660', 'C', 0, 0, 3, 0, 0, 'A', 5, 0, 0, 0, 0),
(1563, 48, 14, '9580470', 'B', 0, 4, 0, 0, 0, 'B', 0, 4, 0, 0, 0),
(1564, 56, 14, '9580470', 'C', 0, 0, 3, 0, 0, 'C', 0, 0, 3, 0, 0),
(1565, 57, 14, '9580470', 'B', 0, 4, 0, 0, 0, 'B', 0, 4, 0, 0, 0),
(1566, 58, 14, '9580470', 'C', 0, 0, 3, 0, 0, 'A', 5, 0, 0, 0, 0),
(1567, 59, 14, '9580470', 'C', 0, 0, 3, 0, 0, 'B', 0, 4, 0, 0, 0),
(1568, 49, 15, '9580470', 'B', 0, 4, 0, 0, 0, 'B', 0, 4, 0, 0, 0),
(1569, 60, 15, '9580470', 'C', 0, 0, 3, 0, 0, 'B', 0, 4, 0, 0, 0),
(1570, 61, 15, '9580470', 'D', 0, 1, 0, 2, 0, 'B', 0, 4, 0, 0, 0),
(1571, 62, 15, '9580470', 'C', 0, 0, 3, 0, 0, 'B', 0, 4, 0, 0, 0),
(1572, 50, 16, '9580470', 'C', 0, 0, 3, 0, 0, 'B', 0, 4, 0, 0, 0),
(1573, 64, 16, '9580470', 'C', 0, 0, 3, 0, 0, 'B', 0, 4, 0, 0, 0),
(1574, 65, 16, '9580470', 'C', 0, 0, 3, 0, 0, 'A', 5, 0, 0, 0, 0),
(1575, 66, 16, '9580470', 'C', 0, 0, 3, 0, 0, 'B', 0, 4, 0, 0, 0),
(1576, 52, 17, '9580470', 'B', 0, 4, 0, 0, 0, 'A', 5, 0, 0, 0, 0),
(1577, 68, 17, '9580470', 'C', 0, 0, 3, 0, 0, 'B', 0, 4, 0, 0, 0),
(1578, 69, 17, '9580470', 'B', 0, 4, 0, 0, 0, 'A', 5, 0, 0, 0, 0),
(1579, 70, 17, '9580470', 'C', 0, 0, 3, 0, 0, 'B', 0, 4, 0, 0, 0),
(1580, 51, 18, '9580470', 'C', 0, 0, 3, 0, 0, 'B', 0, 4, 0, 0, 0),
(1581, 72, 18, '9580470', 'C', 0, 0, 3, 0, 0, 'B', 0, 4, 0, 0, 0),
(1582, 73, 18, '9580470', 'C', 0, 0, 3, 0, 0, 'B', 0, 4, 0, 0, 0),
(1583, 74, 18, '9580470', 'C', 0, 0, 3, 0, 0, 'A', 5, 0, 0, 0, 0),
(1584, 48, 14, '3821018', 'A', 5, 0, 0, 0, 0, 'B', 0, 4, 0, 0, 0),
(1585, 56, 14, '3821018', 'A', 5, 0, 0, 0, 0, 'B', 0, 4, 0, 0, 0),
(1586, 57, 14, '3821018', 'B', 0, 4, 0, 0, 0, 'A', 5, 0, 0, 0, 0),
(1587, 58, 14, '3821018', 'B', 0, 4, 0, 0, 0, 'A', 5, 0, 0, 0, 0),
(1588, 59, 14, '3821018', 'A', 5, 0, 0, 0, 0, 'B', 0, 4, 0, 0, 0),
(1589, 49, 15, '3821018', 'A', 5, 0, 0, 0, 0, 'B', 0, 4, 0, 0, 0),
(1590, 60, 15, '3821018', 'A', 5, 0, 0, 0, 0, 'B', 0, 4, 0, 0, 0),
(1591, 61, 15, '3821018', 'A', 5, 0, 0, 0, 0, 'B', 0, 4, 0, 0, 0),
(1592, 62, 15, '3821018', 'B', 0, 4, 0, 0, 0, 'A', 5, 0, 0, 0, 0),
(1593, 50, 16, '3821018', 'B', 0, 4, 0, 0, 0, 'A', 5, 0, 0, 0, 0),
(1594, 64, 16, '3821018', 'B', 0, 0, 0, 0, 1, '', 0, 0, 0, 0, 1),
(1595, 65, 16, '3821018', 'B', 0, 4, 0, 0, 0, 'A', 5, 0, 0, 0, 0),
(1596, 66, 16, '3821018', 'B', 0, 4, 0, 0, 0, 'A', 5, 0, 0, 0, 0),
(1597, 52, 17, '3821018', 'B', 0, 4, 0, 0, 0, 'A', 5, 0, 0, 0, 0),
(1598, 68, 17, '3821018', 'B', 0, 4, 0, 0, 0, 'A', 5, 0, 0, 0, 0),
(1599, 69, 17, '3821018', 'A', 5, 0, 0, 0, 0, 'B', 0, 4, 0, 0, 0),
(1600, 70, 17, '3821018', 'B', 0, 4, 0, 0, 0, 'A', 5, 0, 0, 0, 0),
(1601, 51, 18, '3821018', 'B', 0, 4, 0, 0, 0, 'A', 5, 0, 0, 0, 0),
(1602, 72, 18, '3821018', 'B', 0, 4, 0, 0, 0, 'A', 5, 0, 0, 0, 0),
(1603, 73, 18, '3821018', 'B', 0, 4, 0, 0, 0, 'A', 5, 0, 0, 0, 0),
(1604, 74, 18, '3821018', 'A', 5, 0, 0, 0, 0, 'B', 0, 4, 0, 0, 0),
(1605, 48, 14, '5539558', 'B', 0, 4, 0, 0, 0, 'A', 5, 0, 0, 0, 0),
(1606, 56, 14, '5539558', 'A', 5, 0, 0, 0, 0, 'B', 0, 4, 0, 0, 0),
(1607, 57, 14, '5539558', 'B', 0, 4, 0, 0, 0, 'A', 5, 0, 0, 0, 0),
(1608, 58, 14, '5539558', 'B', 0, 4, 0, 0, 0, 'A', 5, 0, 0, 0, 0),
(1609, 59, 14, '5539558', 'B', 0, 4, 0, 0, 0, 'A', 5, 0, 0, 0, 0),
(1610, 49, 15, '5539558', 'B', 0, 4, 0, 0, 0, 'A', 5, 0, 0, 0, 0),
(1611, 60, 15, '5539558', 'B', 0, 4, 0, 0, 0, 'A', 5, 0, 0, 0, 0),
(1612, 61, 15, '5539558', 'B', 0, 4, 0, 0, 0, 'A', 5, 0, 0, 0, 0),
(1613, 62, 15, '5539558', 'B', 0, 4, 0, 0, 0, 'A', 5, 0, 0, 0, 0),
(1614, 50, 16, '5539558', 'A', 5, 0, 0, 0, 0, 'B', 0, 4, 0, 0, 0),
(1615, 64, 16, '5539558', 'B', 0, 4, 0, 0, 0, 'A', 5, 0, 0, 0, 0),
(1616, 65, 16, '5539558', 'A', 5, 0, 0, 0, 0, 'B', 0, 4, 0, 0, 0),
(1617, 66, 16, '5539558', 'B', 0, 4, 0, 0, 0, 'A', 5, 0, 0, 0, 0),
(1618, 52, 17, '5539558', 'B', 0, 4, 0, 0, 0, 'A', 5, 0, 0, 0, 0),
(1619, 68, 17, '5539558', 'B', 0, 4, 0, 0, 0, 'A', 5, 0, 0, 0, 0),
(1620, 69, 17, '5539558', 'B', 0, 4, 0, 0, 0, 'A', 5, 0, 0, 0, 0),
(1621, 70, 17, '5539558', 'B', 0, 4, 0, 0, 0, 'A', 5, 0, 0, 0, 0),
(1622, 51, 18, '5539558', 'B', 0, 4, 0, 0, 0, 'A', 5, 0, 0, 0, 0),
(1623, 72, 18, '5539558', 'B', 0, 4, 0, 0, 0, 'A', 5, 0, 0, 0, 0),
(1624, 73, 18, '5539558', 'B', 0, 4, 0, 0, 0, 'A', 5, 0, 0, 0, 0),
(1625, 74, 18, '5539558', 'A', 5, 0, 0, 0, 0, 'B', 0, 4, 0, 0, 0),
(1626, 48, 14, '3264050', 'B', 0, 4, 0, 0, 0, 'B', 0, 4, 0, 0, 0),
(1627, 56, 14, '3264050', 'C', 0, 0, 3, 0, 0, 'C', 0, 0, 3, 0, 0),
(1628, 57, 14, '3264050', 'C', 0, 0, 3, 0, 0, 'B', 0, 4, 0, 0, 0),
(1629, 58, 14, '3264050', 'B', 0, 4, 0, 0, 0, 'B', 0, 4, 0, 0, 0),
(1630, 59, 14, '3264050', 'C', 0, 0, 3, 0, 0, 'C', 0, 0, 3, 0, 0),
(1631, 49, 15, '3264050', 'C', 0, 0, 3, 0, 0, 'A', 5, 0, 0, 0, 0),
(1632, 60, 15, '3264050', 'C', 0, 0, 3, 0, 0, 'B', 0, 4, 0, 0, 0),
(1633, 61, 15, '3264050', 'C', 0, 0, 3, 0, 0, 'A', 5, 0, 0, 0, 0),
(1634, 62, 15, '3264050', 'C', 0, 0, 3, 0, 0, 'B', 0, 4, 0, 0, 0),
(1635, 50, 16, '3264050', 'C', 0, 0, 3, 0, 0, 'B', 0, 4, 0, 0, 0),
(1636, 64, 16, '3264050', 'C', 0, 0, 3, 0, 0, 'A', 5, 0, 0, 0, 0),
(1637, 65, 16, '3264050', 'B', 0, 4, 0, 0, 0, 'A', 5, 0, 0, 0, 0),
(1638, 66, 16, '3264050', 'C', 0, 0, 3, 0, 0, 'B', 0, 4, 0, 0, 0),
(1639, 52, 17, '3264050', 'D', 0, 1, 0, 2, 0, 'B', 0, 4, 0, 0, 0),
(1640, 68, 17, '3264050', 'C', 0, 0, 3, 0, 0, 'B', 0, 4, 0, 0, 0),
(1641, 69, 17, '3264050', 'C', 0, 0, 3, 0, 0, 'B', 0, 4, 0, 0, 0),
(1642, 70, 17, '3264050', 'C', 0, 0, 3, 0, 0, 'A', 5, 0, 0, 0, 0),
(1643, 51, 18, '3264050', 'C', 0, 0, 3, 0, 0, 'B', 0, 4, 0, 0, 0),
(1644, 72, 18, '3264050', 'C', 0, 0, 3, 0, 0, 'B', 0, 4, 0, 0, 0),
(1645, 73, 18, '3264050', 'C', 0, 0, 3, 0, 0, 'A', 5, 0, 0, 0, 0),
(1646, 74, 18, '3264050', 'C', 0, 0, 3, 0, 0, 'B', 0, 4, 0, 0, 0),
(1647, 48, 14, '555542', 'C', 0, 0, 3, 0, 0, 'B', 0, 4, 0, 0, 0),
(1648, 56, 14, '555542', 'B', 0, 0, 0, 0, 1, '', 0, 0, 0, 0, 1),
(1649, 57, 14, '555542', 'C', 0, 0, 3, 0, 0, 'A', 5, 0, 0, 0, 0),
(1650, 58, 14, '555542', 'B', 0, 4, 0, 0, 0, 'B', 0, 4, 0, 0, 0),
(1651, 59, 14, '555542', 'C', 0, 0, 3, 0, 0, 'A', 5, 0, 0, 0, 0),
(1652, 49, 15, '555542', 'C', 0, 0, 3, 0, 0, 'B', 0, 4, 0, 0, 0),
(1653, 60, 15, '555542', 'C', 0, 0, 3, 0, 0, 'A', 5, 0, 0, 0, 0),
(1654, 61, 15, '555542', 'B', 0, 4, 0, 0, 0, 'A', 5, 0, 0, 0, 0),
(1655, 62, 15, '555542', 'C', 0, 0, 3, 0, 0, 'A', 5, 0, 0, 0, 0),
(1656, 50, 16, '555542', 'C', 0, 0, 3, 0, 0, 'B', 0, 4, 0, 0, 0),
(1657, 64, 16, '555542', 'C', 0, 0, 3, 0, 0, 'A', 5, 0, 0, 0, 0),
(1658, 65, 16, '555542', 'C', 0, 0, 3, 0, 0, 'B', 0, 4, 0, 0, 0),
(1659, 66, 16, '555542', 'B', 0, 4, 0, 0, 0, 'A', 5, 0, 0, 0, 0),
(1660, 52, 17, '555542', 'D', 0, 1, 0, 2, 0, 'B', 0, 4, 0, 0, 0),
(1661, 68, 17, '555542', 'C', 0, 0, 3, 0, 0, 'B', 0, 4, 0, 0, 0),
(1662, 69, 17, '555542', 'B', 0, 4, 0, 0, 0, 'A', 5, 0, 0, 0, 0),
(1663, 70, 17, '555542', 'C', 0, 0, 3, 0, 0, 'B', 0, 4, 0, 0, 0),
(1664, 51, 18, '555542', 'C', 0, 0, 3, 0, 0, 'B', 0, 4, 0, 0, 0),
(1665, 72, 18, '555542', 'C', 0, 0, 3, 0, 0, 'A', 5, 0, 0, 0, 0),
(1666, 73, 18, '555542', 'C', 0, 0, 3, 0, 0, 'B', 0, 4, 0, 0, 0),
(1667, 74, 18, '555542', 'C', 0, 0, 3, 0, 0, 'A', 5, 0, 0, 0, 0),
(1668, 48, 14, '6943798', 'C', 0, 0, 3, 0, 0, 'A', 5, 0, 0, 0, 0),
(1669, 56, 14, '6943798', 'B', 0, 4, 0, 0, 0, 'A', 5, 0, 0, 0, 0),
(1670, 57, 14, '6943798', 'C', 0, 0, 3, 0, 0, 'C', 0, 0, 3, 0, 0),
(1671, 58, 14, '6943798', 'B', 0, 4, 0, 0, 0, 'B', 0, 4, 0, 0, 0),
(1672, 59, 14, '6943798', 'C', 0, 0, 3, 0, 0, 'B', 0, 4, 0, 0, 0),
(1673, 49, 15, '6943798', 'C', 0, 0, 3, 0, 0, 'C', 0, 0, 3, 0, 0),
(1674, 60, 15, '6943798', 'C', 0, 0, 3, 0, 0, 'A', 5, 0, 0, 0, 0),
(1675, 61, 15, '6943798', 'B', 0, 4, 0, 0, 0, 'A', 5, 0, 0, 0, 0),
(1676, 62, 15, '6943798', 'C', 0, 0, 3, 0, 0, 'B', 0, 4, 0, 0, 0),
(1677, 50, 16, '6943798', 'C', 0, 0, 0, 0, 1, '', 0, 0, 0, 0, 1),
(1678, 64, 16, '6943798', 'D', 0, 1, 0, 2, 0, 'B', 0, 4, 0, 0, 0),
(1679, 65, 16, '6943798', 'D', 0, 1, 0, 2, 0, 'B', 0, 4, 0, 0, 0),
(1680, 66, 16, '6943798', 'C', 0, 0, 3, 0, 0, 'C', 0, 0, 3, 0, 0),
(1681, 52, 17, '6943798', 'C', 0, 0, 3, 0, 0, 'A', 5, 0, 0, 0, 0),
(1682, 68, 17, '6943798', 'C', 0, 0, 3, 0, 0, 'B', 0, 4, 0, 0, 0),
(1683, 69, 17, '6943798', 'C', 0, 0, 3, 0, 0, 'B', 0, 4, 0, 0, 0),
(1684, 70, 17, '6943798', 'C', 0, 0, 3, 0, 0, 'A', 5, 0, 0, 0, 0),
(1685, 51, 18, '6943798', 'C', 0, 0, 3, 0, 0, 'B', 0, 4, 0, 0, 0),
(1686, 72, 18, '6943798', 'B', 0, 4, 0, 0, 0, 'A', 5, 0, 0, 0, 0),
(1687, 73, 18, '6943798', 'C', 0, 0, 3, 0, 0, 'A', 5, 0, 0, 0, 0),
(1688, 74, 18, '6943798', 'C', 0, 0, 3, 0, 0, 'B', 0, 4, 0, 0, 0),
(1689, 48, 14, '5012204', 'C', 0, 0, 3, 0, 0, 'B', 0, 4, 0, 0, 0),
(1690, 56, 14, '5012204', 'C', 0, 0, 3, 0, 0, 'C', 0, 0, 3, 0, 0),
(1691, 57, 14, '5012204', 'B', 0, 4, 0, 0, 0, 'B', 0, 4, 0, 0, 0),
(1692, 58, 14, '5012204', 'C', 0, 0, 3, 0, 0, 'C', 0, 0, 3, 0, 0),
(1693, 59, 14, '5012204', 'B', 0, 4, 0, 0, 0, 'B', 0, 4, 0, 0, 0),
(1694, 49, 15, '5012204', 'C', 0, 0, 3, 0, 0, 'A', 5, 0, 0, 0, 0),
(1695, 60, 15, '5012204', 'B', 0, 4, 0, 0, 0, 'A', 5, 0, 0, 0, 0),
(1696, 61, 15, '5012204', 'C', 0, 0, 3, 0, 0, 'A', 5, 0, 0, 0, 0),
(1697, 62, 15, '5012204', 'D', 0, 0, 0, 2, 0, 'A', 5, 0, 0, 0, 0),
(1698, 50, 16, '5012204', 'C', 0, 0, 3, 0, 0, 'B', 0, 4, 0, 0, 0),
(1699, 64, 16, '5012204', 'C', 0, 0, 3, 0, 0, 'B', 0, 4, 0, 0, 0),
(1700, 65, 16, '5012204', 'C', 0, 0, 3, 0, 0, 'B', 0, 4, 0, 0, 0),
(1701, 66, 16, '5012204', 'C', 0, 0, 3, 0, 0, 'A', 5, 0, 0, 0, 0),
(1702, 52, 17, '5012204', 'B', 0, 4, 0, 0, 0, 'A', 5, 0, 0, 0, 0),
(1703, 68, 17, '5012204', 'C', 0, 0, 3, 0, 0, 'B', 0, 4, 0, 0, 0),
(1704, 69, 17, '5012204', 'C', 0, 0, 3, 0, 0, 'B', 0, 4, 0, 0, 0),
(1705, 70, 17, '5012204', 'C', 0, 0, 3, 0, 0, 'B', 0, 4, 0, 0, 0),
(1706, 51, 18, '5012204', 'C', 0, 0, 3, 0, 0, 'B', 0, 4, 0, 0, 0),
(1707, 72, 18, '5012204', 'C', 0, 0, 3, 0, 0, 'A', 5, 0, 0, 0, 0),
(1708, 73, 18, '5012204', 'C', 0, 0, 3, 0, 0, 'B', 0, 4, 0, 0, 0),
(1709, 74, 18, '5012204', 'C', 0, 0, 3, 0, 0, 'B', 0, 4, 0, 0, 0),
(1710, 48, 14, '7772109', 'C', 0, 0, 3, 0, 0, 'A', 5, 0, 0, 0, 0),
(1711, 56, 14, '7772109', 'C', 0, 0, 3, 0, 0, 'B', 0, 4, 0, 0, 0),
(1712, 57, 14, '7772109', 'C', 0, 0, 3, 0, 0, 'C', 0, 0, 3, 0, 0),
(1713, 58, 14, '7772109', 'C', 0, 0, 3, 0, 0, 'B', 0, 4, 0, 0, 0),
(1714, 59, 14, '7772109', 'B', 0, 4, 0, 0, 0, 'B', 0, 4, 0, 0, 0),
(1715, 49, 15, '7772109', 'D', 0, 1, 0, 2, 0, 'B', 0, 4, 0, 0, 0),
(1716, 60, 15, '7772109', 'C', 0, 0, 3, 0, 0, 'A', 5, 0, 0, 0, 0),
(1717, 61, 15, '7772109', 'C', 0, 0, 3, 0, 0, 'B', 0, 4, 0, 0, 0),
(1718, 62, 15, '7772109', 'B', 0, 4, 0, 0, 0, 'A', 5, 0, 0, 0, 0),
(1719, 50, 16, '7772109', 'C', 0, 0, 3, 0, 0, 'A', 5, 0, 0, 0, 0),
(1720, 64, 16, '7772109', 'C', 0, 0, 3, 0, 0, 'B', 0, 4, 0, 0, 0),
(1721, 65, 16, '7772109', 'C', 0, 0, 3, 0, 0, 'B', 0, 4, 0, 0, 0),
(1722, 66, 16, '7772109', 'B', 0, 4, 0, 0, 0, 'A', 5, 0, 0, 0, 0),
(1723, 52, 17, '7772109', 'C', 0, 0, 3, 0, 0, 'B', 0, 4, 0, 0, 0),
(1724, 68, 17, '7772109', 'C', 0, 0, 3, 0, 0, 'A', 5, 0, 0, 0, 0),
(1725, 69, 17, '7772109', 'C', 0, 0, 3, 0, 0, 'B', 0, 4, 0, 0, 0),
(1726, 70, 17, '7772109', 'C', 0, 0, 3, 0, 0, 'A', 5, 0, 0, 0, 0),
(1727, 51, 18, '7772109', 'C', 0, 0, 3, 0, 0, 'B', 0, 4, 0, 0, 0),
(1728, 72, 18, '7772109', 'C', 0, 0, 3, 0, 0, 'B', 0, 4, 0, 0, 0),
(1729, 73, 18, '7772109', 'D', 0, 1, 0, 2, 0, 'B', 0, 4, 0, 0, 0),
(1730, 74, 18, '7772109', 'C', 0, 0, 3, 0, 0, 'B', 0, 4, 0, 0, 0),
(1731, 48, 14, '8749925', 'C', 0, 0, 3, 0, 0, 'B', 0, 4, 0, 0, 0),
(1732, 56, 14, '8749925', 'C', 0, 0, 3, 0, 0, 'A', 5, 0, 0, 0, 0),
(1733, 57, 14, '8749925', 'B', 0, 4, 0, 0, 0, 'B', 0, 4, 0, 0, 0),
(1734, 58, 14, '8749925', 'C', 0, 0, 3, 0, 0, 'C', 0, 0, 3, 0, 0),
(1735, 59, 14, '8749925', 'B', 0, 4, 0, 0, 0, 'B', 0, 4, 0, 0, 0),
(1736, 49, 15, '8749925', 'C', 0, 0, 3, 0, 0, 'C', 0, 0, 3, 0, 0),
(1737, 60, 15, '8749925', 'B', 0, 4, 0, 0, 0, 'A', 5, 0, 0, 0, 0),
(1738, 61, 15, '8749925', 'B', 0, 4, 0, 0, 0, 'A', 5, 0, 0, 0, 0),
(1739, 62, 15, '8749925', 'C', 0, 0, 3, 0, 0, 'B', 0, 4, 0, 0, 0),
(1740, 50, 16, '8749925', 'C', 0, 0, 3, 0, 0, 'A', 5, 0, 0, 0, 0),
(1741, 64, 16, '8749925', 'C', 0, 0, 3, 0, 0, 'B', 0, 4, 0, 0, 0),
(1742, 65, 16, '8749925', 'C', 0, 0, 3, 0, 0, 'A', 5, 0, 0, 0, 0),
(1743, 66, 16, '8749925', 'C', 0, 0, 3, 0, 0, 'B', 0, 4, 0, 0, 0),
(1744, 52, 17, '8749925', 'B', 0, 4, 0, 0, 0, 'A', 5, 0, 0, 0, 0),
(1745, 68, 17, '8749925', 'C', 0, 0, 3, 0, 0, 'A', 5, 0, 0, 0, 0),
(1746, 69, 17, '8749925', 'C', 0, 0, 3, 0, 0, 'B', 0, 4, 0, 0, 0),
(1747, 70, 17, '8749925', 'B', 0, 4, 0, 0, 0, 'D', 0, 0, 0, 2, 0),
(1748, 51, 18, '8749925', 'C', 0, 0, 3, 0, 0, 'B', 0, 4, 0, 0, 0),
(1749, 72, 18, '8749925', 'C', 0, 0, 3, 0, 0, 'A', 5, 0, 0, 0, 0),
(1750, 73, 18, '8749925', 'C', 0, 0, 3, 0, 0, 'A', 5, 0, 0, 0, 0),
(1751, 74, 18, '8749925', 'C', 0, 0, 3, 0, 0, 'B', 0, 4, 0, 0, 0),
(1752, 48, 14, '6744483', 'C', 0, 0, 3, 0, 0, 'C', 0, 0, 3, 0, 0),
(1753, 56, 14, '6744483', 'B', 0, 4, 0, 0, 0, 'B', 0, 4, 0, 0, 0),
(1754, 57, 14, '6744483', 'C', 0, 0, 3, 0, 0, 'C', 0, 0, 3, 0, 0),
(1755, 58, 14, '6744483', 'B', 0, 4, 0, 0, 0, 'B', 0, 4, 0, 0, 0),
(1756, 59, 14, '6744483', 'C', 0, 0, 3, 0, 0, 'A', 5, 0, 0, 0, 0),
(1757, 49, 15, '6744483', 'C', 0, 0, 3, 0, 0, 'B', 0, 4, 0, 0, 0),
(1758, 60, 15, '6744483', 'B', 0, 4, 0, 0, 0, 'B', 0, 4, 0, 0, 0),
(1759, 61, 15, '6744483', 'C', 0, 0, 3, 0, 0, 'A', 5, 0, 0, 0, 0),
(1760, 62, 15, '6744483', 'C', 0, 0, 3, 0, 0, 'B', 0, 4, 0, 0, 0),
(1761, 50, 16, '6744483', 'C', 0, 0, 3, 0, 0, 'A', 5, 0, 0, 0, 0),
(1762, 64, 16, '6744483', 'A', 5, 0, 0, 0, 0, 'B', 0, 4, 0, 0, 0),
(1763, 65, 16, '6744483', 'D', 0, 1, 0, 2, 0, 'B', 0, 4, 0, 0, 0),
(1764, 66, 16, '6744483', 'C', 0, 0, 3, 0, 0, 'B', 0, 4, 0, 0, 0),
(1765, 52, 17, '6744483', 'B', 0, 4, 0, 0, 0, 'A', 5, 0, 0, 0, 0),
(1766, 68, 17, '6744483', 'A', 5, 0, 0, 0, 0, 'B', 0, 4, 0, 0, 0),
(1767, 69, 17, '6744483', 'C', 0, 0, 3, 0, 0, 'B', 0, 4, 0, 0, 0),
(1768, 70, 17, '6744483', 'B', 0, 4, 0, 0, 0, 'A', 5, 0, 0, 0, 0),
(1769, 51, 18, '6744483', 'C', 0, 0, 3, 0, 0, 'B', 0, 4, 0, 0, 0),
(1770, 72, 18, '6744483', 'B', 0, 4, 0, 0, 0, 'A', 5, 0, 0, 0, 0),
(1771, 73, 18, '6744483', 'B', 0, 4, 0, 0, 0, 'B', 0, 4, 0, 0, 0),
(1772, 74, 18, '6744483', 'B', 0, 4, 0, 0, 0, 'A', 5, 0, 0, 0, 0),
(1773, 48, 14, '632009', 'B', 0, 4, 0, 0, 0, 'C', 0, 0, 3, 0, 0),
(1774, 56, 14, '632009', 'A', 5, 0, 0, 0, 0, 'A', 5, 0, 0, 0, 0),
(1775, 57, 14, '632009', 'C', 0, 0, 3, 0, 0, 'B', 0, 4, 0, 0, 0),
(1776, 58, 14, '632009', 'C', 0, 0, 3, 0, 0, 'C', 0, 0, 3, 0, 0),
(1777, 59, 14, '632009', 'C', 0, 0, 3, 0, 0, 'C', 0, 0, 3, 0, 0),
(1778, 49, 15, '632009', 'B', 0, 4, 0, 0, 0, 'A', 5, 0, 0, 0, 0),
(1779, 60, 15, '632009', 'C', 0, 0, 3, 0, 0, 'B', 0, 4, 0, 0, 0),
(1780, 61, 15, '632009', 'C', 0, 0, 3, 0, 0, 'A', 5, 0, 0, 0, 0),
(1781, 62, 15, '632009', 'B', 0, 4, 0, 0, 0, 'A', 5, 0, 0, 0, 0),
(1782, 50, 16, '632009', 'C', 0, 0, 3, 0, 0, 'A', 5, 0, 0, 0, 0),
(1783, 64, 16, '632009', 'C', 0, 0, 3, 0, 0, 'B', 0, 4, 0, 0, 0),
(1784, 65, 16, '632009', 'B', 0, 4, 0, 0, 0, 'A', 5, 0, 0, 0, 0),
(1785, 66, 16, '632009', 'C', 0, 0, 3, 0, 0, 'A', 5, 0, 0, 0, 0),
(1786, 52, 17, '632009', 'D', 0, 1, 0, 2, 0, 'B', 0, 4, 0, 0, 0),
(1787, 68, 17, '632009', 'D', 0, 1, 0, 2, 0, 'B', 0, 4, 0, 0, 0),
(1788, 69, 17, '632009', 'C', 0, 0, 3, 0, 0, 'B', 0, 4, 0, 0, 0),
(1789, 70, 17, '632009', 'C', 0, 0, 3, 0, 0, 'A', 5, 0, 0, 0, 0),
(1790, 51, 18, '632009', 'B', 0, 4, 0, 0, 0, 'A', 5, 0, 0, 0, 0),
(1791, 72, 18, '632009', 'C', 0, 0, 3, 0, 0, 'B', 0, 4, 0, 0, 0),
(1792, 73, 18, '632009', 'C', 0, 0, 3, 0, 0, 'A', 5, 0, 0, 0, 0),
(1793, 74, 18, '632009', 'C', 0, 0, 3, 0, 0, 'A', 5, 0, 0, 0, 0),
(1794, 48, 14, '8362368', 'C', 0, 0, 3, 0, 0, 'C', 0, 0, 3, 0, 0),
(1795, 56, 14, '8362368', 'B', 0, 4, 0, 0, 0, 'B', 0, 4, 0, 0, 0),
(1796, 57, 14, '8362368', 'C', 0, 0, 3, 0, 0, 'A', 5, 0, 0, 0, 0),
(1797, 58, 14, '8362368', 'C', 0, 0, 3, 0, 0, 'C', 0, 0, 3, 0, 0),
(1798, 59, 14, '8362368', 'B', 0, 4, 0, 0, 0, 'A', 5, 0, 0, 0, 0),
(1799, 49, 15, '8362368', 'C', 0, 0, 3, 0, 0, 'B', 0, 4, 0, 0, 0),
(1800, 60, 15, '8362368', 'C', 0, 0, 3, 0, 0, 'A', 5, 0, 0, 0, 0),
(1801, 61, 15, '8362368', 'C', 0, 0, 3, 0, 0, 'B', 0, 4, 0, 0, 0),
(1802, 62, 15, '8362368', 'B', 0, 4, 0, 0, 0, 'A', 5, 0, 0, 0, 0),
(1803, 50, 16, '8362368', 'C', 0, 0, 3, 0, 0, 'C', 0, 0, 3, 0, 0),
(1804, 64, 16, '8362368', 'C', 0, 0, 3, 0, 0, 'A', 5, 0, 0, 0, 0),
(1805, 65, 16, '8362368', 'C', 0, 0, 3, 0, 0, 'B', 0, 4, 0, 0, 0),
(1806, 66, 16, '8362368', 'C', 0, 0, 3, 0, 0, 'B', 0, 4, 0, 0, 0),
(1807, 52, 17, '8362368', 'D', 0, 1, 0, 2, 0, 'B', 0, 4, 0, 0, 0),
(1808, 68, 17, '8362368', 'B', 0, 4, 0, 0, 0, 'A', 5, 0, 0, 0, 0),
(1809, 69, 17, '8362368', 'C', 0, 0, 3, 0, 0, 'B', 0, 4, 0, 0, 0),
(1810, 70, 17, '8362368', 'C', 0, 0, 3, 0, 0, 'B', 0, 4, 0, 0, 0),
(1811, 51, 18, '8362368', 'D', 0, 0, 0, 2, 0, 'C', 0, 0, 3, 0, 0),
(1812, 72, 18, '8362368', 'C', 0, 0, 3, 0, 0, 'B', 0, 4, 0, 0, 0),
(1813, 73, 18, '8362368', 'C', 0, 0, 3, 0, 0, 'A', 5, 0, 0, 0, 0),
(1814, 74, 18, '8362368', 'C', 0, 0, 3, 0, 0, 'A', 5, 0, 0, 0, 0),
(1815, 48, 14, '952500', 'B', 0, 4, 0, 0, 0, 'A', 5, 0, 0, 0, 0),
(1816, 56, 14, '952500', 'A', 5, 0, 0, 0, 0, 'B', 0, 4, 0, 0, 0),
(1817, 57, 14, '952500', 'B', 0, 4, 0, 0, 0, 'A', 5, 0, 0, 0, 0),
(1818, 58, 14, '952500', 'B', 0, 4, 0, 0, 0, 'A', 5, 0, 0, 0, 0),
(1819, 59, 14, '952500', 'B', 0, 4, 0, 0, 0, 'A', 5, 0, 0, 0, 0),
(1820, 49, 15, '952500', 'A', 5, 0, 0, 0, 0, 'B', 0, 4, 0, 0, 0),
(1821, 60, 15, '952500', 'B', 0, 4, 0, 0, 0, 'A', 5, 0, 0, 0, 0),
(1822, 61, 15, '952500', 'B', 0, 0, 0, 0, 1, '', 0, 0, 0, 0, 1),
(1823, 62, 15, '952500', 'B', 0, 4, 0, 0, 0, 'A', 5, 0, 0, 0, 0),
(1824, 50, 16, '952500', 'A', 5, 0, 0, 0, 0, 'B', 0, 4, 0, 0, 0),
(1825, 64, 16, '952500', 'A', 5, 0, 0, 0, 0, 'B', 0, 4, 0, 0, 0),
(1826, 65, 16, '952500', 'B', 0, 4, 0, 0, 0, 'A', 5, 0, 0, 0, 0),
(1827, 66, 16, '952500', 'A', 5, 0, 0, 0, 0, 'B', 0, 4, 0, 0, 0),
(1828, 52, 17, '952500', 'A', 5, 0, 0, 0, 0, 'B', 0, 4, 0, 0, 0),
(1829, 68, 17, '952500', 'A', 5, 0, 0, 0, 0, 'B', 0, 4, 0, 0, 0),
(1830, 69, 17, '952500', 'B', 0, 4, 0, 0, 0, 'A', 5, 0, 0, 0, 0),
(1831, 70, 17, '952500', 'A', 5, 0, 0, 0, 0, 'B', 0, 4, 0, 0, 0),
(1832, 51, 18, '952500', 'A', 5, 0, 0, 0, 0, 'B', 0, 4, 0, 0, 0),
(1833, 72, 18, '952500', 'A', 5, 0, 0, 0, 0, 'B', 0, 4, 0, 0, 0),
(1834, 73, 18, '952500', 'B', 0, 4, 0, 0, 0, 'A', 5, 0, 0, 0, 0),
(1835, 74, 18, '952500', 'A', 5, 0, 0, 0, 0, 'B', 0, 4, 0, 0, 0),
(1857, 48, 14, '8962149', 'C', 0, 0, 3, 0, 0, 'C', 0, 0, 3, 0, 0),
(1858, 56, 14, '8962149', 'C', 0, 0, 3, 0, 0, 'A', 5, 0, 0, 0, 0),
(1859, 57, 14, '8962149', 'C', 0, 0, 3, 0, 0, 'B', 0, 4, 0, 0, 0),
(1860, 58, 14, '8962149', 'C', 0, 0, 3, 0, 0, 'B', 0, 4, 0, 0, 0),
(1861, 59, 14, '8962149', 'C', 0, 0, 3, 0, 0, 'C', 0, 0, 3, 0, 0),
(1862, 49, 15, '8962149', 'C', 0, 0, 3, 0, 0, 'B', 0, 4, 0, 0, 0),
(1863, 60, 15, '8962149', 'B', 0, 4, 0, 0, 0, 'B', 0, 4, 0, 0, 0),
(1864, 61, 15, '8962149', 'C', 0, 0, 3, 0, 0, 'A', 5, 0, 0, 0, 0),
(1865, 62, 15, '8962149', 'C', 0, 0, 3, 0, 0, 'B', 0, 4, 0, 0, 0),
(1866, 50, 16, '8962149', 'C', 0, 0, 3, 0, 0, 'B', 0, 4, 0, 0, 0),
(1867, 64, 16, '8962149', 'B', 0, 4, 0, 0, 0, 'A', 5, 0, 0, 0, 0),
(1868, 65, 16, '8962149', 'C', 0, 0, 3, 0, 0, 'B', 0, 4, 0, 0, 0),
(1869, 66, 16, '8962149', 'B', 0, 4, 0, 0, 0, 'A', 5, 0, 0, 0, 0),
(1870, 52, 17, '8962149', 'C', 0, 0, 3, 0, 0, 'A', 5, 0, 0, 0, 0),
(1871, 68, 17, '8962149', 'C', 0, 0, 3, 0, 0, 'B', 0, 4, 0, 0, 0),
(1872, 69, 17, '8962149', 'B', 0, 4, 0, 0, 0, 'A', 5, 0, 0, 0, 0),
(1873, 70, 17, '8962149', 'C', 0, 0, 3, 0, 0, 'A', 5, 0, 0, 0, 0),
(1874, 51, 18, '8962149', 'C', 0, 0, 3, 0, 0, 'B', 0, 4, 0, 0, 0),
(1875, 72, 18, '8962149', 'D', 0, 1, 0, 2, 0, 'B', 0, 4, 0, 0, 0),
(1876, 73, 18, '8962149', 'C', 0, 0, 3, 0, 0, 'B', 0, 4, 0, 0, 0),
(1877, 74, 18, '8962149', 'C', 0, 0, 3, 0, 0, 'A', 5, 0, 0, 0, 0),
(1878, 48, 14, '5893818', 'B', 0, 4, 0, 0, 0, 'C', 0, 0, 3, 0, 0),
(1879, 56, 14, '5893818', 'C', 0, 0, 3, 0, 0, 'C', 0, 0, 3, 0, 0),
(1880, 57, 14, '5893818', 'B', 0, 4, 0, 0, 0, 'B', 0, 4, 0, 0, 0),
(1881, 58, 14, '5893818', 'C', 0, 0, 3, 0, 0, 'C', 0, 0, 3, 0, 0),
(1882, 59, 14, '5893818', 'B', 0, 4, 0, 0, 0, 'A', 5, 0, 0, 0, 0),
(1883, 49, 15, '5893818', 'C', 0, 0, 3, 0, 0, 'C', 0, 0, 3, 0, 0),
(1884, 60, 15, '5893818', 'B', 0, 4, 0, 0, 0, 'B', 0, 4, 0, 0, 0),
(1885, 61, 15, '5893818', 'B', 0, 4, 0, 0, 0, 'B', 0, 4, 0, 0, 0),
(1886, 62, 15, '5893818', 'B', 0, 4, 0, 0, 0, 'B', 0, 4, 0, 0, 0),
(1887, 50, 16, '5893818', 'C', 0, 0, 3, 0, 0, 'A', 5, 0, 0, 0, 0),
(1888, 64, 16, '5893818', 'B', 0, 4, 0, 0, 0, 'A', 5, 0, 0, 0, 0),
(1889, 65, 16, '5893818', 'C', 0, 0, 3, 0, 0, 'B', 0, 4, 0, 0, 0),
(1890, 66, 16, '5893818', 'C', 0, 0, 3, 0, 0, 'B', 0, 4, 0, 0, 0),
(1891, 52, 17, '5893818', 'B', 0, 4, 0, 0, 0, 'A', 5, 0, 0, 0, 0),
(1892, 68, 17, '5893818', 'C', 0, 0, 3, 0, 0, 'B', 0, 4, 0, 0, 0),
(1893, 69, 17, '5893818', 'C', 0, 0, 3, 0, 0, 'B', 0, 4, 0, 0, 0),
(1894, 70, 17, '5893818', 'D', 0, 1, 0, 2, 0, 'B', 0, 4, 0, 0, 0),
(1895, 51, 18, '5893818', 'C', 0, 0, 3, 0, 0, 'B', 0, 4, 0, 0, 0),
(1896, 72, 18, '5893818', 'B', 0, 4, 0, 0, 0, 'A', 5, 0, 0, 0, 0),
(1897, 73, 18, '5893818', 'B', 0, 4, 0, 0, 0, 'A', 5, 0, 0, 0, 0),
(1898, 74, 18, '5893818', 'C', 0, 0, 3, 0, 0, 'B', 0, 4, 0, 0, 0),
(1899, 48, 14, '79840', 'C', 0, 0, 3, 0, 0, 'C', 0, 0, 3, 0, 0),
(1900, 56, 14, '79840', 'C', 0, 0, 3, 0, 0, 'C', 0, 0, 3, 0, 0),
(1901, 57, 14, '79840', 'B', 0, 4, 0, 0, 0, 'B', 0, 4, 0, 0, 0),
(1902, 58, 14, '79840', 'C', 0, 0, 3, 0, 0, 'B', 0, 4, 0, 0, 0),
(1903, 59, 14, '79840', 'C', 0, 0, 3, 0, 0, 'C', 0, 0, 3, 0, 0),
(1904, 49, 15, '79840', 'B', 0, 4, 0, 0, 0, 'B', 0, 4, 0, 0, 0),
(1905, 60, 15, '79840', 'C', 0, 0, 3, 0, 0, 'C', 0, 0, 3, 0, 0),
(1906, 61, 15, '79840', 'C', 0, 0, 3, 0, 0, 'B', 0, 4, 0, 0, 0),
(1907, 62, 15, '79840', 'D', 0, 1, 0, 2, 0, 'B', 0, 4, 0, 0, 0),
(1908, 50, 16, '79840', 'C', 0, 0, 3, 0, 0, 'B', 0, 4, 0, 0, 0),
(1909, 64, 16, '79840', 'C', 0, 0, 3, 0, 0, 'A', 5, 0, 0, 0, 0),
(1910, 65, 16, '79840', 'C', 0, 0, 3, 0, 0, 'B', 0, 4, 0, 0, 0),
(1911, 66, 16, '79840', 'B', 0, 4, 0, 0, 0, 'A', 5, 0, 0, 0, 0),
(1912, 52, 17, '79840', 'B', 0, 4, 0, 0, 0, 'A', 5, 0, 0, 0, 0),
(1913, 68, 17, '79840', 'C', 0, 0, 3, 0, 0, 'A', 5, 0, 0, 0, 0),
(1914, 69, 17, '79840', 'C', 0, 0, 3, 0, 0, 'B', 0, 4, 0, 0, 0),
(1915, 70, 17, '79840', 'D', 0, 1, 0, 2, 0, 'B', 0, 4, 0, 0, 0),
(1916, 51, 18, '79840', 'C', 0, 0, 3, 0, 0, 'B', 0, 4, 0, 0, 0),
(1917, 72, 18, '79840', 'D', 0, 1, 0, 2, 0, 'B', 0, 4, 0, 0, 0),
(1918, 73, 18, '79840', 'C', 0, 0, 3, 0, 0, 'A', 5, 0, 0, 0, 0),
(1919, 74, 18, '79840', 'C', 0, 0, 3, 0, 0, 'B', 0, 4, 0, 0, 0),
(1920, 48, 14, '2645266', 'C', 0, 0, 3, 0, 0, 'B', 0, 4, 0, 0, 0),
(1921, 56, 14, '2645266', 'D', 0, 1, 0, 2, 0, 'B', 0, 4, 0, 0, 0),
(1922, 57, 14, '2645266', 'D', 0, 1, 0, 2, 0, 'B', 0, 4, 0, 0, 0),
(1923, 58, 14, '2645266', 'C', 0, 0, 3, 0, 0, 'A', 5, 0, 0, 0, 0),
(1924, 59, 14, '2645266', 'C', 0, 0, 3, 0, 0, 'B', 0, 4, 0, 0, 0),
(1925, 49, 15, '2645266', 'C', 0, 0, 3, 0, 0, 'B', 0, 4, 0, 0, 0),
(1926, 60, 15, '2645266', 'C', 0, 0, 3, 0, 0, 'C', 0, 0, 3, 0, 0),
(1927, 61, 15, '2645266', 'B', 0, 4, 0, 0, 0, 'A', 5, 0, 0, 0, 0),
(1928, 62, 15, '2645266', 'C', 0, 0, 3, 0, 0, 'A', 5, 0, 0, 0, 0),
(1929, 50, 16, '2645266', 'C', 0, 0, 3, 0, 0, 'B', 0, 4, 0, 0, 0),
(1930, 64, 16, '2645266', 'C', 0, 0, 3, 0, 0, 'A', 5, 0, 0, 0, 0),
(1931, 65, 16, '2645266', 'C', 0, 0, 3, 0, 0, 'B', 0, 4, 0, 0, 0),
(1932, 66, 16, '2645266', 'C', 0, 0, 3, 0, 0, 'B', 0, 4, 0, 0, 0),
(1933, 52, 17, '2645266', 'C', 0, 0, 3, 0, 0, 'C', 0, 0, 3, 0, 0),
(1934, 68, 17, '2645266', 'C', 0, 0, 3, 0, 0, 'A', 5, 0, 0, 0, 0),
(1935, 69, 17, '2645266', 'B', 0, 4, 0, 0, 0, 'A', 5, 0, 0, 0, 0),
(1936, 70, 17, '2645266', 'C', 0, 0, 3, 0, 0, 'A', 5, 0, 0, 0, 0),
(1937, 51, 18, '2645266', 'C', 0, 0, 3, 0, 0, 'B', 0, 4, 0, 0, 0),
(1938, 72, 18, '2645266', 'B', 0, 4, 0, 0, 0, 'A', 5, 0, 0, 0, 0),
(1939, 73, 18, '2645266', 'C', 0, 0, 3, 0, 0, 'B', 0, 4, 0, 0, 0),
(1940, 74, 18, '2645266', 'C', 0, 0, 3, 0, 0, 'A', 5, 0, 0, 0, 0),
(1941, 48, 14, '7131289', 'B', 0, 4, 0, 0, 0, 'B', 0, 4, 0, 0, 0),
(1942, 56, 14, '7131289', 'C', 0, 0, 3, 0, 0, 'C', 0, 0, 3, 0, 0),
(1943, 57, 14, '7131289', 'D', 0, 1, 0, 2, 0, 'B', 0, 4, 0, 0, 0),
(1944, 58, 14, '7131289', 'C', 0, 0, 3, 0, 0, 'B', 0, 4, 0, 0, 0),
(1945, 59, 14, '7131289', 'D', 0, 0, 0, 2, 0, 'A', 5, 0, 0, 0, 0),
(1946, 49, 15, '7131289', 'B', 0, 4, 0, 0, 0, 'B', 0, 4, 0, 0, 0),
(1947, 60, 15, '7131289', 'C', 0, 0, 3, 0, 0, 'A', 5, 0, 0, 0, 0),
(1948, 61, 15, '7131289', 'C', 0, 0, 3, 0, 0, 'B', 0, 4, 0, 0, 0),
(1949, 62, 15, '7131289', 'C', 0, 0, 3, 0, 0, 'B', 0, 4, 0, 0, 0),
(1950, 50, 16, '7131289', 'D', 0, 0, 0, 2, 0, 'C', 0, 0, 3, 0, 0),
(1951, 64, 16, '7131289', 'D', 0, 1, 0, 2, 0, 'B', 0, 4, 0, 0, 0),
(1952, 65, 16, '7131289', 'C', 0, 0, 3, 0, 0, 'B', 0, 4, 0, 0, 0),
(1953, 66, 16, '7131289', 'B', 0, 4, 0, 0, 0, 'A', 5, 0, 0, 0, 0),
(1954, 52, 17, '7131289', 'C', 0, 0, 3, 0, 0, 'B', 0, 4, 0, 0, 0),
(1955, 68, 17, '7131289', 'C', 0, 0, 3, 0, 0, 'A', 5, 0, 0, 0, 0),
(1956, 69, 17, '7131289', 'D', 0, 1, 0, 2, 0, 'B', 0, 4, 0, 0, 0),
(1957, 70, 17, '7131289', 'C', 0, 0, 3, 0, 0, 'A', 5, 0, 0, 0, 0),
(1958, 51, 18, '7131289', 'C', 0, 0, 3, 0, 0, 'A', 5, 0, 0, 0, 0),
(1959, 72, 18, '7131289', 'E', 0, 0, 0, 0, 1, 'C', 0, 0, 3, 0, 0),
(1960, 73, 18, '7131289', 'D', 0, 0, 0, 2, 0, 'C', 0, 0, 3, 0, 0),
(1961, 74, 18, '7131289', 'D', 0, 1, 0, 2, 0, 'B', 0, 4, 0, 0, 0),
(1962, 48, 14, '7167215', 'D', 0, 1, 0, 2, 0, 'B', 0, 4, 0, 0, 0),
(1963, 56, 14, '7167215', 'C', 0, 0, 3, 0, 0, 'B', 0, 4, 0, 0, 0),
(1964, 57, 14, '7167215', 'C', 0, 0, 3, 0, 0, 'C', 0, 0, 3, 0, 0),
(1965, 58, 14, '7167215', 'D', 0, 1, 0, 2, 0, 'B', 0, 4, 0, 0, 0),
(1966, 59, 14, '7167215', 'C', 0, 0, 3, 0, 0, 'C', 0, 0, 3, 0, 0),
(1967, 49, 15, '7167215', 'C', 0, 0, 3, 0, 0, 'B', 0, 4, 0, 0, 0),
(1968, 60, 15, '7167215', 'C', 0, 0, 3, 0, 0, 'B', 0, 4, 0, 0, 0),
(1969, 61, 15, '7167215', 'C', 0, 0, 3, 0, 0, 'B', 0, 4, 0, 0, 0),
(1970, 62, 15, '7167215', 'C', 0, 0, 3, 0, 0, 'B', 0, 4, 0, 0, 0),
(1971, 50, 16, '7167215', 'C', 0, 0, 3, 0, 0, 'B', 0, 4, 0, 0, 0),
(1972, 64, 16, '7167215', 'C', 0, 0, 3, 0, 0, 'A', 5, 0, 0, 0, 0),
(1973, 65, 16, '7167215', 'C', 0, 0, 3, 0, 0, 'B', 0, 4, 0, 0, 0),
(1974, 66, 16, '7167215', 'D', 0, 1, 0, 2, 0, 'B', 0, 4, 0, 0, 0),
(1975, 52, 17, '7167215', 'D', 0, 1, 0, 2, 0, 'B', 0, 4, 0, 0, 0),
(1976, 68, 17, '7167215', 'C', 0, 0, 3, 0, 0, 'A', 5, 0, 0, 0, 0),
(1977, 69, 17, '7167215', 'D', 0, 0, 0, 2, 0, 'C', 0, 0, 3, 0, 0),
(1978, 70, 17, '7167215', 'C', 0, 0, 3, 0, 0, 'B', 0, 4, 0, 0, 0),
(1979, 51, 18, '7167215', 'C', 0, 0, 3, 0, 0, 'A', 5, 0, 0, 0, 0),
(1980, 72, 18, '7167215', 'D', 0, 1, 0, 2, 0, 'B', 0, 4, 0, 0, 0),
(1981, 73, 18, '7167215', 'C', 0, 0, 3, 0, 0, 'A', 5, 0, 0, 0, 0),
(1982, 74, 18, '7167215', 'D', 0, 1, 0, 2, 0, 'B', 0, 4, 0, 0, 0),
(1983, 48, 14, '5079293', 'C', 0, 0, 3, 0, 0, 'C', 0, 0, 3, 0, 0),
(1984, 56, 14, '5079293', 'D', 0, 1, 0, 2, 0, 'B', 0, 4, 0, 0, 0),
(1985, 57, 14, '5079293', 'C', 0, 0, 3, 0, 0, 'C', 0, 0, 3, 0, 0),
(1986, 58, 14, '5079293', 'B', 0, 4, 0, 0, 0, 'B', 0, 4, 0, 0, 0),
(1987, 59, 14, '5079293', 'C', 0, 0, 3, 0, 0, 'B', 0, 4, 0, 0, 0),
(1988, 49, 15, '5079293', 'C', 0, 0, 3, 0, 0, 'C', 0, 0, 3, 0, 0),
(1989, 60, 15, '5079293', 'D', 0, 1, 0, 2, 0, 'B', 0, 4, 0, 0, 0),
(1990, 61, 15, '5079293', 'C', 0, 0, 3, 0, 0, 'B', 0, 4, 0, 0, 0),
(1991, 62, 15, '5079293', 'B', 0, 4, 0, 0, 0, 'A', 5, 0, 0, 0, 0),
(1992, 50, 16, '5079293', 'C', 0, 0, 3, 0, 0, 'A', 5, 0, 0, 0, 0),
(1993, 64, 16, '5079293', 'B', 0, 4, 0, 0, 0, 'A', 5, 0, 0, 0, 0),
(1994, 65, 16, '5079293', 'C', 0, 0, 3, 0, 0, 'B', 0, 4, 0, 0, 0),
(1995, 66, 16, '5079293', 'C', 0, 0, 3, 0, 0, 'A', 5, 0, 0, 0, 0),
(1996, 52, 17, '5079293', 'C', 0, 0, 3, 0, 0, 'B', 0, 4, 0, 0, 0),
(1997, 68, 17, '5079293', 'B', 0, 4, 0, 0, 0, 'A', 5, 0, 0, 0, 0),
(1998, 69, 17, '5079293', 'B', 0, 4, 0, 0, 0, 'A', 5, 0, 0, 0, 0),
(1999, 70, 17, '5079293', 'C', 0, 0, 3, 0, 0, 'A', 5, 0, 0, 0, 0),
(2000, 51, 18, '5079293', 'C', 0, 0, 3, 0, 0, 'B', 0, 4, 0, 0, 0),
(2001, 72, 18, '5079293', 'E', 0, 0, 0, 0, 1, '', 0, 0, 0, 0, 1),
(2002, 73, 18, '5079293', 'C', 0, 0, 3, 0, 0, 'B', 0, 4, 0, 0, 0),
(2003, 74, 18, '5079293', 'D', 0, 1, 0, 2, 0, 'B', 0, 4, 0, 0, 0),
(2025, 48, 14, '4562112', 'C', 0, 0, 3, 0, 0, 'B', 0, 4, 0, 0, 0),
(2026, 56, 14, '4562112', 'C', 0, 0, 3, 0, 0, 'A', 5, 0, 0, 0, 0),
(2027, 57, 14, '4562112', 'C', 0, 0, 3, 0, 0, 'B', 0, 4, 0, 0, 0),
(2028, 58, 14, '4562112', 'C', 0, 0, 3, 0, 0, 'B', 0, 4, 0, 0, 0),
(2029, 59, 14, '4562112', 'C', 0, 0, 3, 0, 0, 'B', 0, 4, 0, 0, 0),
(2030, 49, 15, '4562112', 'B', 0, 4, 0, 0, 0, 'B', 0, 4, 0, 0, 0),
(2031, 60, 15, '4562112', 'B', 0, 4, 0, 0, 0, 'C', 0, 0, 3, 0, 0),
(2032, 61, 15, '4562112', 'C', 0, 0, 3, 0, 0, 'A', 5, 0, 0, 0, 0),
(2033, 62, 15, '4562112', 'D', 0, 0, 0, 2, 0, 'A', 5, 0, 0, 0, 0),
(2034, 50, 16, '4562112', 'C', 0, 0, 3, 0, 0, 'B', 0, 4, 0, 0, 0),
(2035, 64, 16, '4562112', 'D', 0, 1, 0, 2, 0, 'B', 0, 4, 0, 0, 0),
(2036, 65, 16, '4562112', 'C', 0, 0, 3, 0, 0, 'B', 0, 4, 0, 0, 0),
(2037, 66, 16, '4562112', 'C', 0, 0, 3, 0, 0, 'A', 5, 0, 0, 0, 0),
(2038, 52, 17, '4562112', 'C', 0, 0, 3, 0, 0, 'B', 0, 4, 0, 0, 0),
(2039, 68, 17, '4562112', 'B', 0, 4, 0, 0, 0, 'A', 5, 0, 0, 0, 0),
(2040, 69, 17, '4562112', 'C', 0, 0, 3, 0, 0, 'C', 0, 0, 3, 0, 0),
(2041, 70, 17, '4562112', 'C', 0, 0, 3, 0, 0, 'A', 5, 0, 0, 0, 0),
(2042, 51, 18, '4562112', 'C', 0, 0, 3, 0, 0, 'B', 0, 4, 0, 0, 0),
(2043, 72, 18, '4562112', 'B', 0, 4, 0, 0, 0, 'A', 5, 0, 0, 0, 0),
(2044, 73, 18, '4562112', 'C', 0, 0, 3, 0, 0, 'B', 0, 4, 0, 0, 0),
(2045, 74, 18, '4562112', 'C', 0, 0, 3, 0, 0, 'B', 0, 4, 0, 0, 0),
(2046, 48, 14, '2267279', 'C', 0, 0, 3, 0, 0, 'C', 0, 0, 3, 0, 0),
(2047, 56, 14, '2267279', 'C', 0, 0, 3, 0, 0, 'C', 0, 0, 3, 0, 0),
(2048, 57, 14, '2267279', 'B', 0, 4, 0, 0, 0, 'B', 0, 4, 0, 0, 0),
(2049, 58, 14, '2267279', 'C', 0, 0, 3, 0, 0, 'A', 5, 0, 0, 0, 0),
(2050, 59, 14, '2267279', 'C', 0, 0, 3, 0, 0, 'B', 0, 4, 0, 0, 0),
(2051, 49, 15, '2267279', 'C', 0, 0, 3, 0, 0, 'B', 0, 4, 0, 0, 0),
(2052, 60, 15, '2267279', 'D', 0, 1, 0, 2, 0, 'B', 0, 4, 0, 0, 0),
(2053, 61, 15, '2267279', 'C', 0, 0, 3, 0, 0, 'B', 0, 4, 0, 0, 0),
(2054, 62, 15, '2267279', 'C', 0, 0, 3, 0, 0, 'B', 0, 4, 0, 0, 0),
(2055, 50, 16, '2267279', 'C', 0, 0, 3, 0, 0, 'A', 5, 0, 0, 0, 0),
(2056, 64, 16, '2267279', 'C', 0, 0, 3, 0, 0, 'A', 5, 0, 0, 0, 0),
(2057, 65, 16, '2267279', 'C', 0, 0, 3, 0, 0, 'B', 0, 4, 0, 0, 0),
(2058, 66, 16, '2267279', 'B', 0, 4, 0, 0, 0, 'A', 5, 0, 0, 0, 0),
(2059, 52, 17, '2267279', 'C', 0, 0, 3, 0, 0, 'B', 0, 4, 0, 0, 0),
(2060, 68, 17, '2267279', 'D', 0, 1, 0, 2, 0, 'B', 0, 4, 0, 0, 0),
(2061, 69, 17, '2267279', 'B', 0, 4, 0, 0, 0, 'A', 5, 0, 0, 0, 0),
(2062, 70, 17, '2267279', 'C', 0, 0, 3, 0, 0, 'B', 0, 4, 0, 0, 0),
(2063, 51, 18, '2267279', 'C', 0, 0, 3, 0, 0, 'B', 0, 4, 0, 0, 0),
(2064, 72, 18, '2267279', 'C', 0, 0, 3, 0, 0, 'A', 5, 0, 0, 0, 0),
(2065, 73, 18, '2267279', 'C', 0, 0, 3, 0, 0, 'B', 0, 4, 0, 0, 0),
(2066, 74, 18, '2267279', 'C', 0, 0, 3, 0, 0, 'A', 5, 0, 0, 0, 0),
(2067, 48, 14, '4625919', 'C', 0, 0, 3, 0, 0, 'B', 0, 4, 0, 0, 0),
(2068, 56, 14, '4625919', 'B', 0, 4, 0, 0, 0, 'B', 0, 4, 0, 0, 0),
(2069, 57, 14, '4625919', 'A', 5, 0, 0, 0, 0, 'A', 5, 0, 0, 0, 0),
(2070, 58, 14, '4625919', 'B', 0, 4, 0, 0, 0, 'A', 5, 0, 0, 0, 0),
(2071, 59, 14, '4625919', 'C', 0, 0, 3, 0, 0, 'C', 0, 0, 3, 0, 0),
(2072, 49, 15, '4625919', 'B', 0, 4, 0, 0, 0, 'B', 0, 4, 0, 0, 0),
(2073, 60, 15, '4625919', 'C', 0, 0, 3, 0, 0, 'A', 5, 0, 0, 0, 0),
(2074, 61, 15, '4625919', 'C', 0, 0, 3, 0, 0, 'B', 0, 4, 0, 0, 0),
(2075, 62, 15, '4625919', 'C', 0, 0, 3, 0, 0, 'A', 5, 0, 0, 0, 0),
(2076, 50, 16, '4625919', 'B', 0, 4, 0, 0, 0, 'A', 5, 0, 0, 0, 0),
(2077, 64, 16, '4625919', 'C', 0, 0, 3, 0, 0, 'A', 5, 0, 0, 0, 0),
(2078, 65, 16, '4625919', 'C', 0, 0, 3, 0, 0, 'B', 0, 4, 0, 0, 0),
(2079, 66, 16, '4625919', 'D', 0, 1, 0, 2, 0, 'B', 0, 4, 0, 0, 0),
(2080, 52, 17, '4625919', 'C', 0, 0, 3, 0, 0, 'B', 0, 4, 0, 0, 0),
(2081, 68, 17, '4625919', 'C', 0, 0, 3, 0, 0, 'B', 0, 4, 0, 0, 0),
(2082, 69, 17, '4625919', 'B', 0, 4, 0, 0, 0, 'A', 5, 0, 0, 0, 0),
(2083, 70, 17, '4625919', 'C', 0, 0, 3, 0, 0, 'A', 5, 0, 0, 0, 0),
(2084, 51, 18, '4625919', 'B', 0, 4, 0, 0, 0, 'A', 5, 0, 0, 0, 0),
(2085, 72, 18, '4625919', 'C', 0, 0, 3, 0, 0, 'B', 0, 4, 0, 0, 0),
(2086, 73, 18, '4625919', 'C', 0, 0, 3, 0, 0, 'B', 0, 4, 0, 0, 0),
(2087, 74, 18, '4625919', 'C', 0, 0, 3, 0, 0, 'A', 5, 0, 0, 0, 0),
(2088, 48, 14, '3639547', 'C', 0, 0, 3, 0, 0, 'C', 0, 0, 3, 0, 0),
(2089, 56, 14, '3639547', 'B', 0, 4, 0, 0, 0, 'B', 0, 4, 0, 0, 0),
(2090, 57, 14, '3639547', 'C', 0, 0, 3, 0, 0, 'A', 5, 0, 0, 0, 0),
(2091, 58, 14, '3639547', 'B', 0, 4, 0, 0, 0, 'B', 0, 4, 0, 0, 0),
(2092, 59, 14, '3639547', 'C', 0, 0, 3, 0, 0, 'C', 0, 0, 3, 0, 0),
(2093, 49, 15, '3639547', 'B', 0, 4, 0, 0, 0, 'A', 5, 0, 0, 0, 0),
(2094, 60, 15, '3639547', 'C', 0, 0, 3, 0, 0, 'A', 5, 0, 0, 0, 0),
(2095, 61, 15, '3639547', 'C', 0, 0, 3, 0, 0, 'B', 0, 4, 0, 0, 0),
(2096, 62, 15, '3639547', 'C', 0, 0, 3, 0, 0, 'A', 5, 0, 0, 0, 0),
(2097, 50, 16, '3639547', 'B', 0, 4, 0, 0, 0, 'A', 5, 0, 0, 0, 0),
(2098, 64, 16, '3639547', 'C', 0, 0, 3, 0, 0, 'A', 5, 0, 0, 0, 0),
(2099, 65, 16, '3639547', 'D', 0, 1, 0, 2, 0, 'B', 0, 4, 0, 0, 0),
(2100, 66, 16, '3639547', 'B', 0, 4, 0, 0, 0, 'A', 5, 0, 0, 0, 0),
(2101, 52, 17, '3639547', 'C', 0, 0, 3, 0, 0, 'B', 0, 4, 0, 0, 0),
(2102, 68, 17, '3639547', 'C', 0, 0, 3, 0, 0, 'B', 0, 4, 0, 0, 0),
(2103, 69, 17, '3639547', 'C', 0, 0, 3, 0, 0, 'A', 5, 0, 0, 0, 0),
(2104, 70, 17, '3639547', 'D', 0, 0, 0, 2, 0, 'C', 0, 0, 3, 0, 0),
(2105, 51, 18, '3639547', 'C', 0, 0, 3, 0, 0, 'A', 5, 0, 0, 0, 0),
(2106, 72, 18, '3639547', 'C', 0, 0, 3, 0, 0, 'B', 0, 4, 0, 0, 0),
(2107, 73, 18, '3639547', 'C', 0, 0, 3, 0, 0, 'B', 0, 4, 0, 0, 0),
(2108, 74, 18, '3639547', 'C', 0, 0, 3, 0, 0, 'B', 0, 4, 0, 0, 0),
(2109, 48, 14, '6248633', 'B', 0, 4, 0, 0, 0, 'B', 0, 4, 0, 0, 0),
(2110, 56, 14, '6248633', 'C', 0, 0, 3, 0, 0, 'B', 0, 4, 0, 0, 0),
(2111, 57, 14, '6248633', 'C', 0, 0, 3, 0, 0, 'B', 0, 4, 0, 0, 0),
(2112, 58, 14, '6248633', 'C', 0, 0, 3, 0, 0, 'B', 0, 4, 0, 0, 0),
(2113, 59, 14, '6248633', 'C', 0, 0, 3, 0, 0, 'A', 5, 0, 0, 0, 0),
(2114, 49, 15, '6248633', 'C', 0, 0, 3, 0, 0, 'B', 0, 4, 0, 0, 0),
(2115, 60, 15, '6248633', 'C', 0, 0, 3, 0, 0, 'B', 0, 4, 0, 0, 0),
(2116, 61, 15, '6248633', 'D', 0, 1, 0, 2, 0, 'B', 0, 4, 0, 0, 0),
(2117, 62, 15, '6248633', 'C', 0, 0, 3, 0, 0, 'B', 0, 4, 0, 0, 0),
(2118, 50, 16, '6248633', 'B', 0, 4, 0, 0, 0, 'A', 5, 0, 0, 0, 0),
(2119, 64, 16, '6248633', 'C', 0, 0, 3, 0, 0, 'A', 5, 0, 0, 0, 0),
(2120, 65, 16, '6248633', 'B', 0, 4, 0, 0, 0, 'A', 5, 0, 0, 0, 0),
(2121, 66, 16, '6248633', 'C', 0, 0, 3, 0, 0, 'B', 0, 4, 0, 0, 0),
(2122, 52, 17, '6248633', 'C', 0, 0, 3, 0, 0, 'A', 5, 0, 0, 0, 0),
(2123, 68, 17, '6248633', 'C', 0, 0, 3, 0, 0, 'B', 0, 4, 0, 0, 0),
(2124, 69, 17, '6248633', 'B', 0, 4, 0, 0, 0, 'A', 5, 0, 0, 0, 0),
(2125, 70, 17, '6248633', 'C', 0, 0, 3, 0, 0, 'B', 0, 4, 0, 0, 0),
(2126, 51, 18, '6248633', 'C', 0, 0, 3, 0, 0, 'A', 5, 0, 0, 0, 0),
(2127, 72, 18, '6248633', 'C', 0, 0, 3, 0, 0, 'B', 0, 4, 0, 0, 0),
(2128, 73, 18, '6248633', 'C', 0, 0, 3, 0, 0, 'A', 5, 0, 0, 0, 0),
(2129, 74, 18, '6248633', 'C', 0, 0, 3, 0, 0, 'A', 5, 0, 0, 0, 0),
(2130, 48, 14, '3365723', 'C', 0, 0, 3, 0, 0, 'B', 0, 4, 0, 0, 0),
(2131, 56, 14, '3365723', 'C', 0, 0, 3, 0, 0, 'B', 0, 4, 0, 0, 0),
(2132, 57, 14, '3365723', 'C', 0, 0, 3, 0, 0, 'C', 0, 0, 3, 0, 0),
(2133, 58, 14, '3365723', 'C', 0, 0, 3, 0, 0, 'C', 0, 0, 3, 0, 0),
(2134, 59, 14, '3365723', 'B', 0, 4, 0, 0, 0, 'B', 0, 4, 0, 0, 0),
(2135, 49, 15, '3365723', 'C', 0, 0, 3, 0, 0, 'B', 0, 4, 0, 0, 0),
(2136, 60, 15, '3365723', 'C', 0, 0, 3, 0, 0, 'C', 0, 0, 3, 0, 0),
(2137, 61, 15, '3365723', 'C', 0, 0, 3, 0, 0, 'B', 0, 4, 0, 0, 0),
(2138, 62, 15, '3365723', 'C', 0, 0, 3, 0, 0, 'A', 5, 0, 0, 0, 0),
(2139, 50, 16, '3365723', 'B', 0, 4, 0, 0, 0, 'A', 5, 0, 0, 0, 0),
(2140, 64, 16, '3365723', 'C', 0, 0, 3, 0, 0, 'B', 0, 4, 0, 0, 0),
(2141, 65, 16, '3365723', 'C', 0, 0, 3, 0, 0, 'B', 0, 4, 0, 0, 0),
(2142, 66, 16, '3365723', 'C', 0, 0, 3, 0, 0, 'B', 0, 4, 0, 0, 0),
(2143, 52, 17, '3365723', 'C', 0, 0, 3, 0, 0, 'B', 0, 4, 0, 0, 0),
(2144, 68, 17, '3365723', 'C', 0, 0, 3, 0, 0, 'B', 0, 4, 0, 0, 0),
(2145, 69, 17, '3365723', 'C', 0, 0, 3, 0, 0, 'A', 5, 0, 0, 0, 0),
(2146, 70, 17, '3365723', 'C', 0, 0, 3, 0, 0, 'A', 5, 0, 0, 0, 0),
(2147, 51, 18, '3365723', 'D', 0, 1, 0, 2, 0, 'B', 0, 4, 0, 0, 0),
(2148, 72, 18, '3365723', 'C', 0, 0, 3, 0, 0, 'A', 5, 0, 0, 0, 0),
(2149, 73, 18, '3365723', 'C', 0, 0, 3, 0, 0, 'C', 0, 0, 3, 0, 0),
(2150, 74, 18, '3365723', 'C', 0, 0, 3, 0, 0, 'B', 0, 4, 0, 0, 0),
(2151, 48, 14, '9331248', 'B', 0, 4, 0, 0, 0, 'B', 0, 4, 0, 0, 0),
(2152, 56, 14, '9331248', 'B', 0, 4, 0, 0, 0, 'B', 0, 4, 0, 0, 0),
(2153, 57, 14, '9331248', 'C', 0, 0, 3, 0, 0, 'B', 0, 4, 0, 0, 0),
(2154, 58, 14, '9331248', 'C', 0, 0, 3, 0, 0, 'A', 5, 0, 0, 0, 0),
(2155, 59, 14, '9331248', 'C', 0, 0, 3, 0, 0, 'A', 5, 0, 0, 0, 0),
(2156, 49, 15, '9331248', 'C', 0, 0, 3, 0, 0, 'C', 0, 0, 3, 0, 0),
(2157, 60, 15, '9331248', 'C', 0, 0, 3, 0, 0, 'B', 0, 4, 0, 0, 0),
(2158, 61, 15, '9331248', 'C', 0, 0, 3, 0, 0, 'A', 5, 0, 0, 0, 0),
(2159, 62, 15, '9331248', 'B', 0, 4, 0, 0, 0, 'A', 5, 0, 0, 0, 0),
(2160, 50, 16, '9331248', 'C', 0, 0, 3, 0, 0, 'B', 0, 4, 0, 0, 0);
INSERT INTO `tjawaban` (`Id`, `deskripsiID`, `groupId`, `pasienID`, `jawaban`, `jawabanA`, `jawabanB`, `jawabanC`, `jawabanD`, `jawabanE`, `ekspekJawaban`, `ekspekA`, `ekspekB`, `ekspekC`, `ekspekD`, `ekspekE`) VALUES
(2161, 64, 16, '9331248', 'C', 0, 0, 3, 0, 0, 'B', 0, 4, 0, 0, 0),
(2162, 65, 16, '9331248', 'C', 0, 0, 3, 0, 0, 'A', 5, 0, 0, 0, 0),
(2163, 66, 16, '9331248', 'C', 0, 0, 3, 0, 0, 'B', 0, 4, 0, 0, 0),
(2164, 52, 17, '9331248', 'C', 0, 0, 3, 0, 0, 'A', 5, 0, 0, 0, 0),
(2165, 68, 17, '9331248', 'D', 0, 1, 0, 2, 0, 'B', 0, 4, 0, 0, 0),
(2166, 69, 17, '9331248', 'C', 0, 0, 3, 0, 0, 'A', 5, 0, 0, 0, 0),
(2167, 70, 17, '9331248', 'C', 0, 0, 3, 0, 0, 'B', 0, 4, 0, 0, 0),
(2168, 51, 18, '9331248', 'C', 0, 0, 3, 0, 0, 'B', 0, 4, 0, 0, 0),
(2169, 72, 18, '9331248', 'C', 0, 0, 3, 0, 0, 'A', 5, 0, 0, 0, 0),
(2170, 73, 18, '9331248', 'C', 0, 0, 3, 0, 0, 'B', 0, 4, 0, 0, 0),
(2171, 74, 18, '9331248', 'C', 0, 0, 3, 0, 0, 'A', 5, 0, 0, 0, 0),
(2172, 48, 14, '8952344', 'C', 0, 0, 3, 0, 0, 'B', 0, 4, 0, 0, 0),
(2173, 56, 14, '8952344', 'C', 0, 0, 3, 0, 0, 'A', 5, 0, 0, 0, 0),
(2174, 57, 14, '8952344', 'C', 0, 0, 3, 0, 0, 'A', 5, 0, 0, 0, 0),
(2175, 58, 14, '8952344', 'C', 0, 0, 3, 0, 0, 'B', 0, 4, 0, 0, 0),
(2176, 59, 14, '8952344', 'C', 0, 0, 3, 0, 0, 'B', 0, 4, 0, 0, 0),
(2177, 49, 15, '8952344', 'B', 0, 4, 0, 0, 0, 'B', 0, 4, 0, 0, 0),
(2178, 60, 15, '8952344', 'C', 0, 0, 3, 0, 0, 'B', 0, 4, 0, 0, 0),
(2179, 61, 15, '8952344', 'B', 0, 4, 0, 0, 0, 'A', 5, 0, 0, 0, 0),
(2180, 62, 15, '8952344', 'C', 0, 0, 3, 0, 0, 'A', 5, 0, 0, 0, 0),
(2181, 50, 16, '8952344', 'C', 0, 0, 3, 0, 0, 'B', 0, 4, 0, 0, 0),
(2182, 64, 16, '8952344', 'C', 0, 0, 3, 0, 0, 'B', 0, 4, 0, 0, 0),
(2183, 65, 16, '8952344', 'C', 0, 0, 3, 0, 0, 'B', 0, 4, 0, 0, 0),
(2184, 66, 16, '8952344', 'B', 0, 4, 0, 0, 0, 'C', 0, 0, 3, 0, 0),
(2185, 52, 17, '8952344', 'C', 0, 0, 3, 0, 0, 'B', 0, 4, 0, 0, 0),
(2186, 68, 17, '8952344', 'C', 0, 0, 3, 0, 0, 'B', 0, 4, 0, 0, 0),
(2187, 69, 17, '8952344', 'C', 0, 0, 3, 0, 0, 'A', 5, 0, 0, 0, 0),
(2188, 70, 17, '8952344', 'B', 0, 4, 0, 0, 0, 'A', 5, 0, 0, 0, 0),
(2189, 51, 18, '8952344', 'C', 0, 0, 3, 0, 0, 'B', 0, 4, 0, 0, 0),
(2190, 72, 18, '8952344', 'B', 0, 4, 0, 0, 0, 'A', 5, 0, 0, 0, 0),
(2191, 73, 18, '8952344', 'D', 0, 0, 0, 2, 0, 'A', 5, 0, 0, 0, 0),
(2192, 74, 18, '8952344', 'B', 0, 4, 0, 0, 0, 'A', 5, 0, 0, 0, 0),
(2193, 48, 14, '1613483', 'C', 0, 0, 3, 0, 0, 'B', 0, 4, 0, 0, 0),
(2194, 56, 14, '1613483', 'B', 0, 4, 0, 0, 0, 'B', 0, 4, 0, 0, 0),
(2195, 57, 14, '1613483', 'C', 0, 0, 3, 0, 0, 'B', 0, 4, 0, 0, 0),
(2196, 58, 14, '1613483', 'D', 0, 1, 0, 2, 0, 'B', 0, 4, 0, 0, 0),
(2197, 59, 14, '1613483', 'C', 0, 0, 3, 0, 0, 'B', 0, 4, 0, 0, 0),
(2198, 49, 15, '1613483', 'C', 0, 0, 3, 0, 0, 'B', 0, 4, 0, 0, 0),
(2199, 60, 15, '1613483', 'C', 0, 0, 3, 0, 0, 'B', 0, 4, 0, 0, 0),
(2200, 61, 15, '1613483', 'C', 0, 0, 3, 0, 0, 'B', 0, 4, 0, 0, 0),
(2201, 62, 15, '1613483', 'B', 0, 4, 0, 0, 0, 'A', 5, 0, 0, 0, 0),
(2202, 50, 16, '1613483', 'C', 0, 0, 3, 0, 0, 'A', 5, 0, 0, 0, 0),
(2203, 64, 16, '1613483', 'C', 0, 0, 3, 0, 0, 'A', 5, 0, 0, 0, 0),
(2204, 65, 16, '1613483', 'C', 0, 0, 3, 0, 0, 'B', 0, 4, 0, 0, 0),
(2205, 66, 16, '1613483', 'C', 0, 0, 3, 0, 0, 'B', 0, 4, 0, 0, 0),
(2206, 52, 17, '1613483', 'C', 0, 0, 3, 0, 0, 'B', 0, 4, 0, 0, 0),
(2207, 68, 17, '1613483', 'C', 0, 0, 3, 0, 0, 'B', 0, 4, 0, 0, 0),
(2208, 69, 17, '1613483', 'C', 0, 0, 3, 0, 0, 'B', 0, 4, 0, 0, 0),
(2209, 70, 17, '1613483', 'C', 0, 0, 3, 0, 0, 'B', 0, 4, 0, 0, 0),
(2210, 51, 18, '1613483', 'C', 0, 0, 3, 0, 0, 'B', 0, 4, 0, 0, 0),
(2211, 72, 18, '1613483', 'C', 0, 0, 3, 0, 0, 'A', 5, 0, 0, 0, 0),
(2212, 73, 18, '1613483', 'B', 0, 4, 0, 0, 0, 'A', 5, 0, 0, 0, 0),
(2213, 74, 18, '1613483', 'C', 0, 0, 3, 0, 0, 'A', 5, 0, 0, 0, 0),
(2214, 48, 14, '6260134', 'C', 0, 0, 3, 0, 0, 'B', 0, 4, 0, 0, 0),
(2215, 56, 14, '6260134', 'C', 0, 0, 3, 0, 0, 'C', 0, 0, 3, 0, 0),
(2216, 57, 14, '6260134', 'B', 0, 4, 0, 0, 0, 'B', 0, 4, 0, 0, 0),
(2217, 58, 14, '6260134', 'B', 0, 4, 0, 0, 0, 'A', 5, 0, 0, 0, 0),
(2218, 59, 14, '6260134', 'C', 0, 0, 3, 0, 0, 'B', 0, 4, 0, 0, 0),
(2219, 49, 15, '6260134', 'C', 0, 0, 3, 0, 0, 'B', 0, 4, 0, 0, 0),
(2220, 60, 15, '6260134', 'C', 0, 0, 3, 0, 0, 'B', 0, 4, 0, 0, 0),
(2221, 61, 15, '6260134', 'C', 0, 0, 3, 0, 0, 'A', 5, 0, 0, 0, 0),
(2222, 62, 15, '6260134', 'D', 0, 1, 0, 2, 0, 'B', 0, 4, 0, 0, 0),
(2223, 50, 16, '6260134', 'C', 0, 0, 3, 0, 0, 'B', 0, 4, 0, 0, 0),
(2224, 64, 16, '6260134', 'C', 0, 0, 3, 0, 0, 'A', 5, 0, 0, 0, 0),
(2225, 65, 16, '6260134', 'C', 0, 0, 3, 0, 0, 'B', 0, 4, 0, 0, 0),
(2226, 66, 16, '6260134', 'C', 0, 0, 3, 0, 0, 'A', 5, 0, 0, 0, 0),
(2227, 52, 17, '6260134', 'C', 0, 0, 3, 0, 0, 'A', 5, 0, 0, 0, 0),
(2228, 68, 17, '6260134', 'C', 0, 0, 3, 0, 0, 'B', 0, 4, 0, 0, 0),
(2229, 69, 17, '6260134', 'C', 0, 0, 3, 0, 0, 'B', 0, 4, 0, 0, 0),
(2230, 70, 17, '6260134', 'C', 0, 0, 3, 0, 0, 'A', 5, 0, 0, 0, 0),
(2231, 51, 18, '6260134', 'C', 0, 0, 3, 0, 0, 'B', 0, 4, 0, 0, 0),
(2232, 72, 18, '6260134', 'C', 0, 0, 3, 0, 0, 'B', 0, 4, 0, 0, 0),
(2233, 73, 18, '6260134', 'C', 0, 0, 3, 0, 0, 'B', 0, 4, 0, 0, 0),
(2234, 74, 18, '6260134', 'C', 0, 0, 3, 0, 0, 'B', 0, 4, 0, 0, 0),
(2235, 48, 14, '5662650', 'C', 0, 0, 3, 0, 0, 'B', 0, 4, 0, 0, 0),
(2236, 56, 14, '5662650', 'B', 0, 4, 0, 0, 0, 'A', 5, 0, 0, 0, 0),
(2237, 57, 14, '5662650', 'C', 0, 0, 3, 0, 0, 'B', 0, 4, 0, 0, 0),
(2238, 58, 14, '5662650', 'C', 0, 0, 3, 0, 0, 'A', 5, 0, 0, 0, 0),
(2239, 59, 14, '5662650', 'C', 0, 0, 3, 0, 0, 'B', 0, 4, 0, 0, 0),
(2240, 49, 15, '5662650', 'C', 0, 0, 3, 0, 0, 'B', 0, 4, 0, 0, 0),
(2241, 60, 15, '5662650', 'C', 0, 0, 3, 0, 0, 'B', 0, 4, 0, 0, 0),
(2242, 61, 15, '5662650', 'C', 0, 0, 3, 0, 0, 'B', 0, 4, 0, 0, 0),
(2243, 62, 15, '5662650', 'B', 0, 4, 0, 0, 0, 'A', 5, 0, 0, 0, 0),
(2244, 50, 16, '5662650', 'C', 0, 0, 3, 0, 0, 'B', 0, 4, 0, 0, 0),
(2245, 64, 16, '5662650', 'C', 0, 0, 3, 0, 0, 'A', 5, 0, 0, 0, 0),
(2246, 65, 16, '5662650', 'D', 0, 1, 0, 2, 0, 'B', 0, 4, 0, 0, 0),
(2247, 66, 16, '5662650', 'D', 0, 1, 0, 2, 0, 'B', 0, 4, 0, 0, 0),
(2248, 52, 17, '5662650', 'C', 0, 0, 3, 0, 0, 'B', 0, 4, 0, 0, 0),
(2249, 68, 17, '5662650', 'B', 0, 4, 0, 0, 0, 'A', 5, 0, 0, 0, 0),
(2250, 69, 17, '5662650', 'C', 0, 0, 3, 0, 0, 'B', 0, 4, 0, 0, 0),
(2251, 70, 17, '5662650', 'B', 0, 4, 0, 0, 0, 'A', 5, 0, 0, 0, 0),
(2252, 51, 18, '5662650', 'C', 0, 0, 3, 0, 0, 'B', 0, 4, 0, 0, 0),
(2253, 72, 18, '5662650', 'D', 0, 1, 0, 2, 0, 'B', 0, 4, 0, 0, 0),
(2254, 73, 18, '5662650', 'B', 0, 4, 0, 0, 0, 'A', 5, 0, 0, 0, 0),
(2255, 74, 18, '5662650', 'C', 0, 0, 3, 0, 0, 'B', 0, 4, 0, 0, 0),
(2256, 48, 14, '1864288', 'C', 0, 0, 3, 0, 0, 'C', 0, 0, 3, 0, 0),
(2257, 56, 14, '1864288', 'A', 5, 0, 0, 0, 0, 'A', 5, 0, 0, 0, 0),
(2258, 57, 14, '1864288', 'B', 0, 4, 0, 0, 0, 'B', 0, 4, 0, 0, 0),
(2259, 58, 14, '1864288', 'C', 0, 0, 3, 0, 0, 'B', 0, 4, 0, 0, 0),
(2260, 59, 14, '1864288', 'C', 0, 0, 3, 0, 0, 'A', 5, 0, 0, 0, 0),
(2261, 49, 15, '1864288', 'C', 0, 0, 3, 0, 0, 'B', 0, 4, 0, 0, 0),
(2262, 60, 15, '1864288', 'C', 0, 0, 3, 0, 0, 'A', 5, 0, 0, 0, 0),
(2263, 61, 15, '1864288', 'C', 0, 0, 3, 0, 0, 'B', 0, 4, 0, 0, 0),
(2264, 62, 15, '1864288', 'C', 0, 0, 3, 0, 0, 'B', 0, 4, 0, 0, 0),
(2265, 50, 16, '1864288', 'D', 0, 1, 0, 2, 0, 'B', 0, 4, 0, 0, 0),
(2266, 64, 16, '1864288', 'C', 0, 0, 3, 0, 0, 'B', 0, 4, 0, 0, 0),
(2267, 65, 16, '1864288', 'C', 0, 0, 3, 0, 0, 'A', 5, 0, 0, 0, 0),
(2268, 66, 16, '1864288', 'B', 0, 4, 0, 0, 0, 'A', 5, 0, 0, 0, 0),
(2269, 52, 17, '1864288', 'C', 0, 0, 3, 0, 0, 'A', 5, 0, 0, 0, 0),
(2270, 68, 17, '1864288', 'B', 0, 4, 0, 0, 0, 'A', 5, 0, 0, 0, 0),
(2271, 69, 17, '1864288', 'C', 0, 0, 3, 0, 0, 'B', 0, 4, 0, 0, 0),
(2272, 70, 17, '1864288', 'D', 0, 0, 0, 2, 0, 'C', 0, 0, 3, 0, 0),
(2273, 51, 18, '1864288', 'C', 0, 0, 3, 0, 0, 'B', 0, 4, 0, 0, 0),
(2274, 72, 18, '1864288', 'D', 0, 0, 0, 2, 0, 'C', 0, 0, 3, 0, 0),
(2275, 73, 18, '1864288', 'B', 0, 4, 0, 0, 0, 'A', 5, 0, 0, 0, 0),
(2276, 74, 18, '1864288', 'C', 0, 0, 3, 0, 0, 'A', 5, 0, 0, 0, 0),
(2277, 48, 14, '874735', 'B', 0, 4, 0, 0, 0, 'B', 0, 4, 0, 0, 0),
(2278, 56, 14, '874735', 'C', 0, 0, 3, 0, 0, 'B', 0, 4, 0, 0, 0),
(2279, 57, 14, '874735', 'A', 5, 0, 0, 0, 0, 'A', 5, 0, 0, 0, 0),
(2280, 58, 14, '874735', 'B', 0, 4, 0, 0, 0, 'B', 0, 4, 0, 0, 0),
(2281, 59, 14, '874735', 'A', 5, 0, 0, 0, 0, 'A', 5, 0, 0, 0, 0),
(2282, 49, 15, '874735', 'C', 0, 0, 3, 0, 0, 'B', 0, 4, 0, 0, 0),
(2283, 60, 15, '874735', 'B', 0, 4, 0, 0, 0, 'B', 0, 4, 0, 0, 0),
(2284, 61, 15, '874735', 'C', 0, 0, 3, 0, 0, 'B', 0, 4, 0, 0, 0),
(2285, 62, 15, '874735', 'D', 0, 0, 0, 2, 0, 'C', 0, 0, 3, 0, 0),
(2286, 50, 16, '874735', 'D', 0, 1, 0, 2, 0, 'B', 0, 4, 0, 0, 0),
(2287, 64, 16, '874735', 'C', 0, 0, 3, 0, 0, 'B', 0, 4, 0, 0, 0),
(2288, 65, 16, '874735', 'C', 0, 0, 3, 0, 0, 'B', 0, 4, 0, 0, 0),
(2289, 66, 16, '874735', 'B', 0, 4, 0, 0, 0, 'A', 5, 0, 0, 0, 0),
(2290, 52, 17, '874735', 'B', 0, 4, 0, 0, 0, 'A', 5, 0, 0, 0, 0),
(2291, 68, 17, '874735', 'C', 0, 0, 3, 0, 0, 'B', 0, 4, 0, 0, 0),
(2292, 69, 17, '874735', 'C', 0, 0, 3, 0, 0, 'B', 0, 4, 0, 0, 0),
(2293, 70, 17, '874735', 'C', 0, 0, 3, 0, 0, 'B', 0, 4, 0, 0, 0),
(2294, 51, 18, '874735', 'C', 0, 0, 3, 0, 0, 'B', 0, 4, 0, 0, 0),
(2295, 72, 18, '874735', 'C', 0, 0, 3, 0, 0, 'B', 0, 4, 0, 0, 0),
(2296, 73, 18, '874735', 'C', 0, 0, 3, 0, 0, 'B', 0, 4, 0, 0, 0),
(2297, 74, 18, '874735', 'C', 0, 0, 3, 0, 0, 'A', 5, 0, 0, 0, 0),
(2298, 48, 14, '8830495', 'C', 0, 0, 3, 0, 0, 'C', 0, 0, 3, 0, 0),
(2299, 56, 14, '8830495', 'C', 0, 0, 3, 0, 0, 'B', 0, 4, 0, 0, 0),
(2300, 57, 14, '8830495', 'C', 0, 0, 3, 0, 0, 'B', 0, 4, 0, 0, 0),
(2301, 58, 14, '8830495', 'C', 0, 0, 3, 0, 0, 'A', 5, 0, 0, 0, 0),
(2302, 59, 14, '8830495', 'B', 0, 4, 0, 0, 0, 'B', 0, 4, 0, 0, 0),
(2303, 49, 15, '8830495', 'C', 0, 0, 3, 0, 0, 'A', 5, 0, 0, 0, 0),
(2304, 60, 15, '8830495', 'B', 0, 4, 0, 0, 0, 'B', 0, 4, 0, 0, 0),
(2305, 61, 15, '8830495', 'C', 0, 0, 3, 0, 0, 'B', 0, 4, 0, 0, 0),
(2306, 62, 15, '8830495', 'C', 0, 0, 3, 0, 0, 'B', 0, 4, 0, 0, 0),
(2307, 50, 16, '8830495', 'C', 0, 0, 3, 0, 0, 'B', 0, 4, 0, 0, 0),
(2308, 64, 16, '8830495', 'C', 0, 0, 3, 0, 0, 'B', 0, 4, 0, 0, 0),
(2309, 65, 16, '8830495', 'B', 0, 4, 0, 0, 0, 'A', 5, 0, 0, 0, 0),
(2310, 66, 16, '8830495', 'B', 0, 4, 0, 0, 0, 'A', 5, 0, 0, 0, 0),
(2311, 52, 17, '8830495', 'C', 0, 0, 3, 0, 0, 'B', 0, 4, 0, 0, 0),
(2312, 68, 17, '8830495', 'C', 0, 0, 3, 0, 0, 'A', 5, 0, 0, 0, 0),
(2313, 69, 17, '8830495', 'C', 0, 0, 3, 0, 0, 'A', 5, 0, 0, 0, 0),
(2314, 70, 17, '8830495', 'D', 0, 1, 0, 2, 0, 'B', 0, 4, 0, 0, 0),
(2315, 51, 18, '8830495', 'C', 0, 0, 3, 0, 0, 'B', 0, 4, 0, 0, 0),
(2316, 72, 18, '8830495', 'C', 0, 0, 3, 0, 0, 'B', 0, 4, 0, 0, 0),
(2317, 73, 18, '8830495', 'C', 0, 0, 3, 0, 0, 'B', 0, 4, 0, 0, 0),
(2318, 74, 18, '8830495', 'C', 0, 0, 3, 0, 0, 'B', 0, 4, 0, 0, 0),
(2319, 48, 14, '354080', 'C', 0, 0, 3, 0, 0, 'B', 0, 4, 0, 0, 0),
(2320, 56, 14, '354080', 'C', 0, 0, 3, 0, 0, 'B', 0, 4, 0, 0, 0),
(2321, 57, 14, '354080', 'B', 0, 4, 0, 0, 0, 'B', 0, 4, 0, 0, 0),
(2322, 58, 14, '354080', 'B', 0, 4, 0, 0, 0, 'B', 0, 4, 0, 0, 0),
(2323, 59, 14, '354080', 'B', 0, 4, 0, 0, 0, 'B', 0, 4, 0, 0, 0),
(2324, 49, 15, '354080', 'B', 0, 4, 0, 0, 0, 'A', 5, 0, 0, 0, 0),
(2325, 60, 15, '354080', 'B', 0, 4, 0, 0, 0, 'A', 5, 0, 0, 0, 0),
(2326, 61, 15, '354080', 'C', 0, 0, 3, 0, 0, 'B', 0, 4, 0, 0, 0),
(2327, 62, 15, '354080', 'C', 0, 0, 3, 0, 0, 'B', 0, 4, 0, 0, 0),
(2328, 50, 16, '354080', 'C', 0, 0, 3, 0, 0, 'B', 0, 4, 0, 0, 0),
(2329, 64, 16, '354080', 'C', 0, 0, 3, 0, 0, 'B', 0, 4, 0, 0, 0),
(2330, 65, 16, '354080', 'B', 0, 4, 0, 0, 0, 'A', 5, 0, 0, 0, 0),
(2331, 66, 16, '354080', 'C', 0, 0, 3, 0, 0, 'A', 5, 0, 0, 0, 0),
(2332, 52, 17, '354080', 'C', 0, 0, 3, 0, 0, 'B', 0, 4, 0, 0, 0),
(2333, 68, 17, '354080', 'C', 0, 0, 3, 0, 0, 'A', 5, 0, 0, 0, 0),
(2334, 69, 17, '354080', 'B', 0, 4, 0, 0, 0, 'A', 5, 0, 0, 0, 0),
(2335, 70, 17, '354080', 'C', 0, 0, 3, 0, 0, 'A', 5, 0, 0, 0, 0),
(2336, 51, 18, '354080', 'C', 0, 0, 3, 0, 0, 'B', 0, 4, 0, 0, 0),
(2337, 72, 18, '354080', 'C', 0, 0, 3, 0, 0, 'B', 0, 4, 0, 0, 0),
(2338, 73, 18, '354080', 'B', 0, 4, 0, 0, 0, 'A', 5, 0, 0, 0, 0),
(2339, 74, 18, '354080', 'C', 0, 0, 3, 0, 0, 'A', 5, 0, 0, 0, 0),
(2340, 48, 14, '6930418', 'C', 0, 0, 3, 0, 0, 'C', 0, 0, 3, 0, 0),
(2341, 56, 14, '6930418', 'C', 0, 0, 3, 0, 0, 'B', 0, 4, 0, 0, 0),
(2342, 57, 14, '6930418', 'C', 0, 0, 3, 0, 0, 'B', 0, 4, 0, 0, 0),
(2343, 58, 14, '6930418', 'B', 0, 4, 0, 0, 0, 'B', 0, 4, 0, 0, 0),
(2344, 59, 14, '6930418', 'B', 0, 4, 0, 0, 0, 'A', 5, 0, 0, 0, 0),
(2345, 49, 15, '6930418', 'B', 0, 4, 0, 0, 0, 'A', 5, 0, 0, 0, 0),
(2346, 60, 15, '6930418', 'B', 0, 4, 0, 0, 0, 'A', 5, 0, 0, 0, 0),
(2347, 61, 15, '6930418', 'B', 0, 4, 0, 0, 0, 'A', 5, 0, 0, 0, 0),
(2348, 62, 15, '6930418', 'C', 0, 0, 3, 0, 0, 'A', 5, 0, 0, 0, 0),
(2349, 50, 16, '6930418', 'B', 0, 4, 0, 0, 0, 'A', 5, 0, 0, 0, 0),
(2350, 64, 16, '6930418', 'B', 0, 4, 0, 0, 0, 'A', 5, 0, 0, 0, 0),
(2351, 65, 16, '6930418', 'C', 0, 0, 3, 0, 0, 'A', 5, 0, 0, 0, 0),
(2352, 66, 16, '6930418', 'C', 0, 0, 3, 0, 0, 'B', 0, 4, 0, 0, 0),
(2353, 52, 17, '6930418', 'C', 0, 0, 3, 0, 0, 'B', 0, 4, 0, 0, 0),
(2354, 68, 17, '6930418', 'C', 0, 0, 3, 0, 0, 'A', 5, 0, 0, 0, 0),
(2355, 69, 17, '6930418', 'C', 0, 0, 3, 0, 0, 'B', 0, 4, 0, 0, 0),
(2356, 70, 17, '6930418', 'D', 0, 0, 0, 2, 0, 'C', 0, 0, 3, 0, 0),
(2357, 51, 18, '6930418', 'C', 0, 0, 3, 0, 0, 'B', 0, 4, 0, 0, 0),
(2358, 72, 18, '6930418', 'C', 0, 0, 3, 0, 0, 'B', 0, 4, 0, 0, 0),
(2359, 73, 18, '6930418', 'B', 0, 4, 0, 0, 0, 'A', 5, 0, 0, 0, 0),
(2360, 74, 18, '6930418', 'B', 0, 4, 0, 0, 0, 'A', 5, 0, 0, 0, 0),
(2361, 48, 14, '8136809', 'C', 0, 0, 3, 0, 0, 'B', 0, 4, 0, 0, 0),
(2362, 56, 14, '8136809', 'C', 0, 0, 3, 0, 0, 'B', 0, 4, 0, 0, 0),
(2363, 57, 14, '8136809', 'C', 0, 0, 3, 0, 0, 'A', 5, 0, 0, 0, 0),
(2364, 58, 14, '8136809', 'C', 0, 0, 3, 0, 0, 'B', 0, 4, 0, 0, 0),
(2365, 59, 14, '8136809', 'C', 0, 0, 3, 0, 0, 'A', 5, 0, 0, 0, 0),
(2366, 49, 15, '8136809', 'C', 0, 0, 3, 0, 0, 'B', 0, 4, 0, 0, 0),
(2367, 60, 15, '8136809', 'C', 0, 0, 3, 0, 0, 'B', 0, 4, 0, 0, 0),
(2368, 61, 15, '8136809', 'C', 0, 0, 3, 0, 0, 'B', 0, 4, 0, 0, 0),
(2369, 62, 15, '8136809', 'C', 0, 0, 3, 0, 0, 'A', 5, 0, 0, 0, 0),
(2370, 50, 16, '8136809', 'C', 0, 0, 3, 0, 0, 'B', 0, 4, 0, 0, 0),
(2371, 64, 16, '8136809', 'C', 0, 0, 3, 0, 0, 'B', 0, 4, 0, 0, 0),
(2372, 65, 16, '8136809', 'B', 0, 4, 0, 0, 0, 'A', 5, 0, 0, 0, 0),
(2373, 66, 16, '8136809', 'C', 0, 0, 3, 0, 0, 'A', 5, 0, 0, 0, 0),
(2374, 52, 17, '8136809', 'C', 0, 0, 3, 0, 0, 'B', 0, 4, 0, 0, 0),
(2375, 68, 17, '8136809', 'C', 0, 0, 3, 0, 0, 'B', 0, 4, 0, 0, 0),
(2376, 69, 17, '8136809', 'B', 0, 4, 0, 0, 0, 'A', 5, 0, 0, 0, 0),
(2377, 70, 17, '8136809', 'B', 0, 4, 0, 0, 0, 'A', 5, 0, 0, 0, 0),
(2378, 51, 18, '8136809', 'B', 0, 4, 0, 0, 0, 'A', 5, 0, 0, 0, 0),
(2379, 72, 18, '8136809', 'C', 0, 0, 3, 0, 0, 'B', 0, 4, 0, 0, 0),
(2380, 73, 18, '8136809', 'C', 0, 0, 3, 0, 0, 'B', 0, 4, 0, 0, 0),
(2381, 74, 18, '8136809', 'D', 0, 1, 0, 2, 0, 'B', 0, 4, 0, 0, 0),
(2382, 48, 14, '2939911', 'C', 0, 0, 3, 0, 0, 'B', 0, 4, 0, 0, 0),
(2383, 56, 14, '2939911', 'C', 0, 0, 3, 0, 0, 'B', 0, 4, 0, 0, 0),
(2384, 57, 14, '2939911', 'B', 0, 4, 0, 0, 0, 'B', 0, 4, 0, 0, 0),
(2385, 58, 14, '2939911', 'B', 0, 4, 0, 0, 0, 'A', 5, 0, 0, 0, 0),
(2386, 59, 14, '2939911', 'C', 0, 0, 3, 0, 0, 'A', 5, 0, 0, 0, 0),
(2387, 49, 15, '2939911', 'C', 0, 0, 3, 0, 0, 'B', 0, 4, 0, 0, 0),
(2388, 60, 15, '2939911', 'C', 0, 0, 3, 0, 0, 'A', 5, 0, 0, 0, 0),
(2389, 61, 15, '2939911', 'C', 0, 0, 3, 0, 0, 'B', 0, 4, 0, 0, 0),
(2390, 62, 15, '2939911', 'C', 0, 0, 3, 0, 0, 'A', 5, 0, 0, 0, 0),
(2391, 50, 16, '2939911', 'C', 0, 0, 3, 0, 0, 'B', 0, 4, 0, 0, 0),
(2392, 64, 16, '2939911', 'B', 0, 4, 0, 0, 0, 'A', 5, 0, 0, 0, 0),
(2393, 65, 16, '2939911', 'B', 0, 4, 0, 0, 0, 'A', 5, 0, 0, 0, 0),
(2394, 66, 16, '2939911', 'C', 0, 0, 3, 0, 0, 'B', 0, 4, 0, 0, 0),
(2395, 52, 17, '2939911', 'C', 0, 0, 0, 0, 1, '', 0, 0, 0, 0, 1),
(2396, 68, 17, '2939911', 'B', 0, 4, 0, 0, 0, 'A', 5, 0, 0, 0, 0),
(2397, 69, 17, '2939911', 'C', 0, 0, 3, 0, 0, 'A', 5, 0, 0, 0, 0),
(2398, 70, 17, '2939911', 'B', 0, 4, 0, 0, 0, 'A', 5, 0, 0, 0, 0),
(2399, 51, 18, '2939911', 'B', 0, 4, 0, 0, 0, 'A', 5, 0, 0, 0, 0),
(2400, 72, 18, '2939911', 'C', 0, 0, 3, 0, 0, 'B', 0, 4, 0, 0, 0),
(2401, 73, 18, '2939911', 'C', 0, 0, 3, 0, 0, 'B', 0, 4, 0, 0, 0),
(2402, 74, 18, '2939911', 'C', 0, 0, 3, 0, 0, 'B', 0, 4, 0, 0, 0),
(2403, 48, 14, '2595524', 'B', 0, 4, 0, 0, 0, 'A', 5, 0, 0, 0, 0),
(2404, 56, 14, '2595524', 'A', 5, 0, 0, 0, 0, 'B', 0, 4, 0, 0, 0),
(2405, 57, 14, '2595524', 'A', 5, 0, 0, 0, 0, 'B', 0, 4, 0, 0, 0),
(2406, 58, 14, '2595524', 'B', 0, 4, 0, 0, 0, 'A', 5, 0, 0, 0, 0),
(2407, 59, 14, '2595524', 'A', 5, 0, 0, 0, 0, 'B', 0, 4, 0, 0, 0),
(2408, 49, 15, '2595524', 'A', 5, 0, 0, 0, 0, 'B', 0, 4, 0, 0, 0),
(2409, 60, 15, '2595524', 'A', 5, 0, 0, 0, 0, 'B', 0, 4, 0, 0, 0),
(2410, 61, 15, '2595524', 'A', 5, 0, 0, 0, 0, 'B', 0, 4, 0, 0, 0),
(2411, 62, 15, '2595524', 'A', 5, 0, 0, 0, 0, 'B', 0, 4, 0, 0, 0),
(2412, 50, 16, '2595524', 'A', 5, 0, 0, 0, 0, 'B', 0, 4, 0, 0, 0),
(2413, 64, 16, '2595524', 'A', 5, 0, 0, 0, 0, 'B', 0, 4, 0, 0, 0),
(2414, 65, 16, '2595524', 'A', 5, 0, 0, 0, 0, 'B', 0, 4, 0, 0, 0),
(2415, 66, 16, '2595524', 'A', 5, 0, 0, 0, 0, 'B', 0, 4, 0, 0, 0),
(2416, 52, 17, '2595524', 'C', 0, 0, 3, 0, 0, 'B', 0, 4, 0, 0, 0),
(2417, 68, 17, '2595524', 'A', 5, 0, 0, 0, 0, 'B', 0, 4, 0, 0, 0),
(2418, 69, 17, '2595524', 'B', 0, 4, 0, 0, 0, 'A', 5, 0, 0, 0, 0),
(2419, 70, 17, '2595524', 'A', 5, 0, 0, 0, 0, 'B', 0, 4, 0, 0, 0),
(2420, 51, 18, '2595524', 'A', 5, 0, 0, 0, 0, 'B', 0, 4, 0, 0, 0),
(2421, 72, 18, '2595524', 'A', 5, 0, 0, 0, 0, 'B', 0, 4, 0, 0, 0),
(2422, 73, 18, '2595524', 'A', 5, 0, 0, 0, 0, 'B', 0, 4, 0, 0, 0),
(2423, 74, 18, '2595524', 'B', 0, 4, 0, 0, 0, 'A', 5, 0, 0, 0, 0),
(2445, 48, 14, '8066154', 'A', 5, 0, 0, 0, 0, 'B', 0, 4, 0, 0, 0),
(2446, 56, 14, '8066154', 'B', 0, 4, 0, 0, 0, 'A', 5, 0, 0, 0, 0),
(2447, 57, 14, '8066154', 'A', 5, 0, 0, 0, 0, 'B', 0, 4, 0, 0, 0),
(2448, 58, 14, '8066154', 'A', 5, 0, 0, 0, 0, 'B', 0, 4, 0, 0, 0),
(2449, 59, 14, '8066154', 'B', 0, 4, 0, 0, 0, 'A', 5, 0, 0, 0, 0),
(2450, 49, 15, '8066154', 'A', 5, 0, 0, 0, 0, 'B', 0, 4, 0, 0, 0),
(2451, 60, 15, '8066154', 'B', 0, 4, 0, 0, 0, 'A', 5, 0, 0, 0, 0),
(2452, 61, 15, '8066154', 'A', 5, 0, 0, 0, 0, 'B', 0, 4, 0, 0, 0),
(2453, 62, 15, '8066154', 'B', 0, 4, 0, 0, 0, 'A', 5, 0, 0, 0, 0),
(2454, 50, 16, '8066154', 'A', 5, 0, 0, 0, 0, 'B', 0, 4, 0, 0, 0),
(2455, 64, 16, '8066154', 'B', 0, 4, 0, 0, 0, 'A', 5, 0, 0, 0, 0),
(2456, 65, 16, '8066154', 'A', 5, 0, 0, 0, 0, 'B', 0, 4, 0, 0, 0),
(2457, 66, 16, '8066154', 'B', 0, 4, 0, 0, 0, 'A', 5, 0, 0, 0, 0),
(2458, 52, 17, '8066154', 'A', 5, 0, 0, 0, 0, 'B', 0, 4, 0, 0, 0),
(2459, 68, 17, '8066154', 'B', 0, 4, 0, 0, 0, 'A', 5, 0, 0, 0, 0),
(2460, 69, 17, '8066154', 'B', 0, 4, 0, 0, 0, 'A', 5, 0, 0, 0, 0),
(2461, 70, 17, '8066154', 'B', 0, 4, 0, 0, 0, 'A', 5, 0, 0, 0, 0),
(2462, 51, 18, '8066154', 'A', 5, 0, 0, 0, 0, 'B', 0, 4, 0, 0, 0),
(2463, 72, 18, '8066154', 'B', 0, 4, 0, 0, 0, 'A', 5, 0, 0, 0, 0),
(2464, 73, 18, '8066154', 'A', 5, 0, 0, 0, 0, 'B', 0, 4, 0, 0, 0),
(2465, 74, 18, '8066154', 'B', 0, 4, 0, 0, 0, 'A', 5, 0, 0, 0, 0),
(2466, 48, 14, '8189468', 'B', 0, 4, 0, 0, 0, 'B', 0, 4, 0, 0, 0),
(2467, 56, 14, '8189468', 'C', 0, 0, 3, 0, 0, 'B', 0, 4, 0, 0, 0),
(2468, 57, 14, '8189468', 'B', 0, 4, 0, 0, 0, 'A', 5, 0, 0, 0, 0),
(2469, 58, 14, '8189468', 'B', 0, 4, 0, 0, 0, 'A', 5, 0, 0, 0, 0),
(2470, 59, 14, '8189468', 'B', 0, 4, 0, 0, 0, 'A', 5, 0, 0, 0, 0),
(2471, 49, 15, '8189468', 'C', 0, 0, 3, 0, 0, 'B', 0, 4, 0, 0, 0),
(2472, 60, 15, '8189468', 'B', 0, 4, 0, 0, 0, 'A', 5, 0, 0, 0, 0),
(2473, 61, 15, '8189468', 'C', 0, 0, 3, 0, 0, 'B', 0, 4, 0, 0, 0),
(2474, 62, 15, '8189468', 'C', 0, 0, 3, 0, 0, 'A', 5, 0, 0, 0, 0),
(2475, 50, 16, '8189468', 'C', 0, 0, 3, 0, 0, 'B', 0, 4, 0, 0, 0),
(2476, 64, 16, '8189468', 'B', 0, 4, 0, 0, 0, 'A', 5, 0, 0, 0, 0),
(2477, 65, 16, '8189468', 'C', 0, 0, 3, 0, 0, 'B', 0, 4, 0, 0, 0),
(2478, 66, 16, '8189468', 'B', 0, 4, 0, 0, 0, 'A', 5, 0, 0, 0, 0),
(2479, 52, 17, '8189468', 'C', 0, 0, 3, 0, 0, 'B', 0, 4, 0, 0, 0),
(2480, 68, 17, '8189468', 'C', 0, 0, 3, 0, 0, 'B', 0, 4, 0, 0, 0),
(2481, 69, 17, '8189468', 'B', 0, 4, 0, 0, 0, 'A', 5, 0, 0, 0, 0),
(2482, 70, 17, '8189468', 'C', 0, 0, 3, 0, 0, 'B', 0, 4, 0, 0, 0),
(2483, 51, 18, '8189468', 'B', 0, 4, 0, 0, 0, 'A', 5, 0, 0, 0, 0),
(2484, 72, 18, '8189468', 'C', 0, 0, 3, 0, 0, 'B', 0, 4, 0, 0, 0),
(2485, 73, 18, '8189468', 'C', 0, 0, 3, 0, 0, 'B', 0, 4, 0, 0, 0),
(2486, 74, 18, '8189468', 'B', 0, 4, 0, 0, 0, 'A', 5, 0, 0, 0, 0),
(2487, 48, 14, '2412032', 'C', 0, 0, 3, 0, 0, 'B', 0, 4, 0, 0, 0),
(2488, 56, 14, '2412032', 'C', 0, 0, 3, 0, 0, 'B', 0, 4, 0, 0, 0),
(2489, 57, 14, '2412032', 'C', 0, 0, 3, 0, 0, 'C', 0, 0, 3, 0, 0),
(2490, 58, 14, '2412032', 'A', 5, 0, 0, 0, 0, 'A', 5, 0, 0, 0, 0),
(2491, 59, 14, '2412032', 'B', 0, 4, 0, 0, 0, 'B', 0, 4, 0, 0, 0),
(2492, 49, 15, '2412032', 'C', 0, 0, 3, 0, 0, 'A', 5, 0, 0, 0, 0),
(2493, 60, 15, '2412032', 'B', 0, 4, 0, 0, 0, 'A', 5, 0, 0, 0, 0),
(2494, 61, 15, '2412032', 'C', 0, 0, 3, 0, 0, 'B', 0, 4, 0, 0, 0),
(2495, 62, 15, '2412032', 'B', 0, 4, 0, 0, 0, 'A', 5, 0, 0, 0, 0),
(2496, 50, 16, '2412032', 'C', 0, 0, 3, 0, 0, 'B', 0, 4, 0, 0, 0),
(2497, 64, 16, '2412032', 'C', 0, 0, 3, 0, 0, 'B', 0, 4, 0, 0, 0),
(2498, 65, 16, '2412032', 'C', 0, 0, 3, 0, 0, 'B', 0, 4, 0, 0, 0),
(2499, 66, 16, '2412032', 'B', 0, 4, 0, 0, 0, 'A', 5, 0, 0, 0, 0),
(2500, 52, 17, '2412032', 'C', 0, 0, 3, 0, 0, 'B', 0, 4, 0, 0, 0),
(2501, 68, 17, '2412032', 'B', 0, 4, 0, 0, 0, 'A', 5, 0, 0, 0, 0),
(2502, 69, 17, '2412032', 'B', 0, 4, 0, 0, 0, 'A', 5, 0, 0, 0, 0),
(2503, 70, 17, '2412032', 'C', 0, 0, 3, 0, 0, 'B', 0, 4, 0, 0, 0),
(2504, 51, 18, '2412032', 'C', 0, 0, 3, 0, 0, 'B', 0, 4, 0, 0, 0),
(2505, 72, 18, '2412032', 'C', 0, 0, 3, 0, 0, 'B', 0, 4, 0, 0, 0),
(2506, 73, 18, '2412032', 'C', 0, 0, 3, 0, 0, 'B', 0, 4, 0, 0, 0),
(2507, 74, 18, '2412032', 'B', 0, 4, 0, 0, 0, 'A', 5, 0, 0, 0, 0),
(2508, 48, 14, '795491', 'A', 5, 0, 0, 0, 0, 'B', 0, 4, 0, 0, 0),
(2509, 56, 14, '795491', 'A', 5, 0, 0, 0, 0, 'B', 0, 4, 0, 0, 0),
(2510, 57, 14, '795491', 'B', 0, 4, 0, 0, 0, 'A', 5, 0, 0, 0, 0),
(2511, 58, 14, '795491', 'B', 0, 4, 0, 0, 0, 'A', 5, 0, 0, 0, 0),
(2512, 59, 14, '795491', 'B', 0, 4, 0, 0, 0, 'A', 5, 0, 0, 0, 0),
(2513, 49, 15, '795491', 'A', 5, 0, 0, 0, 0, 'B', 0, 4, 0, 0, 0),
(2514, 60, 15, '795491', 'A', 5, 0, 0, 0, 0, 'B', 0, 4, 0, 0, 0),
(2515, 61, 15, '795491', 'A', 5, 0, 0, 0, 0, 'B', 0, 4, 0, 0, 0),
(2516, 62, 15, '795491', 'B', 0, 4, 0, 0, 0, 'A', 5, 0, 0, 0, 0),
(2517, 50, 16, '795491', 'A', 5, 0, 0, 0, 0, 'B', 0, 4, 0, 0, 0),
(2518, 64, 16, '795491', 'B', 0, 4, 0, 0, 0, 'A', 5, 0, 0, 0, 0),
(2519, 65, 16, '795491', 'B', 0, 4, 0, 0, 0, 'A', 5, 0, 0, 0, 0),
(2520, 66, 16, '795491', 'A', 5, 0, 0, 0, 0, 'B', 0, 4, 0, 0, 0),
(2521, 52, 17, '795491', 'B', 0, 4, 0, 0, 0, 'A', 5, 0, 0, 0, 0),
(2522, 68, 17, '795491', 'A', 5, 0, 0, 0, 0, 'B', 0, 4, 0, 0, 0),
(2523, 69, 17, '795491', 'A', 5, 0, 0, 0, 0, 'B', 0, 4, 0, 0, 0),
(2524, 70, 17, '795491', 'A', 5, 0, 0, 0, 0, 'B', 0, 4, 0, 0, 0),
(2525, 51, 18, '795491', 'A', 5, 0, 0, 0, 0, 'B', 0, 4, 0, 0, 0),
(2526, 72, 18, '795491', 'A', 5, 0, 0, 0, 0, 'B', 0, 4, 0, 0, 0),
(2527, 73, 18, '795491', 'A', 5, 0, 0, 0, 0, 'B', 0, 4, 0, 0, 0),
(2528, 74, 18, '795491', 'A', 5, 0, 0, 0, 0, 'B', 0, 4, 0, 0, 0),
(2529, 48, 14, '3696515', 'C', 0, 0, 3, 0, 0, 'B', 0, 4, 0, 0, 0),
(2530, 56, 14, '3696515', 'C', 0, 0, 3, 0, 0, 'B', 0, 4, 0, 0, 0),
(2531, 57, 14, '3696515', 'C', 0, 0, 3, 0, 0, 'C', 0, 0, 3, 0, 0),
(2532, 58, 14, '3696515', 'B', 0, 4, 0, 0, 0, 'B', 0, 4, 0, 0, 0),
(2533, 59, 14, '3696515', 'C', 0, 0, 3, 0, 0, 'B', 0, 4, 0, 0, 0),
(2534, 49, 15, '3696515', 'C', 0, 0, 3, 0, 0, 'B', 0, 4, 0, 0, 0),
(2535, 60, 15, '3696515', 'B', 0, 4, 0, 0, 0, 'B', 0, 4, 0, 0, 0),
(2536, 61, 15, '3696515', 'C', 0, 0, 3, 0, 0, 'B', 0, 4, 0, 0, 0),
(2537, 62, 15, '3696515', 'C', 0, 0, 3, 0, 0, 'B', 0, 4, 0, 0, 0),
(2538, 50, 16, '3696515', 'C', 0, 0, 3, 0, 0, 'B', 0, 4, 0, 0, 0),
(2539, 64, 16, '3696515', 'D', 0, 1, 0, 2, 0, 'B', 0, 4, 0, 0, 0),
(2540, 65, 16, '3696515', 'C', 0, 0, 3, 0, 0, 'B', 0, 4, 0, 0, 0),
(2541, 66, 16, '3696515', 'C', 0, 0, 3, 0, 0, 'B', 0, 4, 0, 0, 0),
(2542, 52, 17, '3696515', 'C', 0, 0, 3, 0, 0, 'B', 0, 4, 0, 0, 0),
(2543, 68, 17, '3696515', 'C', 0, 0, 3, 0, 0, 'A', 5, 0, 0, 0, 0),
(2544, 69, 17, '3696515', 'C', 0, 0, 3, 0, 0, 'B', 0, 4, 0, 0, 0),
(2545, 70, 17, '3696515', 'D', 0, 0, 0, 2, 0, 'C', 0, 0, 3, 0, 0),
(2546, 51, 18, '3696515', 'C', 0, 0, 3, 0, 0, 'B', 0, 4, 0, 0, 0),
(2547, 72, 18, '3696515', 'C', 0, 0, 3, 0, 0, 'B', 0, 4, 0, 0, 0),
(2548, 73, 18, '3696515', 'C', 0, 0, 3, 0, 0, 'B', 0, 4, 0, 0, 0),
(2549, 74, 18, '3696515', 'C', 0, 0, 3, 0, 0, 'B', 0, 4, 0, 0, 0),
(2550, 48, 14, '9179874', 'A', 5, 0, 0, 0, 0, 'B', 0, 4, 0, 0, 0),
(2551, 56, 14, '9179874', 'A', 5, 0, 0, 0, 0, 'B', 0, 4, 0, 0, 0),
(2552, 57, 14, '9179874', 'A', 5, 0, 0, 0, 0, 'B', 0, 4, 0, 0, 0),
(2553, 58, 14, '9179874', 'A', 5, 0, 0, 0, 0, 'B', 0, 4, 0, 0, 0),
(2554, 59, 14, '9179874', 'A', 5, 0, 0, 0, 0, 'B', 0, 4, 0, 0, 0),
(2555, 49, 15, '9179874', 'A', 5, 0, 0, 0, 0, 'B', 0, 4, 0, 0, 0),
(2556, 60, 15, '9179874', 'A', 5, 0, 0, 0, 0, 'B', 0, 4, 0, 0, 0),
(2557, 61, 15, '9179874', 'B', 0, 4, 0, 0, 0, 'A', 5, 0, 0, 0, 0),
(2558, 62, 15, '9179874', 'A', 5, 0, 0, 0, 0, 'B', 0, 4, 0, 0, 0),
(2559, 50, 16, '9179874', 'A', 5, 0, 0, 0, 0, 'B', 0, 4, 0, 0, 0),
(2560, 64, 16, '9179874', 'A', 5, 0, 0, 0, 0, 'B', 0, 4, 0, 0, 0),
(2561, 65, 16, '9179874', 'A', 5, 0, 0, 0, 0, 'B', 0, 4, 0, 0, 0),
(2562, 66, 16, '9179874', 'A', 5, 0, 0, 0, 0, 'B', 0, 4, 0, 0, 0),
(2563, 52, 17, '9179874', 'B', 0, 4, 0, 0, 0, 'A', 5, 0, 0, 0, 0),
(2564, 68, 17, '9179874', 'A', 5, 0, 0, 0, 0, 'B', 0, 4, 0, 0, 0),
(2565, 69, 17, '9179874', 'A', 5, 0, 0, 0, 0, 'B', 0, 4, 0, 0, 0),
(2566, 70, 17, '9179874', 'B', 0, 4, 0, 0, 0, 'A', 5, 0, 0, 0, 0),
(2567, 51, 18, '9179874', 'A', 5, 0, 0, 0, 0, 'B', 0, 4, 0, 0, 0),
(2568, 72, 18, '9179874', 'B', 0, 4, 0, 0, 0, 'A', 5, 0, 0, 0, 0),
(2569, 73, 18, '9179874', 'A', 5, 0, 0, 0, 0, 'B', 0, 4, 0, 0, 0),
(2570, 74, 18, '9179874', 'A', 5, 0, 0, 0, 0, 'B', 0, 4, 0, 0, 0),
(2571, 48, 14, '5830531', 'A', 5, 0, 0, 0, 0, 'B', 0, 4, 0, 0, 0),
(2572, 56, 14, '5830531', 'A', 5, 0, 0, 0, 0, 'B', 0, 4, 0, 0, 0),
(2573, 57, 14, '5830531', 'A', 5, 0, 0, 0, 0, 'B', 0, 4, 0, 0, 0),
(2574, 58, 14, '5830531', 'A', 5, 0, 0, 0, 0, 'B', 0, 4, 0, 0, 0),
(2575, 59, 14, '5830531', 'A', 5, 0, 0, 0, 0, 'B', 0, 4, 0, 0, 0),
(2576, 49, 15, '5830531', 'A', 5, 0, 0, 0, 0, 'B', 0, 4, 0, 0, 0),
(2577, 60, 15, '5830531', 'A', 5, 0, 0, 0, 0, 'B', 0, 4, 0, 0, 0),
(2578, 61, 15, '5830531', 'A', 5, 0, 0, 0, 0, 'B', 0, 4, 0, 0, 0),
(2579, 62, 15, '5830531', 'B', 0, 4, 0, 0, 0, 'C', 0, 0, 3, 0, 0),
(2580, 50, 16, '5830531', 'B', 0, 4, 0, 0, 0, 'C', 0, 0, 3, 0, 0),
(2581, 64, 16, '5830531', 'A', 5, 0, 0, 0, 0, 'B', 0, 4, 0, 0, 0),
(2582, 65, 16, '5830531', 'A', 5, 0, 0, 0, 0, 'B', 0, 4, 0, 0, 0),
(2583, 66, 16, '5830531', 'A', 5, 0, 0, 0, 0, 'B', 0, 4, 0, 0, 0),
(2584, 52, 17, '5830531', 'A', 5, 0, 0, 0, 0, 'B', 0, 4, 0, 0, 0),
(2585, 68, 17, '5830531', 'A', 5, 0, 0, 0, 0, 'B', 0, 4, 0, 0, 0),
(2586, 69, 17, '5830531', 'A', 5, 0, 0, 0, 0, 'B', 0, 4, 0, 0, 0),
(2587, 70, 17, '5830531', 'A', 5, 0, 0, 0, 0, 'B', 0, 4, 0, 0, 0),
(2588, 51, 18, '5830531', 'B', 0, 4, 0, 0, 0, 'A', 5, 0, 0, 0, 0),
(2589, 72, 18, '5830531', 'B', 0, 4, 0, 0, 0, 'A', 5, 0, 0, 0, 0),
(2590, 73, 18, '5830531', 'B', 0, 4, 0, 0, 0, 'A', 5, 0, 0, 0, 0),
(2591, 74, 18, '5830531', 'B', 0, 4, 0, 0, 0, 'A', 5, 0, 0, 0, 0),
(2592, 48, 14, '3863201', 'A', 5, 0, 0, 0, 0, 'B', 0, 4, 0, 0, 0),
(2593, 56, 14, '3863201', 'B', 0, 4, 0, 0, 0, 'A', 5, 0, 0, 0, 0),
(2594, 57, 14, '3863201', 'A', 5, 0, 0, 0, 0, 'A', 5, 0, 0, 0, 0),
(2595, 58, 14, '3863201', 'A', 5, 0, 0, 0, 0, 'B', 0, 4, 0, 0, 0),
(2596, 59, 14, '3863201', 'A', 5, 0, 0, 0, 0, 'B', 0, 4, 0, 0, 0),
(2597, 49, 15, '3863201', 'A', 5, 0, 0, 0, 0, 'B', 0, 4, 0, 0, 0),
(2598, 60, 15, '3863201', 'A', 5, 0, 0, 0, 0, 'B', 0, 4, 0, 0, 0),
(2599, 61, 15, '3863201', 'A', 5, 0, 0, 0, 0, 'B', 0, 4, 0, 0, 0),
(2600, 62, 15, '3863201', 'A', 5, 0, 0, 0, 0, 'B', 0, 4, 0, 0, 0),
(2601, 50, 16, '3863201', 'A', 5, 0, 0, 0, 0, 'B', 0, 4, 0, 0, 0),
(2602, 64, 16, '3863201', 'A', 5, 0, 0, 0, 0, 'B', 0, 4, 0, 0, 0),
(2603, 65, 16, '3863201', 'A', 5, 0, 0, 0, 0, 'B', 0, 4, 0, 0, 0),
(2604, 66, 16, '3863201', 'B', 0, 4, 0, 0, 0, 'A', 5, 0, 0, 0, 0),
(2605, 52, 17, '3863201', 'A', 5, 0, 0, 0, 0, 'B', 0, 4, 0, 0, 0),
(2606, 68, 17, '3863201', 'B', 0, 4, 0, 0, 0, 'A', 5, 0, 0, 0, 0),
(2607, 69, 17, '3863201', 'A', 5, 0, 0, 0, 0, 'B', 0, 4, 0, 0, 0),
(2608, 70, 17, '3863201', 'B', 0, 4, 0, 0, 0, 'A', 5, 0, 0, 0, 0),
(2609, 51, 18, '3863201', 'A', 5, 0, 0, 0, 0, 'B', 0, 4, 0, 0, 0),
(2610, 72, 18, '3863201', 'A', 5, 0, 0, 0, 0, 'B', 0, 4, 0, 0, 0),
(2611, 73, 18, '3863201', 'B', 0, 4, 0, 0, 0, 'A', 5, 0, 0, 0, 0),
(2612, 74, 18, '3863201', 'B', 0, 4, 0, 0, 0, 'A', 5, 0, 0, 0, 0),
(2613, 48, 14, '165271', 'C', 0, 0, 3, 0, 0, 'C', 0, 0, 3, 0, 0),
(2614, 56, 14, '165271', 'B', 0, 4, 0, 0, 0, 'B', 0, 4, 0, 0, 0),
(2615, 57, 14, '165271', 'C', 0, 0, 3, 0, 0, 'B', 0, 4, 0, 0, 0),
(2616, 58, 14, '165271', 'C', 0, 0, 3, 0, 0, 'B', 0, 4, 0, 0, 0),
(2617, 59, 14, '165271', 'C', 0, 0, 3, 0, 0, 'C', 0, 0, 3, 0, 0),
(2618, 49, 15, '165271', 'B', 0, 4, 0, 0, 0, 'B', 0, 4, 0, 0, 0),
(2619, 60, 15, '165271', 'C', 0, 0, 3, 0, 0, 'B', 0, 4, 0, 0, 0),
(2620, 61, 15, '165271', 'C', 0, 0, 3, 0, 0, 'B', 0, 4, 0, 0, 0),
(2621, 62, 15, '165271', 'B', 0, 4, 0, 0, 0, 'A', 5, 0, 0, 0, 0),
(2622, 50, 16, '165271', 'C', 0, 0, 3, 0, 0, 'B', 0, 4, 0, 0, 0),
(2623, 64, 16, '165271', 'D', 0, 1, 0, 2, 0, 'B', 0, 4, 0, 0, 0),
(2624, 65, 16, '165271', 'C', 0, 0, 3, 0, 0, 'B', 0, 4, 0, 0, 0),
(2625, 66, 16, '165271', 'B', 0, 4, 0, 0, 0, 'A', 5, 0, 0, 0, 0),
(2626, 52, 17, '165271', 'C', 0, 0, 3, 0, 0, 'B', 0, 4, 0, 0, 0),
(2627, 68, 17, '165271', 'C', 0, 0, 3, 0, 0, 'A', 5, 0, 0, 0, 0),
(2628, 69, 17, '165271', 'B', 0, 4, 0, 0, 0, 'A', 5, 0, 0, 0, 0),
(2629, 70, 17, '165271', 'B', 0, 4, 0, 0, 0, 'A', 5, 0, 0, 0, 0),
(2630, 51, 18, '165271', 'C', 0, 0, 3, 0, 0, 'B', 0, 4, 0, 0, 0),
(2631, 72, 18, '165271', 'D', 0, 1, 0, 2, 0, 'B', 0, 4, 0, 0, 0),
(2632, 73, 18, '165271', 'C', 0, 0, 3, 0, 0, 'B', 0, 4, 0, 0, 0),
(2633, 74, 18, '165271', 'C', 0, 0, 3, 0, 0, 'B', 0, 4, 0, 0, 0),
(2634, 48, 14, '1502065', 'C', 0, 0, 3, 0, 0, 'C', 0, 0, 3, 0, 0),
(2635, 56, 14, '1502065', 'B', 0, 4, 0, 0, 0, 'B', 0, 4, 0, 0, 0),
(2636, 57, 14, '1502065', 'C', 0, 0, 3, 0, 0, 'B', 0, 4, 0, 0, 0),
(2637, 58, 14, '1502065', 'B', 0, 4, 0, 0, 0, 'A', 5, 0, 0, 0, 0),
(2638, 59, 14, '1502065', 'C', 0, 0, 3, 0, 0, 'A', 5, 0, 0, 0, 0),
(2639, 49, 15, '1502065', 'C', 0, 0, 3, 0, 0, 'A', 5, 0, 0, 0, 0),
(2640, 60, 15, '1502065', 'C', 0, 0, 3, 0, 0, 'B', 0, 4, 0, 0, 0),
(2641, 61, 15, '1502065', 'C', 0, 0, 3, 0, 0, 'B', 0, 4, 0, 0, 0),
(2642, 62, 15, '1502065', 'C', 0, 0, 3, 0, 0, 'B', 0, 4, 0, 0, 0),
(2643, 50, 16, '1502065', 'C', 0, 0, 3, 0, 0, 'B', 0, 4, 0, 0, 0),
(2644, 64, 16, '1502065', 'D', 0, 1, 0, 2, 0, 'B', 0, 4, 0, 0, 0),
(2645, 65, 16, '1502065', 'B', 0, 4, 0, 0, 0, 'A', 5, 0, 0, 0, 0),
(2646, 66, 16, '1502065', 'C', 0, 0, 3, 0, 0, 'B', 0, 4, 0, 0, 0),
(2647, 52, 17, '1502065', 'C', 0, 0, 3, 0, 0, 'B', 0, 4, 0, 0, 0),
(2648, 68, 17, '1502065', 'B', 0, 4, 0, 0, 0, 'A', 5, 0, 0, 0, 0),
(2649, 69, 17, '1502065', 'C', 0, 0, 3, 0, 0, 'B', 0, 4, 0, 0, 0),
(2650, 70, 17, '1502065', 'C', 0, 0, 3, 0, 0, 'B', 0, 4, 0, 0, 0),
(2651, 51, 18, '1502065', 'C', 0, 0, 3, 0, 0, 'B', 0, 4, 0, 0, 0),
(2652, 72, 18, '1502065', 'C', 0, 0, 3, 0, 0, 'B', 0, 4, 0, 0, 0),
(2653, 73, 18, '1502065', 'C', 0, 0, 3, 0, 0, 'B', 0, 4, 0, 0, 0),
(2654, 74, 18, '1502065', 'B', 0, 4, 0, 0, 0, 'A', 5, 0, 0, 0, 0),
(2655, 48, 14, '2938208', 'C', 0, 0, 3, 0, 0, 'B', 0, 4, 0, 0, 0),
(2656, 56, 14, '2938208', 'B', 0, 4, 0, 0, 0, 'A', 5, 0, 0, 0, 0),
(2657, 57, 14, '2938208', 'C', 0, 0, 3, 0, 0, 'B', 0, 4, 0, 0, 0),
(2658, 58, 14, '2938208', 'C', 0, 0, 3, 0, 0, 'B', 0, 4, 0, 0, 0),
(2659, 59, 14, '2938208', 'B', 0, 4, 0, 0, 0, 'A', 5, 0, 0, 0, 0),
(2660, 49, 15, '2938208', 'C', 0, 0, 3, 0, 0, 'B', 0, 4, 0, 0, 0),
(2661, 60, 15, '2938208', 'C', 0, 0, 3, 0, 0, 'A', 5, 0, 0, 0, 0),
(2662, 61, 15, '2938208', 'C', 0, 0, 3, 0, 0, 'B', 0, 4, 0, 0, 0),
(2663, 62, 15, '2938208', 'B', 0, 4, 0, 0, 0, 'A', 5, 0, 0, 0, 0),
(2664, 50, 16, '2938208', 'C', 0, 0, 3, 0, 0, 'B', 0, 4, 0, 0, 0),
(2665, 64, 16, '2938208', 'C', 0, 0, 3, 0, 0, 'B', 0, 4, 0, 0, 0),
(2666, 65, 16, '2938208', 'B', 0, 4, 0, 0, 0, 'A', 5, 0, 0, 0, 0),
(2667, 66, 16, '2938208', 'B', 0, 4, 0, 0, 0, 'A', 5, 0, 0, 0, 0),
(2668, 52, 17, '2938208', 'C', 0, 0, 3, 0, 0, 'A', 5, 0, 0, 0, 0),
(2669, 68, 17, '2938208', 'C', 0, 0, 3, 0, 0, 'B', 0, 4, 0, 0, 0),
(2670, 69, 17, '2938208', 'B', 0, 4, 0, 0, 0, 'A', 5, 0, 0, 0, 0),
(2671, 70, 17, '2938208', 'C', 0, 0, 3, 0, 0, 'A', 5, 0, 0, 0, 0),
(2672, 51, 18, '2938208', 'B', 0, 4, 0, 0, 0, 'A', 5, 0, 0, 0, 0),
(2673, 72, 18, '2938208', 'C', 0, 0, 3, 0, 0, 'B', 0, 4, 0, 0, 0),
(2674, 73, 18, '2938208', 'C', 0, 0, 3, 0, 0, 'A', 5, 0, 0, 0, 0),
(2675, 74, 18, '2938208', 'C', 0, 0, 3, 0, 0, 'A', 5, 0, 0, 0, 0),
(2676, 48, 14, '465948', 'A', 5, 0, 0, 0, 0, 'B', 0, 4, 0, 0, 0),
(2677, 56, 14, '465948', 'B', 0, 4, 0, 0, 0, 'A', 5, 0, 0, 0, 0),
(2678, 57, 14, '465948', 'A', 5, 0, 0, 0, 0, 'B', 0, 4, 0, 0, 0),
(2679, 58, 14, '465948', 'A', 5, 0, 0, 0, 0, 'B', 0, 4, 0, 0, 0),
(2680, 59, 14, '465948', 'A', 5, 0, 0, 0, 0, 'B', 0, 4, 0, 0, 0),
(2681, 49, 15, '465948', 'B', 0, 4, 0, 0, 0, 'A', 5, 0, 0, 0, 0),
(2682, 60, 15, '465948', 'B', 0, 4, 0, 0, 0, 'A', 5, 0, 0, 0, 0),
(2683, 61, 15, '465948', 'B', 0, 4, 0, 0, 0, 'A', 5, 0, 0, 0, 0),
(2684, 62, 15, '465948', 'B', 0, 4, 0, 0, 0, 'A', 5, 0, 0, 0, 0),
(2685, 50, 16, '465948', 'B', 0, 4, 0, 0, 0, 'C', 0, 0, 3, 0, 0),
(2686, 64, 16, '465948', 'A', 5, 0, 0, 0, 0, 'B', 0, 4, 0, 0, 0),
(2687, 65, 16, '465948', 'A', 5, 0, 0, 0, 0, 'B', 0, 4, 0, 0, 0),
(2688, 66, 16, '465948', 'B', 0, 4, 0, 0, 0, 'A', 5, 0, 0, 0, 0),
(2689, 52, 17, '465948', 'B', 0, 4, 0, 0, 0, 'A', 5, 0, 0, 0, 0),
(2690, 68, 17, '465948', 'A', 5, 0, 0, 0, 0, 'B', 0, 4, 0, 0, 0),
(2691, 69, 17, '465948', 'A', 5, 0, 0, 0, 0, 'B', 0, 4, 0, 0, 0),
(2692, 70, 17, '465948', 'B', 0, 4, 0, 0, 0, 'A', 5, 0, 0, 0, 0),
(2693, 51, 18, '465948', 'B', 0, 4, 0, 0, 0, 'A', 5, 0, 0, 0, 0),
(2694, 72, 18, '465948', 'A', 5, 0, 0, 0, 0, 'B', 0, 4, 0, 0, 0),
(2695, 73, 18, '465948', 'B', 0, 4, 0, 0, 0, 'A', 5, 0, 0, 0, 0),
(2696, 74, 18, '465948', 'B', 0, 4, 0, 0, 0, 'C', 0, 0, 3, 0, 0),
(2697, 48, 14, '9870537', 'C', 0, 0, 3, 0, 0, 'B', 0, 4, 0, 0, 0),
(2698, 56, 14, '9870537', 'C', 0, 0, 3, 0, 0, 'A', 5, 0, 0, 0, 0),
(2699, 57, 14, '9870537', 'C', 0, 0, 3, 0, 0, 'B', 0, 4, 0, 0, 0),
(2700, 58, 14, '9870537', 'C', 0, 0, 3, 0, 0, 'C', 0, 0, 3, 0, 0),
(2701, 59, 14, '9870537', 'B', 0, 4, 0, 0, 0, 'A', 5, 0, 0, 0, 0),
(2702, 49, 15, '9870537', 'C', 0, 0, 3, 0, 0, 'B', 0, 4, 0, 0, 0),
(2703, 60, 15, '9870537', 'C', 0, 0, 3, 0, 0, 'B', 0, 4, 0, 0, 0),
(2704, 61, 15, '9870537', 'C', 0, 0, 3, 0, 0, 'A', 5, 0, 0, 0, 0),
(2705, 62, 15, '9870537', 'D', 0, 1, 0, 2, 0, 'B', 0, 4, 0, 0, 0),
(2706, 50, 16, '9870537', 'C', 0, 0, 3, 0, 0, 'B', 0, 4, 0, 0, 0),
(2707, 64, 16, '9870537', 'C', 0, 0, 3, 0, 0, 'A', 5, 0, 0, 0, 0),
(2708, 65, 16, '9870537', 'C', 0, 0, 3, 0, 0, 'B', 0, 4, 0, 0, 0),
(2709, 66, 16, '9870537', 'C', 0, 0, 3, 0, 0, 'B', 0, 4, 0, 0, 0),
(2710, 52, 17, '9870537', 'C', 0, 0, 3, 0, 0, 'B', 0, 4, 0, 0, 0),
(2711, 68, 17, '9870537', 'C', 0, 0, 3, 0, 0, 'B', 0, 4, 0, 0, 0),
(2712, 69, 17, '9870537', 'B', 0, 4, 0, 0, 0, 'A', 5, 0, 0, 0, 0),
(2713, 70, 17, '9870537', 'C', 0, 0, 3, 0, 0, 'B', 0, 4, 0, 0, 0),
(2714, 51, 18, '9870537', 'C', 0, 0, 3, 0, 0, 'B', 0, 4, 0, 0, 0),
(2715, 72, 18, '9870537', 'C', 0, 0, 3, 0, 0, 'B', 0, 4, 0, 0, 0),
(2716, 73, 18, '9870537', 'C', 0, 0, 3, 0, 0, 'A', 5, 0, 0, 0, 0),
(2717, 74, 18, '9870537', 'B', 0, 4, 0, 0, 0, 'A', 5, 0, 0, 0, 0),
(2718, 48, 14, '1433488', 'B', 0, 4, 0, 0, 0, 'B', 0, 4, 0, 0, 0),
(2719, 56, 14, '1433488', 'C', 0, 0, 3, 0, 0, 'C', 0, 0, 3, 0, 0),
(2720, 57, 14, '1433488', 'C', 0, 0, 3, 0, 0, 'B', 0, 4, 0, 0, 0),
(2721, 58, 14, '1433488', 'C', 0, 0, 3, 0, 0, 'B', 0, 4, 0, 0, 0),
(2722, 59, 14, '1433488', 'C', 0, 0, 3, 0, 0, 'B', 0, 4, 0, 0, 0),
(2723, 49, 15, '1433488', 'C', 0, 0, 3, 0, 0, 'A', 5, 0, 0, 0, 0),
(2724, 60, 15, '1433488', 'B', 0, 4, 0, 0, 0, 'A', 5, 0, 0, 0, 0),
(2725, 61, 15, '1433488', 'B', 0, 4, 0, 0, 0, 'A', 5, 0, 0, 0, 0),
(2726, 62, 15, '1433488', 'C', 0, 0, 3, 0, 0, 'A', 5, 0, 0, 0, 0),
(2727, 50, 16, '1433488', 'C', 0, 0, 3, 0, 0, 'B', 0, 4, 0, 0, 0),
(2728, 64, 16, '1433488', 'B', 0, 4, 0, 0, 0, 'A', 5, 0, 0, 0, 0),
(2729, 65, 16, '1433488', 'C', 0, 0, 3, 0, 0, 'A', 5, 0, 0, 0, 0),
(2730, 66, 16, '1433488', 'C', 0, 0, 3, 0, 0, 'A', 5, 0, 0, 0, 0),
(2731, 52, 17, '1433488', 'C', 0, 0, 3, 0, 0, 'B', 0, 4, 0, 0, 0),
(2732, 68, 17, '1433488', 'B', 0, 4, 0, 0, 0, 'A', 5, 0, 0, 0, 0),
(2733, 69, 17, '1433488', 'C', 0, 0, 3, 0, 0, 'A', 5, 0, 0, 0, 0),
(2734, 70, 17, '1433488', 'C', 0, 0, 3, 0, 0, 'A', 5, 0, 0, 0, 0),
(2735, 51, 18, '1433488', 'C', 0, 0, 3, 0, 0, 'A', 5, 0, 0, 0, 0),
(2736, 72, 18, '1433488', 'B', 0, 4, 0, 0, 0, 'A', 5, 0, 0, 0, 0),
(2737, 73, 18, '1433488', 'C', 0, 0, 3, 0, 0, 'B', 0, 4, 0, 0, 0),
(2738, 74, 18, '1433488', 'C', 0, 0, 3, 0, 0, 'B', 0, 4, 0, 0, 0),
(2739, 48, 14, '5892872', 'A', 5, 0, 0, 0, 0, 'B', 0, 4, 0, 0, 0),
(2740, 56, 14, '5892872', 'A', 5, 0, 0, 0, 0, 'B', 0, 4, 0, 0, 0),
(2741, 57, 14, '5892872', 'A', 5, 0, 0, 0, 0, 'B', 0, 4, 0, 0, 0),
(2742, 58, 14, '5892872', 'A', 5, 0, 0, 0, 0, 'B', 0, 4, 0, 0, 0),
(2743, 59, 14, '5892872', 'A', 5, 0, 0, 0, 0, 'B', 0, 4, 0, 0, 0),
(2744, 49, 15, '5892872', 'A', 5, 0, 0, 0, 0, 'B', 0, 4, 0, 0, 0),
(2745, 60, 15, '5892872', 'A', 5, 0, 0, 0, 0, 'B', 0, 4, 0, 0, 0),
(2746, 61, 15, '5892872', 'A', 5, 0, 0, 0, 0, 'B', 0, 4, 0, 0, 0),
(2747, 62, 15, '5892872', 'A', 5, 0, 0, 0, 0, 'B', 0, 4, 0, 0, 0),
(2748, 50, 16, '5892872', 'A', 5, 0, 0, 0, 0, 'B', 0, 4, 0, 0, 0),
(2749, 64, 16, '5892872', 'B', 0, 4, 0, 0, 0, 'A', 5, 0, 0, 0, 0),
(2750, 65, 16, '5892872', 'A', 5, 0, 0, 0, 0, 'A', 5, 0, 0, 0, 0),
(2751, 66, 16, '5892872', 'A', 5, 0, 0, 0, 0, 'B', 0, 4, 0, 0, 0),
(2752, 52, 17, '5892872', 'A', 5, 0, 0, 0, 0, 'B', 0, 4, 0, 0, 0),
(2753, 68, 17, '5892872', 'A', 5, 0, 0, 0, 0, 'B', 0, 4, 0, 0, 0),
(2754, 69, 17, '5892872', 'B', 0, 4, 0, 0, 0, 'A', 5, 0, 0, 0, 0),
(2755, 70, 17, '5892872', 'B', 0, 4, 0, 0, 0, 'A', 5, 0, 0, 0, 0),
(2756, 51, 18, '5892872', 'B', 0, 4, 0, 0, 0, 'A', 5, 0, 0, 0, 0),
(2757, 72, 18, '5892872', 'B', 0, 4, 0, 0, 0, 'A', 5, 0, 0, 0, 0),
(2758, 73, 18, '5892872', 'B', 0, 4, 0, 0, 0, 'A', 5, 0, 0, 0, 0),
(2759, 74, 18, '5892872', 'B', 0, 4, 0, 0, 0, 'A', 5, 0, 0, 0, 0),
(2760, 48, 14, '976089', 'A', 5, 0, 0, 0, 0, 'B', 0, 4, 0, 0, 0),
(2761, 56, 14, '976089', 'B', 0, 4, 0, 0, 0, 'A', 5, 0, 0, 0, 0),
(2762, 57, 14, '976089', 'B', 0, 4, 0, 0, 0, 'B', 0, 4, 0, 0, 0),
(2763, 58, 14, '976089', 'B', 0, 4, 0, 0, 0, 'A', 5, 0, 0, 0, 0),
(2764, 59, 14, '976089', 'B', 0, 4, 0, 0, 0, 'A', 5, 0, 0, 0, 0),
(2765, 49, 15, '976089', 'B', 0, 4, 0, 0, 0, 'A', 5, 0, 0, 0, 0),
(2766, 60, 15, '976089', 'B', 0, 4, 0, 0, 0, 'A', 5, 0, 0, 0, 0),
(2767, 61, 15, '976089', 'B', 0, 4, 0, 0, 0, 'A', 5, 0, 0, 0, 0),
(2768, 62, 15, '976089', 'B', 0, 4, 0, 0, 0, 'A', 5, 0, 0, 0, 0),
(2769, 50, 16, '976089', 'B', 0, 4, 0, 0, 0, 'A', 5, 0, 0, 0, 0),
(2770, 64, 16, '976089', 'B', 0, 4, 0, 0, 0, 'A', 5, 0, 0, 0, 0),
(2771, 65, 16, '976089', 'B', 0, 4, 0, 0, 0, 'A', 5, 0, 0, 0, 0),
(2772, 66, 16, '976089', 'B', 0, 4, 0, 0, 0, 'A', 5, 0, 0, 0, 0),
(2773, 52, 17, '976089', 'B', 0, 4, 0, 0, 0, 'A', 5, 0, 0, 0, 0),
(2774, 68, 17, '976089', 'B', 0, 4, 0, 0, 0, 'A', 5, 0, 0, 0, 0),
(2775, 69, 17, '976089', 'B', 0, 4, 0, 0, 0, 'A', 5, 0, 0, 0, 0),
(2776, 70, 17, '976089', 'B', 0, 4, 0, 0, 0, 'A', 5, 0, 0, 0, 0),
(2777, 51, 18, '976089', 'B', 0, 4, 0, 0, 0, 'A', 5, 0, 0, 0, 0),
(2778, 72, 18, '976089', 'A', 5, 0, 0, 0, 0, 'B', 0, 4, 0, 0, 0),
(2779, 73, 18, '976089', 'B', 0, 4, 0, 0, 0, 'A', 5, 0, 0, 0, 0),
(2780, 74, 18, '976089', 'B', 0, 4, 0, 0, 0, 'A', 5, 0, 0, 0, 0),
(2802, 48, 14, '4051524', 'C', 0, 0, 3, 0, 0, 'C', 0, 0, 3, 0, 0),
(2803, 56, 14, '4051524', 'A', 5, 0, 0, 0, 0, 'B', 0, 4, 0, 0, 0),
(2804, 57, 14, '4051524', 'C', 0, 0, 3, 0, 0, 'B', 0, 4, 0, 0, 0),
(2805, 58, 14, '4051524', 'B', 0, 4, 0, 0, 0, 'B', 0, 4, 0, 0, 0),
(2806, 59, 14, '4051524', 'C', 0, 0, 3, 0, 0, 'B', 0, 4, 0, 0, 0),
(2807, 49, 15, '4051524', 'C', 0, 0, 3, 0, 0, 'B', 0, 4, 0, 0, 0),
(2808, 60, 15, '4051524', 'D', 0, 1, 0, 2, 0, 'B', 0, 4, 0, 0, 0),
(2809, 61, 15, '4051524', 'D', 0, 0, 0, 2, 0, 'A', 5, 0, 0, 0, 0),
(2810, 62, 15, '4051524', 'C', 0, 0, 3, 0, 0, 'B', 0, 4, 0, 0, 0),
(2811, 50, 16, '4051524', 'B', 0, 4, 0, 0, 0, 'A', 5, 0, 0, 0, 0),
(2812, 64, 16, '4051524', 'C', 0, 0, 3, 0, 0, 'B', 0, 4, 0, 0, 0),
(2813, 65, 16, '4051524', 'C', 0, 0, 3, 0, 0, 'B', 0, 4, 0, 0, 0),
(2814, 66, 16, '4051524', 'C', 0, 0, 3, 0, 0, 'B', 0, 4, 0, 0, 0),
(2815, 52, 17, '4051524', 'C', 0, 0, 3, 0, 0, 'B', 0, 4, 0, 0, 0),
(2816, 68, 17, '4051524', 'C', 0, 0, 3, 0, 0, 'B', 0, 4, 0, 0, 0),
(2817, 69, 17, '4051524', 'B', 0, 4, 0, 0, 0, 'A', 5, 0, 0, 0, 0),
(2818, 70, 17, '4051524', 'D', 0, 0, 0, 2, 0, 'A', 5, 0, 0, 0, 0),
(2819, 51, 18, '4051524', 'B', 0, 4, 0, 0, 0, 'A', 5, 0, 0, 0, 0),
(2820, 72, 18, '4051524', 'C', 0, 0, 3, 0, 0, 'B', 0, 4, 0, 0, 0),
(2821, 73, 18, '4051524', 'C', 0, 0, 3, 0, 0, 'B', 0, 4, 0, 0, 0),
(2822, 74, 18, '4051524', 'C', 0, 0, 3, 0, 0, 'B', 0, 4, 0, 0, 0),
(2823, 48, 14, '9677663', 'B', 0, 4, 0, 0, 0, 'C', 0, 0, 3, 0, 0),
(2824, 56, 14, '9677663', 'B', 0, 4, 0, 0, 0, 'A', 5, 0, 0, 0, 0),
(2825, 57, 14, '9677663', 'C', 0, 0, 3, 0, 0, 'B', 0, 4, 0, 0, 0),
(2826, 58, 14, '9677663', 'C', 0, 0, 3, 0, 0, 'B', 0, 4, 0, 0, 0),
(2827, 59, 14, '9677663', 'C', 0, 0, 3, 0, 0, 'B', 0, 4, 0, 0, 0),
(2828, 49, 15, '9677663', 'C', 0, 0, 3, 0, 0, 'B', 0, 4, 0, 0, 0),
(2829, 60, 15, '9677663', 'C', 0, 0, 3, 0, 0, 'B', 0, 4, 0, 0, 0),
(2830, 61, 15, '9677663', 'C', 0, 0, 3, 0, 0, 'B', 0, 4, 0, 0, 0),
(2831, 62, 15, '9677663', 'D', 0, 0, 0, 2, 0, 'C', 0, 0, 3, 0, 0),
(2832, 50, 16, '9677663', 'C', 0, 0, 3, 0, 0, 'B', 0, 4, 0, 0, 0),
(2833, 64, 16, '9677663', 'B', 0, 4, 0, 0, 0, 'A', 5, 0, 0, 0, 0),
(2834, 65, 16, '9677663', 'C', 0, 0, 3, 0, 0, 'B', 0, 4, 0, 0, 0),
(2835, 66, 16, '9677663', 'B', 0, 4, 0, 0, 0, 'A', 5, 0, 0, 0, 0),
(2836, 52, 17, '9677663', 'C', 0, 0, 3, 0, 0, 'B', 0, 4, 0, 0, 0),
(2837, 68, 17, '9677663', 'C', 0, 0, 3, 0, 0, 'B', 0, 4, 0, 0, 0),
(2838, 69, 17, '9677663', 'C', 0, 0, 3, 0, 0, 'B', 0, 4, 0, 0, 0),
(2839, 70, 17, '9677663', 'C', 0, 0, 3, 0, 0, 'A', 5, 0, 0, 0, 0),
(2840, 51, 18, '9677663', 'D', 0, 1, 0, 2, 0, 'B', 0, 4, 0, 0, 0),
(2841, 72, 18, '9677663', 'D', 0, 1, 0, 2, 0, 'B', 0, 4, 0, 0, 0),
(2842, 73, 18, '9677663', 'C', 0, 0, 3, 0, 0, 'B', 0, 4, 0, 0, 0),
(2843, 74, 18, '9677663', 'C', 0, 0, 3, 0, 0, 'A', 5, 0, 0, 0, 0),
(2844, 48, 14, '6761936', 'C', 0, 0, 3, 0, 0, 'C', 0, 0, 3, 0, 0),
(2845, 56, 14, '6761936', 'C', 0, 0, 3, 0, 0, 'B', 0, 4, 0, 0, 0),
(2846, 57, 14, '6761936', 'C', 0, 0, 3, 0, 0, 'B', 0, 4, 0, 0, 0),
(2847, 58, 14, '6761936', 'B', 0, 4, 0, 0, 0, 'A', 5, 0, 0, 0, 0),
(2848, 59, 14, '6761936', 'C', 0, 0, 3, 0, 0, 'B', 0, 4, 0, 0, 0),
(2849, 49, 15, '6761936', 'C', 0, 0, 3, 0, 0, 'B', 0, 4, 0, 0, 0),
(2850, 60, 15, '6761936', 'B', 0, 4, 0, 0, 0, 'B', 0, 4, 0, 0, 0),
(2851, 61, 15, '6761936', 'C', 0, 0, 3, 0, 0, 'B', 0, 4, 0, 0, 0),
(2852, 62, 15, '6761936', 'C', 0, 0, 3, 0, 0, 'A', 5, 0, 0, 0, 0),
(2853, 50, 16, '6761936', 'B', 0, 4, 0, 0, 0, 'A', 5, 0, 0, 0, 0),
(2854, 64, 16, '6761936', 'B', 0, 4, 0, 0, 0, 'B', 0, 4, 0, 0, 0),
(2855, 65, 16, '6761936', 'C', 0, 0, 3, 0, 0, 'B', 0, 4, 0, 0, 0),
(2856, 66, 16, '6761936', 'C', 0, 0, 3, 0, 0, 'B', 0, 4, 0, 0, 0),
(2857, 52, 17, '6761936', 'C', 0, 0, 3, 0, 0, 'B', 0, 4, 0, 0, 0),
(2858, 68, 17, '6761936', 'C', 0, 0, 3, 0, 0, 'A', 5, 0, 0, 0, 0),
(2859, 69, 17, '6761936', 'C', 0, 0, 3, 0, 0, 'B', 0, 4, 0, 0, 0),
(2860, 70, 17, '6761936', 'D', 0, 1, 0, 2, 0, 'B', 0, 4, 0, 0, 0),
(2861, 51, 18, '6761936', 'B', 0, 4, 0, 0, 0, 'A', 5, 0, 0, 0, 0),
(2862, 72, 18, '6761936', 'C', 0, 0, 3, 0, 0, 'A', 5, 0, 0, 0, 0),
(2863, 73, 18, '6761936', 'C', 0, 0, 3, 0, 0, 'B', 0, 4, 0, 0, 0),
(2864, 74, 18, '6761936', 'C', 0, 0, 3, 0, 0, 'A', 5, 0, 0, 0, 0),
(2865, 48, 14, '7527557', 'C', 0, 0, 3, 0, 0, 'B', 0, 4, 0, 0, 0),
(2866, 56, 14, '7527557', 'B', 0, 4, 0, 0, 0, 'A', 5, 0, 0, 0, 0),
(2867, 57, 14, '7527557', 'C', 0, 0, 3, 0, 0, 'A', 5, 0, 0, 0, 0),
(2868, 58, 14, '7527557', 'C', 0, 0, 3, 0, 0, 'B', 0, 4, 0, 0, 0),
(2869, 59, 14, '7527557', 'C', 0, 0, 3, 0, 0, 'B', 0, 4, 0, 0, 0),
(2870, 49, 15, '7527557', 'D', 0, 1, 0, 2, 0, 'B', 0, 4, 0, 0, 0),
(2871, 60, 15, '7527557', 'C', 0, 0, 3, 0, 0, 'A', 5, 0, 0, 0, 0),
(2872, 61, 15, '7527557', 'C', 0, 0, 3, 0, 0, 'B', 0, 4, 0, 0, 0),
(2873, 62, 15, '7527557', 'C', 0, 0, 3, 0, 0, 'B', 0, 4, 0, 0, 0),
(2874, 50, 16, '7527557', 'C', 0, 0, 3, 0, 0, 'B', 0, 4, 0, 0, 0),
(2875, 64, 16, '7527557', 'D', 0, 1, 0, 2, 0, 'B', 0, 4, 0, 0, 0),
(2876, 65, 16, '7527557', 'C', 0, 0, 3, 0, 0, 'A', 5, 0, 0, 0, 0),
(2877, 66, 16, '7527557', 'C', 0, 0, 3, 0, 0, 'B', 0, 4, 0, 0, 0),
(2878, 52, 17, '7527557', 'B', 0, 4, 0, 0, 0, 'A', 5, 0, 0, 0, 0),
(2879, 68, 17, '7527557', 'C', 0, 0, 3, 0, 0, 'B', 0, 4, 0, 0, 0),
(2880, 69, 17, '7527557', 'C', 0, 0, 3, 0, 0, 'B', 0, 4, 0, 0, 0),
(2881, 70, 17, '7527557', 'B', 0, 4, 0, 0, 0, 'A', 5, 0, 0, 0, 0),
(2882, 51, 18, '7527557', 'C', 0, 0, 3, 0, 0, 'A', 5, 0, 0, 0, 0),
(2883, 72, 18, '7527557', 'D', 0, 1, 0, 2, 0, 'B', 0, 4, 0, 0, 0),
(2884, 73, 18, '7527557', 'C', 0, 0, 3, 0, 0, 'A', 5, 0, 0, 0, 0),
(2885, 74, 18, '7527557', 'B', 0, 4, 0, 0, 0, 'A', 5, 0, 0, 0, 0),
(2886, 48, 14, '1034368', 'C', 0, 0, 3, 0, 0, 'B', 0, 4, 0, 0, 0),
(2887, 56, 14, '1034368', 'B', 0, 4, 0, 0, 0, 'B', 0, 4, 0, 0, 0),
(2888, 57, 14, '1034368', 'C', 0, 0, 3, 0, 0, 'A', 5, 0, 0, 0, 0),
(2889, 58, 14, '1034368', 'C', 0, 0, 3, 0, 0, 'B', 0, 4, 0, 0, 0),
(2890, 59, 14, '1034368', 'C', 0, 0, 3, 0, 0, 'B', 0, 4, 0, 0, 0),
(2891, 49, 15, '1034368', 'C', 0, 0, 3, 0, 0, 'B', 0, 4, 0, 0, 0),
(2892, 60, 15, '1034368', 'B', 0, 4, 0, 0, 0, 'A', 5, 0, 0, 0, 0),
(2893, 61, 15, '1034368', 'C', 0, 0, 3, 0, 0, 'A', 5, 0, 0, 0, 0),
(2894, 62, 15, '1034368', 'C', 0, 0, 3, 0, 0, 'B', 0, 4, 0, 0, 0),
(2895, 50, 16, '1034368', 'B', 0, 4, 0, 0, 0, 'A', 5, 0, 0, 0, 0),
(2896, 64, 16, '1034368', 'C', 0, 0, 3, 0, 0, 'B', 0, 4, 0, 0, 0),
(2897, 65, 16, '1034368', 'C', 0, 0, 3, 0, 0, 'B', 0, 4, 0, 0, 0),
(2898, 66, 16, '1034368', 'B', 0, 4, 0, 0, 0, 'A', 5, 0, 0, 0, 0),
(2899, 52, 17, '1034368', 'B', 0, 4, 0, 0, 0, 'A', 5, 0, 0, 0, 0),
(2900, 68, 17, '1034368', 'C', 0, 0, 3, 0, 0, 'B', 0, 4, 0, 0, 0),
(2901, 69, 17, '1034368', 'C', 0, 0, 3, 0, 0, 'B', 0, 4, 0, 0, 0),
(2902, 70, 17, '1034368', 'B', 0, 4, 0, 0, 0, 'A', 5, 0, 0, 0, 0),
(2903, 51, 18, '1034368', 'C', 0, 0, 3, 0, 0, 'B', 0, 4, 0, 0, 0),
(2904, 72, 18, '1034368', 'B', 0, 4, 0, 0, 0, 'A', 5, 0, 0, 0, 0),
(2905, 73, 18, '1034368', 'D', 0, 1, 0, 2, 0, 'B', 0, 4, 0, 0, 0),
(2906, 74, 18, '1034368', 'C', 0, 0, 3, 0, 0, 'B', 0, 4, 0, 0, 0),
(2907, 48, 14, '7468274', 'B', 0, 4, 0, 0, 0, 'C', 0, 0, 3, 0, 0),
(2908, 56, 14, '7468274', 'C', 0, 0, 3, 0, 0, 'B', 0, 4, 0, 0, 0),
(2909, 57, 14, '7468274', 'B', 0, 4, 0, 0, 0, 'A', 5, 0, 0, 0, 0),
(2910, 58, 14, '7468274', 'C', 0, 0, 3, 0, 0, 'A', 5, 0, 0, 0, 0),
(2911, 59, 14, '7468274', 'C', 0, 0, 3, 0, 0, 'B', 0, 4, 0, 0, 0),
(2912, 49, 15, '7468274', 'B', 0, 4, 0, 0, 0, 'A', 5, 0, 0, 0, 0),
(2913, 60, 15, '7468274', 'C', 0, 0, 3, 0, 0, 'A', 5, 0, 0, 0, 0),
(2914, 61, 15, '7468274', 'C', 0, 0, 3, 0, 0, 'B', 0, 4, 0, 0, 0),
(2915, 62, 15, '7468274', 'B', 0, 4, 0, 0, 0, 'A', 5, 0, 0, 0, 0),
(2916, 50, 16, '7468274', 'B', 0, 4, 0, 0, 0, 'A', 5, 0, 0, 0, 0),
(2917, 64, 16, '7468274', 'A', 5, 0, 0, 0, 0, 'B', 0, 4, 0, 0, 0),
(2918, 65, 16, '7468274', 'B', 0, 4, 0, 0, 0, 'A', 5, 0, 0, 0, 0),
(2919, 66, 16, '7468274', 'C', 0, 0, 3, 0, 0, 'B', 0, 4, 0, 0, 0),
(2920, 52, 17, '7468274', 'C', 0, 0, 3, 0, 0, 'B', 0, 4, 0, 0, 0),
(2921, 68, 17, '7468274', 'B', 0, 4, 0, 0, 0, 'A', 5, 0, 0, 0, 0),
(2922, 69, 17, '7468274', 'C', 0, 0, 3, 0, 0, 'B', 0, 4, 0, 0, 0),
(2923, 70, 17, '7468274', 'B', 0, 4, 0, 0, 0, 'A', 5, 0, 0, 0, 0),
(2924, 51, 18, '7468274', 'C', 0, 0, 3, 0, 0, 'A', 5, 0, 0, 0, 0),
(2925, 72, 18, '7468274', 'C', 0, 0, 3, 0, 0, 'B', 0, 4, 0, 0, 0),
(2926, 73, 18, '7468274', 'B', 0, 4, 0, 0, 0, 'A', 5, 0, 0, 0, 0),
(2927, 74, 18, '7468274', 'B', 0, 4, 0, 0, 0, 'A', 5, 0, 0, 0, 0),
(2928, 48, 14, '6254603', 'A', 5, 0, 0, 0, 0, 'B', 0, 4, 0, 0, 0),
(2929, 56, 14, '6254603', 'B', 0, 4, 0, 0, 0, 'A', 5, 0, 0, 0, 0),
(2930, 57, 14, '6254603', 'A', 5, 0, 0, 0, 0, 'B', 0, 4, 0, 0, 0),
(2931, 58, 14, '6254603', 'A', 5, 0, 0, 0, 0, 'B', 0, 4, 0, 0, 0),
(2932, 59, 14, '6254603', 'A', 5, 0, 0, 0, 0, 'B', 0, 4, 0, 0, 0),
(2933, 49, 15, '6254603', 'A', 5, 0, 0, 0, 0, 'B', 0, 4, 0, 0, 0),
(2934, 60, 15, '6254603', 'B', 0, 4, 0, 0, 0, 'A', 5, 0, 0, 0, 0),
(2935, 61, 15, '6254603', 'A', 5, 0, 0, 0, 0, 'B', 0, 4, 0, 0, 0),
(2936, 62, 15, '6254603', 'B', 0, 4, 0, 0, 0, 'A', 5, 0, 0, 0, 0),
(2937, 50, 16, '6254603', 'A', 5, 0, 0, 0, 0, 'B', 0, 4, 0, 0, 0),
(2938, 64, 16, '6254603', 'A', 5, 0, 0, 0, 0, 'B', 0, 4, 0, 0, 0),
(2939, 65, 16, '6254603', 'A', 5, 0, 0, 0, 0, 'B', 0, 4, 0, 0, 0),
(2940, 66, 16, '6254603', 'A', 5, 0, 0, 0, 0, 'B', 0, 4, 0, 0, 0),
(2941, 52, 17, '6254603', 'A', 5, 0, 0, 0, 0, 'B', 0, 4, 0, 0, 0),
(2942, 68, 17, '6254603', 'A', 5, 0, 0, 0, 0, 'B', 0, 4, 0, 0, 0),
(2943, 69, 17, '6254603', 'A', 5, 0, 0, 0, 0, 'B', 0, 4, 0, 0, 0),
(2944, 70, 17, '6254603', 'A', 5, 0, 0, 0, 0, 'B', 0, 4, 0, 0, 0),
(2945, 51, 18, '6254603', 'A', 5, 0, 0, 0, 0, 'B', 0, 4, 0, 0, 0),
(2946, 72, 18, '6254603', 'A', 5, 0, 0, 0, 0, 'B', 0, 4, 0, 0, 0),
(2947, 73, 18, '6254603', 'A', 5, 0, 0, 0, 0, 'D', 0, 0, 0, 2, 0),
(2948, 74, 18, '6254603', 'A', 5, 0, 0, 0, 0, 'B', 0, 4, 0, 0, 0),
(2966, 48, 14, '3093054', 'C', 0, 0, 3, 0, 0, 'B', 0, 4, 0, 0, 0),
(2968, 56, 14, '3093054', 'C', 0, 0, 3, 0, 0, 'B', 0, 4, 0, 0, 0),
(2970, 57, 14, '3093054', 'B', 0, 4, 0, 0, 0, 'A', 5, 0, 0, 0, 0),
(2973, 58, 14, '3093054', 'C', 0, 0, 3, 0, 0, 'B', 0, 4, 0, 0, 0),
(2974, 59, 14, '3093054', 'B', 0, 4, 0, 0, 0, 'A', 5, 0, 0, 0, 0),
(2975, 49, 15, '3093054', 'B', 0, 4, 0, 0, 0, 'A', 5, 0, 0, 0, 0),
(2976, 60, 15, '3093054', 'C', 0, 0, 3, 0, 0, 'B', 0, 4, 0, 0, 0),
(2977, 61, 15, '3093054', 'B', 0, 0, 0, 0, 1, '', 0, 0, 0, 0, 1),
(2978, 62, 15, '3093054', 'C', 0, 0, 3, 0, 0, 'B', 0, 4, 0, 0, 0),
(2979, 50, 16, '3093054', 'C', 0, 0, 3, 0, 0, 'B', 0, 4, 0, 0, 0),
(2980, 64, 16, '3093054', 'B', 0, 4, 0, 0, 0, 'A', 5, 0, 0, 0, 0),
(2981, 65, 16, '3093054', 'C', 0, 0, 3, 0, 0, 'A', 5, 0, 0, 0, 0),
(2982, 66, 16, '3093054', 'C', 0, 0, 3, 0, 0, 'A', 5, 0, 0, 0, 0),
(2983, 52, 17, '3093054', 'B', 0, 4, 0, 0, 0, 'A', 5, 0, 0, 0, 0),
(2984, 68, 17, '3093054', 'C', 0, 0, 3, 0, 0, 'A', 5, 0, 0, 0, 0),
(2985, 69, 17, '3093054', 'C', 0, 0, 3, 0, 0, 'A', 5, 0, 0, 0, 0),
(2986, 70, 17, '3093054', 'B', 0, 4, 0, 0, 0, 'A', 5, 0, 0, 0, 0),
(2987, 51, 18, '3093054', 'B', 0, 4, 0, 0, 0, 'A', 5, 0, 0, 0, 0),
(2988, 72, 18, '3093054', 'B', 0, 4, 0, 0, 0, 'A', 5, 0, 0, 0, 0),
(2989, 73, 18, '3093054', 'B', 0, 4, 0, 0, 0, 'A', 5, 0, 0, 0, 0),
(2990, 74, 18, '3093054', 'C', 0, 0, 3, 0, 0, 'A', 5, 0, 0, 0, 0);
INSERT INTO `tjawaban` (`Id`, `deskripsiID`, `groupId`, `pasienID`, `jawaban`, `jawabanA`, `jawabanB`, `jawabanC`, `jawabanD`, `jawabanE`, `ekspekJawaban`, `ekspekA`, `ekspekB`, `ekspekC`, `ekspekD`, `ekspekE`) VALUES
(2991, 48, 14, '2262976', 'B', 0, 4, 0, 0, 0, 'A', 5, 0, 0, 0, 0),
(2992, 56, 14, '2262976', 'C', 0, 0, 3, 0, 0, 'A', 5, 0, 0, 0, 0),
(2993, 57, 14, '2262976', 'C', 0, 0, 3, 0, 0, 'A', 5, 0, 0, 0, 0),
(2994, 58, 14, '2262976', 'C', 0, 0, 3, 0, 0, 'A', 5, 0, 0, 0, 0),
(2995, 59, 14, '2262976', 'B', 0, 4, 0, 0, 0, 'A', 5, 0, 0, 0, 0),
(2996, 49, 15, '2262976', 'C', 0, 0, 3, 0, 0, 'A', 5, 0, 0, 0, 0),
(2997, 60, 15, '2262976', 'B', 0, 4, 0, 0, 0, 'A', 5, 0, 0, 0, 0),
(2998, 61, 15, '2262976', 'C', 0, 0, 3, 0, 0, 'A', 5, 0, 0, 0, 0),
(2999, 62, 15, '2262976', 'B', 0, 4, 0, 0, 0, 'A', 5, 0, 0, 0, 0),
(3000, 50, 16, '2262976', 'B', 0, 4, 0, 0, 0, 'A', 5, 0, 0, 0, 0),
(3001, 64, 16, '2262976', 'C', 0, 0, 3, 0, 0, 'A', 5, 0, 0, 0, 0),
(3002, 65, 16, '2262976', 'B', 0, 4, 0, 0, 0, 'A', 5, 0, 0, 0, 0),
(3003, 66, 16, '2262976', 'C', 0, 0, 3, 0, 0, 'A', 5, 0, 0, 0, 0),
(3004, 52, 17, '2262976', 'B', 0, 4, 0, 0, 0, 'A', 5, 0, 0, 0, 0),
(3005, 68, 17, '2262976', 'C', 0, 0, 3, 0, 0, 'A', 5, 0, 0, 0, 0),
(3006, 69, 17, '2262976', 'C', 0, 0, 3, 0, 0, 'A', 5, 0, 0, 0, 0),
(3007, 70, 17, '2262976', 'C', 0, 0, 3, 0, 0, 'B', 0, 4, 0, 0, 0),
(3008, 51, 18, '2262976', 'B', 0, 4, 0, 0, 0, 'A', 5, 0, 0, 0, 0),
(3009, 72, 18, '2262976', 'C', 0, 0, 3, 0, 0, 'A', 5, 0, 0, 0, 0),
(3010, 73, 18, '2262976', 'C', 0, 0, 3, 0, 0, 'B', 0, 4, 0, 0, 0),
(3011, 74, 18, '2262976', 'B', 0, 4, 0, 0, 0, 'A', 5, 0, 0, 0, 0),
(3012, 48, 14, '4882966', 'C', 0, 0, 3, 0, 0, 'B', 0, 4, 0, 0, 0),
(3013, 56, 14, '4882966', 'B', 0, 4, 0, 0, 0, 'A', 5, 0, 0, 0, 0),
(3014, 57, 14, '4882966', 'C', 0, 0, 3, 0, 0, 'A', 5, 0, 0, 0, 0),
(3015, 58, 14, '4882966', 'B', 0, 4, 0, 0, 0, 'A', 5, 0, 0, 0, 0),
(3016, 59, 14, '4882966', 'B', 0, 4, 0, 0, 0, 'A', 5, 0, 0, 0, 0),
(3017, 49, 15, '4882966', 'D', 0, 1, 0, 2, 0, 'B', 0, 4, 0, 0, 0),
(3018, 60, 15, '4882966', 'D', 0, 0, 0, 2, 0, 'C', 0, 0, 3, 0, 0),
(3019, 61, 15, '4882966', 'C', 0, 0, 3, 0, 0, 'B', 0, 4, 0, 0, 0),
(3020, 62, 15, '4882966', 'C', 0, 0, 3, 0, 0, 'B', 0, 4, 0, 0, 0),
(3021, 50, 16, '4882966', 'B', 0, 4, 0, 0, 0, 'A', 5, 0, 0, 0, 0),
(3022, 64, 16, '4882966', 'C', 0, 0, 3, 0, 0, 'B', 0, 4, 0, 0, 0),
(3023, 65, 16, '4882966', 'B', 0, 4, 0, 0, 0, 'A', 5, 0, 0, 0, 0),
(3024, 66, 16, '4882966', 'C', 0, 0, 3, 0, 0, 'B', 0, 4, 0, 0, 0),
(3025, 52, 17, '4882966', 'B', 0, 4, 0, 0, 0, 'A', 5, 0, 0, 0, 0),
(3026, 68, 17, '4882966', 'C', 0, 0, 3, 0, 0, 'A', 5, 0, 0, 0, 0),
(3027, 69, 17, '4882966', 'C', 0, 0, 3, 0, 0, 'A', 5, 0, 0, 0, 0),
(3028, 70, 17, '4882966', 'C', 0, 0, 3, 0, 0, 'B', 0, 4, 0, 0, 0),
(3029, 51, 18, '4882966', 'B', 0, 4, 0, 0, 0, 'A', 5, 0, 0, 0, 0),
(3030, 72, 18, '4882966', 'C', 0, 0, 3, 0, 0, 'B', 0, 4, 0, 0, 0),
(3031, 73, 18, '4882966', 'C', 0, 0, 3, 0, 0, 'A', 5, 0, 0, 0, 0),
(3032, 74, 18, '4882966', 'C', 0, 0, 3, 0, 0, 'B', 0, 4, 0, 0, 0),
(3033, 48, 14, '7079839', 'C', 0, 0, 3, 0, 0, 'A', 5, 0, 0, 0, 0),
(3034, 56, 14, '7079839', 'C', 0, 0, 3, 0, 0, 'C', 0, 0, 3, 0, 0),
(3035, 57, 14, '7079839', 'B', 0, 4, 0, 0, 0, 'A', 5, 0, 0, 0, 0),
(3036, 58, 14, '7079839', 'C', 0, 0, 3, 0, 0, 'A', 5, 0, 0, 0, 0),
(3037, 59, 14, '7079839', 'B', 0, 4, 0, 0, 0, 'A', 5, 0, 0, 0, 0),
(3038, 49, 15, '7079839', 'D', 0, 1, 0, 2, 0, 'B', 0, 4, 0, 0, 0),
(3039, 60, 15, '7079839', 'D', 0, 0, 0, 2, 0, 'C', 0, 0, 3, 0, 0),
(3040, 61, 15, '7079839', 'C', 0, 0, 3, 0, 0, 'B', 0, 4, 0, 0, 0),
(3041, 62, 15, '7079839', 'C', 0, 0, 3, 0, 0, 'B', 0, 4, 0, 0, 0),
(3042, 50, 16, '7079839', 'B', 0, 4, 0, 0, 0, 'A', 5, 0, 0, 0, 0),
(3043, 64, 16, '7079839', 'C', 0, 0, 3, 0, 0, 'B', 0, 4, 0, 0, 0),
(3044, 65, 16, '7079839', 'B', 0, 4, 0, 0, 0, 'A', 5, 0, 0, 0, 0),
(3045, 66, 16, '7079839', 'C', 0, 0, 3, 0, 0, 'B', 0, 4, 0, 0, 0),
(3046, 52, 17, '7079839', 'C', 0, 0, 3, 0, 0, 'B', 0, 4, 0, 0, 0),
(3047, 68, 17, '7079839', 'D', 0, 1, 0, 2, 0, 'B', 0, 4, 0, 0, 0),
(3048, 69, 17, '7079839', 'C', 0, 0, 3, 0, 0, 'B', 0, 4, 0, 0, 0),
(3049, 70, 17, '7079839', 'C', 0, 0, 3, 0, 0, 'B', 0, 4, 0, 0, 0),
(3050, 51, 18, '7079839', 'B', 0, 4, 0, 0, 0, 'A', 5, 0, 0, 0, 0),
(3051, 72, 18, '7079839', 'C', 0, 0, 3, 0, 0, 'B', 0, 4, 0, 0, 0),
(3052, 73, 18, '7079839', 'C', 0, 0, 3, 0, 0, 'B', 0, 4, 0, 0, 0),
(3053, 74, 18, '7079839', 'C', 0, 0, 3, 0, 0, 'A', 5, 0, 0, 0, 0),
(3054, 48, 14, '8893460', 'A', 5, 0, 0, 0, 0, 'A', 5, 0, 0, 0, 0),
(3055, 56, 14, '8893460', 'B', 0, 4, 0, 0, 0, 'A', 5, 0, 0, 0, 0),
(3056, 57, 14, '8893460', 'C', 0, 0, 3, 0, 0, 'B', 0, 4, 0, 0, 0),
(3057, 58, 14, '8893460', 'C', 0, 0, 3, 0, 0, 'B', 0, 4, 0, 0, 0),
(3058, 59, 14, '8893460', 'B', 0, 4, 0, 0, 0, 'A', 5, 0, 0, 0, 0),
(3059, 49, 15, '8893460', 'C', 0, 0, 3, 0, 0, 'B', 0, 4, 0, 0, 0),
(3060, 60, 15, '8893460', 'B', 0, 4, 0, 0, 0, 'A', 5, 0, 0, 0, 0),
(3061, 61, 15, '8893460', 'B', 0, 4, 0, 0, 0, 'A', 5, 0, 0, 0, 0),
(3062, 62, 15, '8893460', 'D', 0, 1, 0, 2, 0, 'B', 0, 4, 0, 0, 0),
(3063, 50, 16, '8893460', 'C', 0, 0, 3, 0, 0, 'B', 0, 4, 0, 0, 0),
(3064, 64, 16, '8893460', 'C', 0, 0, 3, 0, 0, 'A', 5, 0, 0, 0, 0),
(3065, 65, 16, '8893460', 'B', 0, 4, 0, 0, 0, 'A', 5, 0, 0, 0, 0),
(3066, 66, 16, '8893460', 'C', 0, 0, 3, 0, 0, 'B', 0, 4, 0, 0, 0),
(3067, 52, 17, '8893460', 'C', 0, 0, 3, 0, 0, 'B', 0, 4, 0, 0, 0),
(3068, 68, 17, '8893460', 'D', 0, 1, 0, 2, 0, 'B', 0, 4, 0, 0, 0),
(3069, 69, 17, '8893460', 'C', 0, 0, 3, 0, 0, 'B', 0, 4, 0, 0, 0),
(3070, 70, 17, '8893460', 'C', 0, 0, 3, 0, 0, 'B', 0, 4, 0, 0, 0),
(3071, 51, 18, '8893460', 'B', 0, 4, 0, 0, 0, 'A', 5, 0, 0, 0, 0),
(3072, 72, 18, '8893460', 'C', 0, 0, 3, 0, 0, 'B', 0, 4, 0, 0, 0),
(3073, 73, 18, '8893460', 'C', 0, 0, 3, 0, 0, 'B', 0, 4, 0, 0, 0),
(3074, 74, 18, '8893460', 'C', 0, 0, 3, 0, 0, 'A', 5, 0, 0, 0, 0),
(3075, 48, 14, '5838771', 'A', 5, 0, 0, 0, 0, 'D', 0, 0, 0, 2, 0),
(3076, 56, 14, '5838771', 'A', 5, 0, 0, 0, 0, 'E', 0, 0, 0, 0, 1),
(3077, 57, 14, '5838771', 'A', 5, 0, 0, 0, 0, 'D', 0, 0, 0, 2, 0),
(3078, 58, 14, '5838771', 'B', 0, 4, 0, 0, 0, 'D', 0, 0, 0, 2, 0),
(3079, 59, 14, '5838771', 'B', 0, 4, 0, 0, 0, 'E', 0, 0, 0, 0, 1),
(3080, 49, 15, '5838771', 'A', 5, 0, 0, 0, 0, 'E', 0, 0, 0, 0, 1),
(3081, 60, 15, '5838771', 'B', 0, 4, 0, 0, 0, 'E', 0, 0, 0, 0, 1),
(3082, 61, 15, '5838771', 'B', 0, 4, 0, 0, 0, 'E', 0, 0, 0, 0, 1),
(3083, 62, 15, '5838771', 'A', 5, 0, 0, 0, 0, 'D', 0, 0, 0, 2, 0),
(3084, 50, 16, '5838771', 'A', 5, 0, 0, 0, 0, 'E', 0, 0, 0, 0, 1),
(3085, 64, 16, '5838771', 'B', 0, 4, 0, 0, 0, 'E', 0, 0, 0, 0, 1),
(3086, 65, 16, '5838771', 'B', 0, 4, 0, 0, 0, 'E', 0, 0, 0, 0, 1),
(3087, 66, 16, '5838771', 'A', 5, 0, 0, 0, 0, 'D', 0, 0, 0, 2, 0),
(3088, 52, 17, '5838771', 'A', 5, 0, 0, 0, 0, 'E', 0, 0, 0, 0, 1),
(3089, 68, 17, '5838771', 'A', 5, 0, 0, 0, 0, 'E', 0, 0, 0, 0, 1),
(3090, 69, 17, '5838771', 'B', 0, 4, 0, 0, 0, 'D', 0, 0, 0, 2, 0),
(3091, 70, 17, '5838771', 'A', 5, 0, 0, 0, 0, 'D', 0, 0, 0, 2, 0),
(3092, 51, 18, '5838771', 'A', 5, 0, 0, 0, 0, 'D', 0, 0, 0, 2, 0),
(3093, 72, 18, '5838771', 'A', 5, 0, 0, 0, 0, 'E', 0, 0, 0, 0, 1),
(3094, 73, 18, '5838771', 'A', 5, 0, 0, 0, 0, 'C', 0, 0, 3, 0, 0),
(3095, 74, 18, '5838771', 'A', 5, 0, 0, 0, 0, 'D', 0, 0, 0, 2, 0),
(3096, 48, 14, '6098978', 'A', 5, 0, 0, 0, 0, 'E', 0, 0, 0, 0, 1),
(3097, 56, 14, '6098978', 'B', 0, 4, 0, 0, 0, 'E', 0, 0, 0, 0, 1),
(3098, 57, 14, '6098978', 'B', 0, 4, 0, 0, 0, 'D', 0, 0, 0, 2, 0),
(3099, 58, 14, '6098978', 'A', 5, 0, 0, 0, 0, 'E', 0, 0, 0, 0, 1),
(3100, 59, 14, '6098978', 'B', 0, 4, 0, 0, 0, 'E', 0, 0, 0, 0, 1),
(3101, 49, 15, '6098978', 'A', 5, 0, 0, 0, 0, 'E', 0, 0, 0, 0, 1),
(3102, 60, 15, '6098978', 'B', 0, 4, 0, 0, 0, 'E', 0, 0, 0, 0, 1),
(3103, 61, 15, '6098978', 'B', 0, 4, 0, 0, 0, 'E', 0, 0, 0, 0, 1),
(3104, 62, 15, '6098978', 'A', 5, 0, 0, 0, 0, 'E', 0, 0, 0, 0, 1),
(3105, 50, 16, '6098978', 'B', 0, 4, 0, 0, 0, 'E', 0, 0, 0, 0, 1),
(3106, 64, 16, '6098978', 'B', 0, 4, 0, 0, 0, 'E', 0, 0, 0, 0, 1),
(3107, 65, 16, '6098978', 'A', 5, 0, 0, 0, 0, 'E', 0, 0, 0, 0, 1),
(3108, 66, 16, '6098978', 'C', 0, 0, 3, 0, 0, 'E', 0, 0, 0, 0, 1),
(3109, 52, 17, '6098978', 'A', 5, 0, 0, 0, 0, 'D', 0, 0, 0, 2, 0),
(3110, 68, 17, '6098978', 'A', 5, 0, 0, 0, 0, 'D', 0, 0, 0, 2, 0),
(3111, 69, 17, '6098978', 'A', 5, 0, 0, 0, 0, 'D', 0, 0, 0, 2, 0),
(3112, 70, 17, '6098978', 'B', 0, 4, 0, 0, 0, 'D', 0, 0, 0, 2, 0),
(3113, 51, 18, '6098978', 'A', 5, 0, 0, 0, 0, 'D', 0, 0, 0, 2, 0),
(3114, 72, 18, '6098978', 'A', 5, 0, 0, 0, 0, 'E', 0, 0, 0, 0, 1),
(3115, 73, 18, '6098978', 'A', 5, 0, 0, 0, 0, 'C', 0, 0, 3, 0, 0),
(3116, 74, 18, '6098978', 'B', 0, 4, 0, 0, 0, 'E', 0, 0, 0, 0, 1),
(3117, 48, 14, '2217213', 'A', 5, 0, 0, 0, 0, 'D', 0, 0, 0, 2, 0),
(3118, 56, 14, '2217213', 'B', 0, 4, 0, 0, 0, 'E', 0, 0, 0, 0, 1),
(3119, 57, 14, '2217213', 'A', 5, 0, 0, 0, 0, 'E', 0, 0, 0, 0, 1),
(3120, 58, 14, '2217213', 'B', 0, 4, 0, 0, 0, 'E', 0, 0, 0, 0, 1),
(3121, 59, 14, '2217213', 'B', 0, 4, 0, 0, 0, 'E', 0, 0, 0, 0, 1),
(3122, 49, 15, '2217213', 'A', 5, 0, 0, 0, 0, 'E', 0, 0, 0, 0, 1),
(3123, 60, 15, '2217213', 'A', 5, 0, 0, 0, 0, 'E', 0, 0, 0, 0, 1),
(3124, 61, 15, '2217213', 'A', 5, 0, 0, 0, 0, 'E', 0, 0, 0, 0, 1),
(3125, 62, 15, '2217213', 'A', 5, 0, 0, 0, 0, 'D', 0, 0, 0, 2, 0),
(3126, 50, 16, '2217213', 'A', 5, 0, 0, 0, 0, 'E', 0, 0, 0, 0, 1),
(3127, 64, 16, '2217213', 'B', 0, 4, 0, 0, 0, 'E', 0, 0, 0, 0, 1),
(3128, 65, 16, '2217213', 'C', 0, 0, 3, 0, 0, 'E', 0, 0, 0, 0, 1),
(3129, 66, 16, '2217213', 'A', 5, 0, 0, 0, 0, 'D', 0, 0, 0, 2, 0),
(3130, 52, 17, '2217213', 'B', 0, 4, 0, 0, 0, 'E', 0, 0, 0, 0, 1),
(3131, 68, 17, '2217213', 'B', 0, 4, 0, 0, 0, 'E', 0, 0, 0, 0, 1),
(3132, 69, 17, '2217213', 'A', 5, 0, 0, 0, 0, 'D', 0, 0, 0, 2, 0),
(3133, 70, 17, '2217213', 'A', 5, 0, 0, 0, 0, 'D', 0, 0, 0, 2, 0),
(3134, 51, 18, '2217213', 'A', 5, 0, 0, 0, 0, 'E', 0, 0, 0, 0, 1),
(3135, 72, 18, '2217213', 'B', 0, 4, 0, 0, 0, 'E', 0, 0, 0, 0, 1),
(3136, 73, 18, '2217213', 'B', 0, 4, 0, 0, 0, 'E', 0, 0, 0, 0, 1),
(3137, 74, 18, '2217213', 'A', 5, 0, 0, 0, 0, 'D', 0, 0, 0, 2, 0),
(3159, 48, 14, '6618853', 'A', 5, 0, 0, 0, 0, 'E', 0, 0, 0, 0, 1),
(3160, 56, 14, '6618853', 'B', 0, 4, 0, 0, 0, 'D', 0, 0, 0, 2, 0),
(3161, 57, 14, '6618853', 'B', 0, 4, 0, 0, 0, 'E', 0, 0, 0, 0, 1),
(3162, 58, 14, '6618853', 'A', 5, 0, 0, 0, 0, 'D', 0, 0, 0, 2, 0),
(3163, 59, 14, '6618853', 'A', 5, 0, 0, 0, 0, 'E', 0, 0, 0, 0, 1),
(3164, 49, 15, '6618853', 'B', 0, 4, 0, 0, 0, 'E', 0, 0, 0, 0, 1),
(3165, 60, 15, '6618853', 'B', 0, 4, 0, 0, 0, 'E', 0, 0, 0, 0, 1),
(3166, 61, 15, '6618853', 'A', 5, 0, 0, 0, 0, 'E', 0, 0, 0, 0, 1),
(3167, 62, 15, '6618853', 'B', 0, 4, 0, 0, 0, 'E', 0, 0, 0, 0, 1),
(3168, 50, 16, '6618853', 'A', 5, 0, 0, 0, 0, 'D', 0, 0, 0, 2, 0),
(3169, 64, 16, '6618853', 'B', 0, 4, 0, 0, 0, 'E', 0, 0, 0, 0, 1),
(3170, 65, 16, '6618853', 'A', 5, 0, 0, 0, 0, 'E', 0, 0, 0, 0, 1),
(3171, 66, 16, '6618853', 'B', 0, 4, 0, 0, 0, 'D', 0, 0, 0, 2, 0),
(3172, 52, 17, '6618853', 'A', 5, 0, 0, 0, 0, 'E', 0, 0, 0, 0, 1),
(3173, 68, 17, '6618853', 'A', 5, 0, 0, 0, 0, 'E', 0, 0, 0, 0, 1),
(3174, 69, 17, '6618853', 'B', 0, 4, 0, 0, 0, 'E', 0, 0, 0, 0, 1),
(3175, 70, 17, '6618853', 'B', 0, 4, 0, 0, 0, 'E', 0, 0, 0, 0, 1),
(3176, 51, 18, '6618853', 'B', 0, 4, 0, 0, 0, 'E', 0, 0, 0, 0, 1),
(3177, 72, 18, '6618853', 'A', 5, 0, 0, 0, 0, 'E', 0, 0, 0, 0, 1),
(3178, 73, 18, '6618853', 'B', 0, 4, 0, 0, 0, 'E', 0, 0, 0, 0, 1),
(3179, 74, 18, '6618853', 'A', 5, 0, 0, 0, 0, 'D', 0, 0, 0, 2, 0),
(3180, 48, 14, '3731928', 'A', 5, 0, 0, 0, 0, 'E', 0, 0, 0, 0, 1),
(3181, 56, 14, '3731928', 'B', 0, 4, 0, 0, 0, 'E', 0, 0, 0, 0, 1),
(3182, 57, 14, '3731928', 'B', 0, 4, 0, 0, 0, 'E', 0, 0, 0, 0, 1),
(3183, 58, 14, '3731928', 'A', 5, 0, 0, 0, 0, 'E', 0, 0, 0, 0, 1),
(3184, 59, 14, '3731928', 'A', 5, 0, 0, 0, 0, 'E', 0, 0, 0, 0, 1),
(3185, 49, 15, '3731928', 'B', 0, 4, 0, 0, 0, 'E', 0, 0, 0, 0, 1),
(3186, 60, 15, '3731928', 'C', 0, 0, 3, 0, 0, 'E', 0, 0, 0, 0, 1),
(3187, 61, 15, '3731928', 'A', 5, 0, 0, 0, 0, 'E', 0, 0, 0, 0, 1),
(3188, 62, 15, '3731928', 'A', 5, 0, 0, 0, 0, 'E', 0, 0, 0, 0, 1),
(3189, 50, 16, '3731928', 'A', 5, 0, 0, 0, 0, 'D', 0, 0, 0, 2, 0),
(3190, 64, 16, '3731928', 'B', 0, 4, 0, 0, 0, 'E', 0, 0, 0, 0, 1),
(3191, 65, 16, '3731928', 'A', 5, 0, 0, 0, 0, 'E', 0, 0, 0, 0, 1),
(3192, 66, 16, '3731928', 'A', 5, 0, 0, 0, 0, 'E', 0, 0, 0, 0, 1),
(3193, 52, 17, '3731928', 'B', 0, 4, 0, 0, 0, 'D', 0, 0, 0, 2, 0),
(3194, 68, 17, '3731928', 'B', 0, 4, 0, 0, 0, 'D', 0, 0, 0, 2, 0),
(3195, 69, 17, '3731928', 'A', 5, 0, 0, 0, 0, 'C', 0, 0, 3, 0, 0),
(3196, 70, 17, '3731928', 'A', 5, 0, 0, 0, 0, 'E', 0, 0, 0, 0, 1),
(3197, 51, 18, '3731928', 'B', 0, 4, 0, 0, 0, 'E', 0, 0, 0, 0, 1),
(3198, 72, 18, '3731928', 'B', 0, 4, 0, 0, 0, 'D', 0, 0, 0, 2, 0),
(3199, 73, 18, '3731928', 'B', 0, 4, 0, 0, 0, 'E', 0, 0, 0, 0, 1),
(3200, 74, 18, '3731928', 'A', 5, 0, 0, 0, 0, 'E', 0, 0, 0, 0, 1),
(3201, 48, 14, '9386553', 'A', 5, 0, 0, 0, 0, 'E', 0, 0, 0, 0, 1),
(3202, 56, 14, '9386553', 'B', 0, 4, 0, 0, 0, 'E', 0, 0, 0, 0, 1),
(3203, 57, 14, '9386553', 'B', 0, 4, 0, 0, 0, 'E', 0, 0, 0, 0, 1),
(3204, 58, 14, '9386553', 'B', 0, 4, 0, 0, 0, 'E', 0, 0, 0, 0, 1),
(3205, 59, 14, '9386553', 'A', 5, 0, 0, 0, 0, 'D', 0, 0, 0, 2, 0),
(3206, 49, 15, '9386553', 'B', 0, 4, 0, 0, 0, 'E', 0, 0, 0, 0, 1),
(3207, 60, 15, '9386553', 'A', 5, 0, 0, 0, 0, 'D', 0, 0, 0, 2, 0),
(3208, 61, 15, '9386553', 'A', 5, 0, 0, 0, 0, 'E', 0, 0, 0, 0, 1),
(3209, 62, 15, '9386553', 'B', 0, 4, 0, 0, 0, 'E', 0, 0, 0, 0, 1),
(3210, 50, 16, '9386553', 'A', 5, 0, 0, 0, 0, 'E', 0, 0, 0, 0, 1),
(3211, 64, 16, '9386553', 'B', 0, 4, 0, 0, 0, 'D', 0, 0, 0, 2, 0),
(3212, 65, 16, '9386553', 'B', 0, 4, 0, 0, 0, 'E', 0, 0, 0, 0, 1),
(3213, 66, 16, '9386553', 'A', 5, 0, 0, 0, 0, 'D', 0, 0, 0, 2, 0),
(3214, 52, 17, '9386553', 'A', 5, 0, 0, 0, 0, 'E', 0, 0, 0, 0, 1),
(3215, 68, 17, '9386553', 'B', 0, 4, 0, 0, 0, 'E', 0, 0, 0, 0, 1),
(3216, 69, 17, '9386553', 'B', 0, 4, 0, 0, 0, 'D', 0, 0, 0, 2, 0),
(3217, 70, 17, '9386553', 'B', 0, 4, 0, 0, 0, 'D', 0, 0, 0, 2, 0),
(3218, 51, 18, '9386553', 'B', 0, 4, 0, 0, 0, 'D', 0, 0, 0, 2, 0),
(3219, 72, 18, '9386553', 'B', 0, 4, 0, 0, 0, 'E', 0, 0, 0, 0, 1),
(3220, 73, 18, '9386553', 'B', 0, 4, 0, 0, 0, 'E', 0, 0, 0, 0, 1),
(3221, 74, 18, '9386553', 'B', 0, 4, 0, 0, 0, 'D', 0, 0, 0, 2, 0),
(3222, 48, 14, '3095199', 'B', 0, 4, 0, 0, 0, 'E', 0, 0, 0, 0, 1),
(3223, 56, 14, '3095199', 'A', 5, 0, 0, 0, 0, 'E', 0, 0, 0, 0, 1),
(3224, 57, 14, '3095199', 'B', 0, 4, 0, 0, 0, 'D', 0, 0, 0, 2, 0),
(3225, 58, 14, '3095199', 'A', 5, 0, 0, 0, 0, 'E', 0, 0, 0, 0, 1),
(3226, 59, 14, '3095199', 'B', 0, 4, 0, 0, 0, 'E', 0, 0, 0, 0, 1),
(3227, 49, 15, '3095199', 'A', 5, 0, 0, 0, 0, 'E', 0, 0, 0, 0, 1),
(3228, 60, 15, '3095199', 'B', 0, 4, 0, 0, 0, 'E', 0, 0, 0, 0, 1),
(3229, 61, 15, '3095199', 'B', 0, 4, 0, 0, 0, 'E', 0, 0, 0, 0, 1),
(3230, 62, 15, '3095199', 'A', 5, 0, 0, 0, 0, 'D', 0, 0, 0, 2, 0),
(3231, 50, 16, '3095199', 'B', 0, 4, 0, 0, 0, 'E', 0, 0, 0, 0, 1),
(3232, 64, 16, '3095199', 'A', 5, 0, 0, 0, 0, 'D', 0, 0, 0, 2, 0),
(3233, 65, 16, '3095199', 'B', 0, 4, 0, 0, 0, 'E', 0, 0, 0, 0, 1),
(3234, 66, 16, '3095199', 'A', 5, 0, 0, 0, 0, 'D', 0, 0, 0, 2, 0),
(3235, 52, 17, '3095199', 'A', 5, 0, 0, 0, 0, 'D', 0, 0, 0, 2, 0),
(3236, 68, 17, '3095199', 'A', 5, 0, 0, 0, 0, 'D', 0, 0, 0, 2, 0),
(3237, 69, 17, '3095199', 'B', 0, 4, 0, 0, 0, 'C', 0, 0, 3, 0, 0),
(3238, 70, 17, '3095199', 'A', 5, 0, 0, 0, 0, 'C', 0, 0, 3, 0, 0),
(3239, 51, 18, '3095199', 'A', 5, 0, 0, 0, 0, 'E', 0, 0, 0, 0, 1),
(3240, 72, 18, '3095199', 'B', 0, 4, 0, 0, 0, 'E', 0, 0, 0, 0, 1),
(3241, 73, 18, '3095199', 'A', 5, 0, 0, 0, 0, 'C', 0, 0, 3, 0, 0),
(3242, 74, 18, '3095199', 'A', 5, 0, 0, 0, 0, 'A', 5, 0, 0, 0, 0),
(3243, 48, 14, '382147', 'A', 5, 0, 0, 0, 0, 'D', 0, 0, 0, 2, 0),
(3244, 56, 14, '382147', 'A', 5, 0, 0, 0, 0, 'D', 0, 0, 0, 2, 0),
(3245, 57, 14, '382147', 'B', 0, 4, 0, 0, 0, 'E', 0, 0, 0, 0, 1),
(3246, 58, 14, '382147', 'A', 5, 0, 0, 0, 0, 'E', 0, 0, 0, 0, 1),
(3247, 59, 14, '382147', 'A', 5, 0, 0, 0, 0, 'E', 0, 0, 0, 0, 1),
(3248, 49, 15, '382147', 'A', 5, 0, 0, 0, 0, 'E', 0, 0, 0, 0, 1),
(3249, 60, 15, '382147', 'B', 0, 4, 0, 0, 0, 'D', 0, 0, 0, 2, 0),
(3250, 61, 15, '382147', 'B', 0, 4, 0, 0, 0, 'E', 0, 0, 0, 0, 1),
(3251, 62, 15, '382147', 'A', 5, 0, 0, 0, 0, 'E', 0, 0, 0, 0, 1),
(3252, 50, 16, '382147', 'A', 5, 0, 0, 0, 0, 'E', 0, 0, 0, 0, 1),
(3253, 64, 16, '382147', 'A', 5, 0, 0, 0, 0, 'C', 0, 0, 3, 0, 0),
(3254, 65, 16, '382147', 'B', 0, 4, 0, 0, 0, 'E', 0, 0, 0, 0, 1),
(3255, 66, 16, '382147', 'A', 5, 0, 0, 0, 0, 'E', 0, 0, 0, 0, 1),
(3256, 52, 17, '382147', 'A', 5, 0, 0, 0, 0, 'E', 0, 0, 0, 0, 1),
(3257, 68, 17, '382147', 'A', 5, 0, 0, 0, 0, 'D', 0, 0, 0, 2, 0),
(3258, 69, 17, '382147', 'B', 0, 4, 0, 0, 0, 'E', 0, 0, 0, 0, 1),
(3259, 70, 17, '382147', 'B', 0, 4, 0, 0, 0, 'E', 0, 0, 0, 0, 1),
(3260, 51, 18, '382147', 'B', 0, 4, 0, 0, 0, 'D', 0, 0, 0, 2, 0),
(3261, 72, 18, '382147', 'A', 5, 0, 0, 0, 0, 'E', 0, 0, 0, 0, 1),
(3262, 73, 18, '382147', 'A', 5, 0, 0, 0, 0, 'E', 0, 0, 0, 0, 1),
(3263, 74, 18, '382147', 'B', 0, 4, 0, 0, 0, 'D', 0, 0, 0, 2, 0),
(3264, 48, 14, '9804399', 'A', 5, 0, 0, 0, 0, 'D', 0, 0, 0, 2, 0),
(3265, 56, 14, '9804399', 'B', 0, 4, 0, 0, 0, 'E', 0, 0, 0, 0, 1),
(3266, 57, 14, '9804399', 'C', 0, 0, 3, 0, 0, 'E', 0, 0, 0, 0, 1),
(3267, 58, 14, '9804399', 'B', 0, 4, 0, 0, 0, 'E', 0, 0, 0, 0, 1),
(3268, 59, 14, '9804399', 'A', 5, 0, 0, 0, 0, 'E', 0, 0, 0, 0, 1),
(3269, 49, 15, '9804399', 'A', 5, 0, 0, 0, 0, 'E', 0, 0, 0, 0, 1),
(3270, 60, 15, '9804399', 'A', 5, 0, 0, 0, 0, 'E', 0, 0, 0, 0, 1),
(3271, 61, 15, '9804399', 'A', 5, 0, 0, 0, 0, 'D', 0, 0, 0, 2, 0),
(3272, 62, 15, '9804399', 'B', 0, 4, 0, 0, 0, 'E', 0, 0, 0, 0, 1),
(3273, 50, 16, '9804399', 'B', 0, 4, 0, 0, 0, 'E', 0, 0, 0, 0, 1),
(3274, 64, 16, '9804399', 'A', 5, 0, 0, 0, 0, 'D', 0, 0, 0, 2, 0),
(3275, 65, 16, '9804399', 'A', 5, 0, 0, 0, 0, 'D', 0, 0, 0, 2, 0),
(3276, 66, 16, '9804399', 'A', 5, 0, 0, 0, 0, 'D', 0, 0, 0, 2, 0),
(3277, 52, 17, '9804399', 'A', 5, 0, 0, 0, 0, 'D', 0, 0, 0, 2, 0),
(3278, 68, 17, '9804399', 'A', 5, 0, 0, 0, 0, 'E', 0, 0, 0, 0, 1),
(3279, 69, 17, '9804399', 'B', 0, 4, 0, 0, 0, 'E', 0, 0, 0, 0, 1),
(3280, 70, 17, '9804399', 'B', 0, 4, 0, 0, 0, 'E', 0, 0, 0, 0, 1),
(3281, 51, 18, '9804399', 'B', 0, 4, 0, 0, 0, 'E', 0, 0, 0, 0, 1),
(3282, 72, 18, '9804399', 'A', 5, 0, 0, 0, 0, 'E', 0, 0, 0, 0, 1),
(3283, 73, 18, '9804399', 'A', 5, 0, 0, 0, 0, 'D', 0, 0, 0, 2, 0),
(3284, 74, 18, '9804399', 'A', 5, 0, 0, 0, 0, 'E', 0, 0, 0, 0, 1),
(3285, 48, 14, '2923929', 'A', 5, 0, 0, 0, 0, 'E', 0, 0, 0, 0, 1),
(3286, 56, 14, '2923929', 'A', 5, 0, 0, 0, 0, 'E', 0, 0, 0, 0, 1),
(3287, 57, 14, '2923929', 'B', 0, 4, 0, 0, 0, 'D', 0, 0, 0, 2, 0),
(3288, 58, 14, '2923929', 'A', 5, 0, 0, 0, 0, 'D', 0, 0, 0, 2, 0),
(3289, 59, 14, '2923929', 'A', 5, 0, 0, 0, 0, 'E', 0, 0, 0, 0, 1),
(3290, 49, 15, '2923929', 'B', 0, 4, 0, 0, 0, 'E', 0, 0, 0, 0, 1),
(3291, 60, 15, '2923929', 'A', 5, 0, 0, 0, 0, 'D', 0, 0, 0, 2, 0),
(3292, 61, 15, '2923929', 'B', 0, 4, 0, 0, 0, 'E', 0, 0, 0, 0, 1),
(3293, 62, 15, '2923929', 'A', 5, 0, 0, 0, 0, 'E', 0, 0, 0, 0, 1),
(3294, 50, 16, '2923929', 'B', 0, 4, 0, 0, 0, 'E', 0, 0, 0, 0, 1),
(3295, 64, 16, '2923929', 'A', 5, 0, 0, 0, 0, 'D', 0, 0, 0, 2, 0),
(3296, 65, 16, '2923929', 'A', 5, 0, 0, 0, 0, 'E', 0, 0, 0, 0, 1),
(3297, 66, 16, '2923929', 'A', 5, 0, 0, 0, 0, 'D', 0, 0, 0, 2, 0),
(3298, 52, 17, '2923929', 'A', 5, 0, 0, 0, 0, 'D', 0, 0, 0, 2, 0),
(3299, 68, 17, '2923929', 'A', 5, 0, 0, 0, 0, 'D', 0, 0, 0, 2, 0),
(3300, 69, 17, '2923929', 'B', 0, 4, 0, 0, 0, 'E', 0, 0, 0, 0, 1),
(3301, 70, 17, '2923929', 'B', 0, 4, 0, 0, 0, 'E', 0, 0, 0, 0, 1),
(3302, 51, 18, '2923929', 'B', 0, 4, 0, 0, 0, 'E', 0, 0, 0, 0, 1),
(3303, 72, 18, '2923929', 'B', 0, 4, 0, 0, 0, 'E', 0, 0, 0, 0, 1),
(3304, 73, 18, '2923929', 'A', 5, 0, 0, 0, 0, 'E', 0, 0, 0, 0, 1),
(3305, 74, 18, '2923929', 'A', 5, 0, 0, 0, 0, 'D', 0, 0, 0, 2, 0),
(3306, 48, 14, '2584749', 'A', 5, 0, 0, 0, 0, 'E', 0, 0, 0, 0, 1),
(3307, 56, 14, '2584749', 'A', 5, 0, 0, 0, 0, 'D', 0, 0, 0, 2, 0),
(3308, 57, 14, '2584749', 'B', 0, 4, 0, 0, 0, 'E', 0, 0, 0, 0, 1),
(3309, 58, 14, '2584749', 'A', 5, 0, 0, 0, 0, 'D', 0, 0, 0, 2, 0),
(3310, 59, 14, '2584749', 'B', 0, 4, 0, 0, 0, 'E', 0, 0, 0, 0, 1),
(3311, 49, 15, '2584749', 'A', 5, 0, 0, 0, 0, 'D', 0, 0, 0, 2, 0),
(3312, 60, 15, '2584749', 'A', 5, 0, 0, 0, 0, 'E', 0, 0, 0, 0, 1),
(3313, 61, 15, '2584749', 'B', 0, 4, 0, 0, 0, 'E', 0, 0, 0, 0, 1),
(3314, 62, 15, '2584749', 'B', 0, 4, 0, 0, 0, 'D', 0, 0, 0, 2, 0),
(3315, 50, 16, '2584749', 'A', 5, 0, 0, 0, 0, 'E', 0, 0, 0, 0, 1),
(3316, 64, 16, '2584749', 'B', 0, 4, 0, 0, 0, 'E', 0, 0, 0, 0, 1),
(3317, 65, 16, '2584749', 'A', 5, 0, 0, 0, 0, 'E', 0, 0, 0, 0, 1),
(3318, 66, 16, '2584749', 'B', 0, 4, 0, 0, 0, 'E', 0, 0, 0, 0, 1),
(3319, 52, 17, '2584749', 'A', 5, 0, 0, 0, 0, 'E', 0, 0, 0, 0, 1),
(3320, 68, 17, '2584749', 'B', 0, 4, 0, 0, 0, 'E', 0, 0, 0, 0, 1),
(3321, 69, 17, '2584749', 'A', 5, 0, 0, 0, 0, 'E', 0, 0, 0, 0, 1),
(3322, 70, 17, '2584749', 'B', 0, 4, 0, 0, 0, 'E', 0, 0, 0, 0, 1),
(3323, 51, 18, '2584749', 'A', 5, 0, 0, 0, 0, 'D', 0, 0, 0, 2, 0),
(3324, 72, 18, '2584749', 'B', 0, 4, 0, 0, 0, 'E', 0, 0, 0, 0, 1),
(3325, 73, 18, '2584749', 'A', 5, 0, 0, 0, 0, 'E', 0, 0, 0, 0, 1),
(3326, 74, 18, '2584749', 'B', 0, 4, 0, 0, 0, 'D', 0, 0, 0, 2, 0),
(3327, 48, 14, '8477899', 'A', 5, 0, 0, 0, 0, 'D', 0, 0, 0, 2, 0),
(3328, 56, 14, '8477899', 'B', 0, 4, 0, 0, 0, 'E', 0, 0, 0, 0, 1),
(3329, 57, 14, '8477899', 'A', 5, 0, 0, 0, 0, 'D', 0, 0, 0, 2, 0),
(3330, 58, 14, '8477899', 'A', 0, 0, 0, 0, 1, '', 0, 0, 0, 0, 1),
(3331, 59, 14, '8477899', 'A', 5, 0, 0, 0, 0, 'C', 0, 0, 3, 0, 0),
(3332, 49, 15, '8477899', 'B', 0, 4, 0, 0, 0, 'E', 0, 0, 0, 0, 1),
(3333, 60, 15, '8477899', 'A', 5, 0, 0, 0, 0, 'D', 0, 0, 0, 2, 0),
(3334, 61, 15, '8477899', 'A', 5, 0, 0, 0, 0, 'D', 0, 0, 0, 2, 0),
(3335, 62, 15, '8477899', 'A', 5, 0, 0, 0, 0, 'E', 0, 0, 0, 0, 1),
(3336, 50, 16, '8477899', 'B', 0, 4, 0, 0, 0, 'E', 0, 0, 0, 0, 1),
(3337, 64, 16, '8477899', 'A', 5, 0, 0, 0, 0, 'D', 0, 0, 0, 2, 0),
(3338, 65, 16, '8477899', 'A', 5, 0, 0, 0, 0, 'E', 0, 0, 0, 0, 1),
(3339, 66, 16, '8477899', 'A', 5, 0, 0, 0, 0, 'E', 0, 0, 0, 0, 1),
(3340, 52, 17, '8477899', 'A', 5, 0, 0, 0, 0, 'E', 0, 0, 0, 0, 1),
(3341, 68, 17, '8477899', 'B', 0, 4, 0, 0, 0, 'E', 0, 0, 0, 0, 1),
(3342, 69, 17, '8477899', 'C', 0, 0, 3, 0, 0, 'E', 0, 0, 0, 0, 1),
(3343, 70, 17, '8477899', 'A', 5, 0, 0, 0, 0, 'D', 0, 0, 0, 2, 0),
(3344, 51, 18, '8477899', 'A', 5, 0, 0, 0, 0, 'E', 0, 0, 0, 0, 1),
(3345, 72, 18, '8477899', 'B', 0, 4, 0, 0, 0, 'E', 0, 0, 0, 0, 1),
(3346, 73, 18, '8477899', 'A', 5, 0, 0, 0, 0, 'E', 0, 0, 0, 0, 1),
(3347, 74, 18, '8477899', 'B', 0, 4, 0, 0, 0, 'E', 0, 0, 0, 0, 1),
(3348, 48, 14, '3714070', 'A', 5, 0, 0, 0, 0, 'E', 0, 0, 0, 0, 1),
(3349, 56, 14, '3714070', 'B', 0, 4, 0, 0, 0, 'D', 0, 0, 0, 2, 0),
(3350, 57, 14, '3714070', 'A', 5, 0, 0, 0, 0, 'D', 0, 0, 0, 2, 0),
(3351, 58, 14, '3714070', 'B', 0, 4, 0, 0, 0, 'E', 0, 0, 0, 0, 1),
(3352, 59, 14, '3714070', 'B', 0, 4, 0, 0, 0, 'E', 0, 0, 0, 0, 1),
(3353, 49, 15, '3714070', 'B', 0, 4, 0, 0, 0, 'E', 0, 0, 0, 0, 1),
(3354, 60, 15, '3714070', 'B', 0, 4, 0, 0, 0, 'E', 0, 0, 0, 0, 1),
(3355, 61, 15, '3714070', 'B', 0, 4, 0, 0, 0, 'E', 0, 0, 0, 0, 1),
(3356, 62, 15, '3714070', 'A', 5, 0, 0, 0, 0, 'D', 0, 0, 0, 2, 0),
(3357, 50, 16, '3714070', 'B', 0, 4, 0, 0, 0, 'E', 0, 0, 0, 0, 1),
(3358, 64, 16, '3714070', 'B', 0, 4, 0, 0, 0, 'E', 0, 0, 0, 0, 1),
(3359, 65, 16, '3714070', 'A', 5, 0, 0, 0, 0, 'E', 0, 0, 0, 0, 1),
(3360, 66, 16, '3714070', 'A', 5, 0, 0, 0, 0, 'D', 0, 0, 0, 2, 0),
(3361, 52, 17, '3714070', 'A', 5, 0, 0, 0, 0, 'D', 0, 0, 0, 2, 0),
(3362, 68, 17, '3714070', 'A', 5, 0, 0, 0, 0, 'D', 0, 0, 0, 2, 0),
(3363, 69, 17, '3714070', 'B', 0, 4, 0, 0, 0, 'E', 0, 0, 0, 0, 1),
(3364, 70, 17, '3714070', 'A', 5, 0, 0, 0, 0, 'E', 0, 0, 0, 0, 1),
(3365, 51, 18, '3714070', 'A', 5, 0, 0, 0, 0, 'E', 0, 0, 0, 0, 1),
(3366, 72, 18, '3714070', 'B', 0, 4, 0, 0, 0, 'E', 0, 0, 0, 0, 1),
(3367, 73, 18, '3714070', 'B', 0, 4, 0, 0, 0, 'E', 0, 0, 0, 0, 1),
(3368, 74, 18, '3714070', 'A', 5, 0, 0, 0, 0, 'D', 0, 0, 0, 2, 0),
(3369, 48, 14, '3002902', 'B', 0, 4, 0, 0, 0, 'E', 0, 0, 0, 0, 1),
(3370, 56, 14, '3002902', 'A', 5, 0, 0, 0, 0, 'E', 0, 0, 0, 0, 1),
(3371, 57, 14, '3002902', 'A', 5, 0, 0, 0, 0, 'E', 0, 0, 0, 0, 1),
(3372, 58, 14, '3002902', 'A', 5, 0, 0, 0, 0, 'E', 0, 0, 0, 0, 1),
(3373, 59, 14, '3002902', 'B', 0, 4, 0, 0, 0, 'E', 0, 0, 0, 0, 1),
(3374, 49, 15, '3002902', 'B', 0, 4, 0, 0, 0, 'D', 0, 0, 0, 2, 0),
(3375, 60, 15, '3002902', 'A', 5, 0, 0, 0, 0, 'E', 0, 0, 0, 0, 1),
(3376, 61, 15, '3002902', 'A', 5, 0, 0, 0, 0, 'E', 0, 0, 0, 0, 1),
(3377, 62, 15, '3002902', 'B', 0, 4, 0, 0, 0, 'D', 0, 0, 0, 2, 0),
(3378, 50, 16, '3002902', 'B', 0, 4, 0, 0, 0, 'E', 0, 0, 0, 0, 1),
(3379, 64, 16, '3002902', 'A', 5, 0, 0, 0, 0, 'E', 0, 0, 0, 0, 1),
(3380, 65, 16, '3002902', 'A', 5, 0, 0, 0, 0, 'D', 0, 0, 0, 2, 0),
(3381, 66, 16, '3002902', 'A', 5, 0, 0, 0, 0, 'E', 0, 0, 0, 0, 1),
(3382, 52, 17, '3002902', 'B', 0, 4, 0, 0, 0, 'E', 0, 0, 0, 0, 1),
(3383, 68, 17, '3002902', 'A', 5, 0, 0, 0, 0, 'E', 0, 0, 0, 0, 1),
(3384, 69, 17, '3002902', 'B', 0, 4, 0, 0, 0, 'E', 0, 0, 0, 0, 1),
(3385, 70, 17, '3002902', 'A', 5, 0, 0, 0, 0, 'E', 0, 0, 0, 0, 1),
(3386, 51, 18, '3002902', 'A', 5, 0, 0, 0, 0, 'E', 0, 0, 0, 0, 1),
(3387, 72, 18, '3002902', 'B', 0, 4, 0, 0, 0, 'E', 0, 0, 0, 0, 1),
(3388, 73, 18, '3002902', 'A', 5, 0, 0, 0, 0, 'E', 0, 0, 0, 0, 1),
(3389, 74, 18, '3002902', 'B', 0, 4, 0, 0, 0, 'E', 0, 0, 0, 0, 1),
(3390, 48, 14, '3107150', 'A', 5, 0, 0, 0, 0, 'D', 0, 0, 0, 2, 0),
(3391, 56, 14, '3107150', 'A', 5, 0, 0, 0, 0, 'E', 0, 0, 0, 0, 1),
(3392, 57, 14, '3107150', 'A', 5, 0, 0, 0, 0, 'E', 0, 0, 0, 0, 1),
(3393, 58, 14, '3107150', 'A', 5, 0, 0, 0, 0, 'E', 0, 0, 0, 0, 1),
(3394, 59, 14, '3107150', 'A', 5, 0, 0, 0, 0, 'E', 0, 0, 0, 0, 1),
(3395, 49, 15, '3107150', 'A', 5, 0, 0, 0, 0, 'E', 0, 0, 0, 0, 1),
(3396, 60, 15, '3107150', 'A', 5, 0, 0, 0, 0, 'E', 0, 0, 0, 0, 1),
(3397, 61, 15, '3107150', 'B', 0, 4, 0, 0, 0, 'E', 0, 0, 0, 0, 1),
(3398, 62, 15, '3107150', 'A', 5, 0, 0, 0, 0, 'E', 0, 0, 0, 0, 1),
(3399, 50, 16, '3107150', 'A', 5, 0, 0, 0, 0, 'D', 0, 0, 0, 2, 0),
(3400, 64, 16, '3107150', 'A', 5, 0, 0, 0, 0, 'D', 0, 0, 0, 2, 0),
(3401, 65, 16, '3107150', 'A', 5, 0, 0, 0, 0, 'D', 0, 0, 0, 2, 0),
(3402, 66, 16, '3107150', 'A', 5, 0, 0, 0, 0, 'E', 0, 0, 0, 0, 1),
(3403, 52, 17, '3107150', 'B', 0, 4, 0, 0, 0, 'E', 0, 0, 0, 0, 1),
(3404, 68, 17, '3107150', 'A', 5, 0, 0, 0, 0, 'E', 0, 0, 0, 0, 1),
(3405, 69, 17, '3107150', 'B', 0, 4, 0, 0, 0, 'D', 0, 0, 0, 2, 0),
(3406, 70, 17, '3107150', 'C', 0, 0, 3, 0, 0, 'E', 0, 0, 0, 0, 1),
(3407, 51, 18, '3107150', 'A', 5, 0, 0, 0, 0, 'E', 0, 0, 0, 0, 1),
(3408, 72, 18, '3107150', 'B', 0, 4, 0, 0, 0, 'E', 0, 0, 0, 0, 1),
(3409, 73, 18, '3107150', 'A', 5, 0, 0, 0, 0, 'D', 0, 0, 0, 2, 0),
(3410, 74, 18, '3107150', 'A', 5, 0, 0, 0, 0, 'E', 0, 0, 0, 0, 1),
(3411, 48, 14, '5132558', 'A', 5, 0, 0, 0, 0, 'E', 0, 0, 0, 0, 1),
(3412, 56, 14, '5132558', 'B', 0, 4, 0, 0, 0, 'E', 0, 0, 0, 0, 1),
(3413, 57, 14, '5132558', 'B', 0, 4, 0, 0, 0, 'E', 0, 0, 0, 0, 1),
(3414, 58, 14, '5132558', 'A', 5, 0, 0, 0, 0, 'D', 0, 0, 0, 2, 0),
(3415, 59, 14, '5132558', 'B', 0, 4, 0, 0, 0, 'D', 0, 0, 0, 2, 0),
(3416, 49, 15, '5132558', 'B', 0, 4, 0, 0, 0, 'D', 0, 0, 0, 2, 0),
(3417, 60, 15, '5132558', 'A', 5, 0, 0, 0, 0, 'E', 0, 0, 0, 0, 1),
(3418, 61, 15, '5132558', 'A', 5, 0, 0, 0, 0, 'E', 0, 0, 0, 0, 1),
(3419, 62, 15, '5132558', 'A', 5, 0, 0, 0, 0, 'E', 0, 0, 0, 0, 1),
(3420, 50, 16, '5132558', 'B', 0, 4, 0, 0, 0, 'E', 0, 0, 0, 0, 1),
(3421, 64, 16, '5132558', 'A', 5, 0, 0, 0, 0, 'E', 0, 0, 0, 0, 1),
(3422, 65, 16, '5132558', 'A', 5, 0, 0, 0, 0, 'E', 0, 0, 0, 0, 1),
(3423, 66, 16, '5132558', 'A', 5, 0, 0, 0, 0, 'E', 0, 0, 0, 0, 1),
(3424, 52, 17, '5132558', 'A', 5, 0, 0, 0, 0, 'E', 0, 0, 0, 0, 1),
(3425, 68, 17, '5132558', 'B', 0, 4, 0, 0, 0, 'E', 0, 0, 0, 0, 1),
(3426, 69, 17, '5132558', 'A', 5, 0, 0, 0, 0, 'D', 0, 0, 0, 2, 0),
(3427, 70, 17, '5132558', 'A', 5, 0, 0, 0, 0, 'E', 0, 0, 0, 0, 1),
(3428, 51, 18, '5132558', 'A', 5, 0, 0, 0, 0, 'D', 0, 0, 0, 2, 0),
(3429, 72, 18, '5132558', 'A', 5, 0, 0, 0, 0, 'E', 0, 0, 0, 0, 1),
(3430, 73, 18, '5132558', 'A', 5, 0, 0, 0, 0, 'E', 0, 0, 0, 0, 1),
(3431, 74, 18, '5132558', 'A', 5, 0, 0, 0, 0, 'E', 0, 0, 0, 0, 1),
(3432, 48, 14, '1626129', 'A', 5, 0, 0, 0, 0, 'E', 0, 0, 0, 0, 1),
(3433, 56, 14, '1626129', 'B', 0, 4, 0, 0, 0, 'E', 0, 0, 0, 0, 1),
(3434, 57, 14, '1626129', 'A', 5, 0, 0, 0, 0, 'D', 0, 0, 0, 2, 0),
(3435, 58, 14, '1626129', 'A', 5, 0, 0, 0, 0, 'D', 0, 0, 0, 2, 0),
(3436, 59, 14, '1626129', 'A', 5, 0, 0, 0, 0, 'E', 0, 0, 0, 0, 1),
(3437, 49, 15, '1626129', 'A', 5, 0, 0, 0, 0, 'D', 0, 0, 0, 2, 0),
(3438, 60, 15, '1626129', 'B', 0, 4, 0, 0, 0, 'E', 0, 0, 0, 0, 1),
(3439, 61, 15, '1626129', 'B', 0, 4, 0, 0, 0, 'E', 0, 0, 0, 0, 1),
(3440, 62, 15, '1626129', 'A', 5, 0, 0, 0, 0, 'E', 0, 0, 0, 0, 1),
(3441, 50, 16, '1626129', 'A', 5, 0, 0, 0, 0, 'E', 0, 0, 0, 0, 1),
(3442, 64, 16, '1626129', 'B', 0, 4, 0, 0, 0, 'E', 0, 0, 0, 0, 1),
(3443, 65, 16, '1626129', 'A', 5, 0, 0, 0, 0, 'E', 0, 0, 0, 0, 1),
(3444, 66, 16, '1626129', 'A', 5, 0, 0, 0, 0, 'D', 0, 0, 0, 2, 0),
(3445, 52, 17, '1626129', 'A', 5, 0, 0, 0, 0, 'E', 0, 0, 0, 0, 1),
(3446, 68, 17, '1626129', 'A', 5, 0, 0, 0, 0, 'D', 0, 0, 0, 2, 0),
(3447, 69, 17, '1626129', 'B', 0, 4, 0, 0, 0, 'E', 0, 0, 0, 0, 1),
(3448, 70, 17, '1626129', 'A', 5, 0, 0, 0, 0, 'E', 0, 0, 0, 0, 1),
(3449, 51, 18, '1626129', 'A', 5, 0, 0, 0, 0, 'E', 0, 0, 0, 0, 1),
(3450, 72, 18, '1626129', 'A', 5, 0, 0, 0, 0, 'E', 0, 0, 0, 0, 1),
(3451, 73, 18, '1626129', 'A', 5, 0, 0, 0, 0, 'E', 0, 0, 0, 0, 1),
(3452, 74, 18, '1626129', 'A', 5, 0, 0, 0, 0, 'D', 0, 0, 0, 2, 0),
(3453, 48, 14, '5919049', 'A', 5, 0, 0, 0, 0, 'D', 0, 0, 0, 2, 0),
(3454, 56, 14, '5919049', 'B', 0, 4, 0, 0, 0, 'E', 0, 0, 0, 0, 1),
(3455, 57, 14, '5919049', 'A', 5, 0, 0, 0, 0, 'E', 0, 0, 0, 0, 1),
(3456, 58, 14, '5919049', 'B', 0, 4, 0, 0, 0, 'D', 0, 0, 0, 2, 0),
(3457, 59, 14, '5919049', 'A', 5, 0, 0, 0, 0, 'E', 0, 0, 0, 0, 1),
(3458, 49, 15, '5919049', 'A', 5, 0, 0, 0, 0, 'E', 0, 0, 0, 0, 1),
(3459, 60, 15, '5919049', 'A', 5, 0, 0, 0, 0, 'E', 0, 0, 0, 0, 1),
(3460, 61, 15, '5919049', 'B', 0, 4, 0, 0, 0, 'E', 0, 0, 0, 0, 1),
(3461, 62, 15, '5919049', 'A', 5, 0, 0, 0, 0, 'D', 0, 0, 0, 2, 0),
(3462, 50, 16, '5919049', 'A', 5, 0, 0, 0, 0, 'E', 0, 0, 0, 0, 1),
(3463, 64, 16, '5919049', 'A', 5, 0, 0, 0, 0, 'D', 0, 0, 0, 2, 0),
(3464, 65, 16, '5919049', 'A', 5, 0, 0, 0, 0, 'E', 0, 0, 0, 0, 1),
(3465, 66, 16, '5919049', 'A', 5, 0, 0, 0, 0, 'D', 0, 0, 0, 2, 0),
(3466, 52, 17, '5919049', 'A', 5, 0, 0, 0, 0, 'E', 0, 0, 0, 0, 1),
(3467, 68, 17, '5919049', 'B', 0, 4, 0, 0, 0, 'E', 0, 0, 0, 0, 1),
(3468, 69, 17, '5919049', 'B', 0, 4, 0, 0, 0, 'D', 0, 0, 0, 2, 0),
(3469, 70, 17, '5919049', 'A', 5, 0, 0, 0, 0, 'E', 0, 0, 0, 0, 1),
(3470, 51, 18, '5919049', 'A', 5, 0, 0, 0, 0, 'E', 0, 0, 0, 0, 1),
(3471, 72, 18, '5919049', 'B', 0, 4, 0, 0, 0, 'E', 0, 0, 0, 0, 1),
(3472, 73, 18, '5919049', 'A', 5, 0, 0, 0, 0, 'E', 0, 0, 0, 0, 1),
(3473, 74, 18, '5919049', 'B', 0, 4, 0, 0, 0, 'E', 0, 0, 0, 0, 1),
(3474, 48, 14, '4523627', 'A', 5, 0, 0, 0, 0, 'D', 0, 0, 0, 2, 0),
(3475, 56, 14, '4523627', 'B', 0, 4, 0, 0, 0, 'E', 0, 0, 0, 0, 1),
(3476, 57, 14, '4523627', 'A', 5, 0, 0, 0, 0, 'E', 0, 0, 0, 0, 1),
(3477, 58, 14, '4523627', 'A', 5, 0, 0, 0, 0, 'D', 0, 0, 0, 2, 0),
(3478, 59, 14, '4523627', 'A', 5, 0, 0, 0, 0, 'E', 0, 0, 0, 0, 1),
(3479, 49, 15, '4523627', 'A', 5, 0, 0, 0, 0, 'E', 0, 0, 0, 0, 1),
(3480, 60, 15, '4523627', 'A', 5, 0, 0, 0, 0, 'D', 0, 0, 0, 2, 0),
(3481, 61, 15, '4523627', 'A', 5, 0, 0, 0, 0, 'E', 0, 0, 0, 0, 1),
(3482, 62, 15, '4523627', 'B', 0, 4, 0, 0, 0, 'E', 0, 0, 0, 0, 1),
(3483, 50, 16, '4523627', 'A', 5, 0, 0, 0, 0, 'E', 0, 0, 0, 0, 1),
(3484, 64, 16, '4523627', 'B', 0, 4, 0, 0, 0, 'E', 0, 0, 0, 0, 1),
(3485, 65, 16, '4523627', 'B', 0, 4, 0, 0, 0, 'E', 0, 0, 0, 0, 1),
(3486, 66, 16, '4523627', 'B', 0, 4, 0, 0, 0, 'E', 0, 0, 0, 0, 1),
(3487, 52, 17, '4523627', 'A', 5, 0, 0, 0, 0, 'E', 0, 0, 0, 0, 1),
(3488, 68, 17, '4523627', 'B', 0, 4, 0, 0, 0, 'E', 0, 0, 0, 0, 1),
(3489, 69, 17, '4523627', 'A', 5, 0, 0, 0, 0, 'E', 0, 0, 0, 0, 1),
(3490, 70, 17, '4523627', 'B', 0, 4, 0, 0, 0, 'E', 0, 0, 0, 0, 1),
(3491, 51, 18, '4523627', 'A', 5, 0, 0, 0, 0, 'E', 0, 0, 0, 0, 1),
(3492, 72, 18, '4523627', 'B', 0, 0, 0, 0, 1, '', 0, 0, 0, 0, 1),
(3493, 73, 18, '4523627', 'B', 0, 4, 0, 0, 0, 'E', 0, 0, 0, 0, 1),
(3494, 74, 18, '4523627', 'A', 5, 0, 0, 0, 0, 'E', 0, 0, 0, 0, 1),
(3495, 48, 14, '4776784', 'C', 0, 0, 3, 0, 0, 'B', 0, 4, 0, 0, 0),
(3496, 56, 14, '4776784', 'B', 0, 4, 0, 0, 0, 'C', 0, 0, 3, 0, 0),
(3497, 57, 14, '4776784', 'C', 0, 0, 3, 0, 0, 'B', 0, 4, 0, 0, 0),
(3498, 58, 14, '4776784', 'B', 0, 4, 0, 0, 0, 'C', 0, 0, 3, 0, 0),
(3499, 59, 14, '4776784', 'B', 0, 4, 0, 0, 0, 'C', 0, 0, 3, 0, 0),
(3500, 49, 15, '4776784', 'C', 0, 0, 3, 0, 0, 'B', 0, 4, 0, 0, 0),
(3501, 60, 15, '4776784', 'B', 0, 4, 0, 0, 0, 'C', 0, 0, 3, 0, 0),
(3502, 61, 15, '4776784', 'C', 0, 0, 3, 0, 0, 'B', 0, 4, 0, 0, 0),
(3503, 62, 15, '4776784', 'B', 0, 4, 0, 0, 0, 'C', 0, 0, 3, 0, 0),
(3504, 50, 16, '4776784', 'B', 0, 4, 0, 0, 0, 'C', 0, 0, 3, 0, 0),
(3505, 64, 16, '4776784', 'B', 0, 4, 0, 0, 0, 'C', 0, 0, 3, 0, 0),
(3506, 65, 16, '4776784', 'B', 0, 4, 0, 0, 0, 'C', 0, 0, 3, 0, 0),
(3507, 66, 16, '4776784', 'C', 0, 0, 3, 0, 0, 'B', 0, 4, 0, 0, 0),
(3508, 52, 17, '4776784', 'C', 0, 0, 3, 0, 0, 'B', 0, 4, 0, 0, 0),
(3509, 68, 17, '4776784', 'B', 0, 4, 0, 0, 0, 'C', 0, 0, 3, 0, 0),
(3510, 69, 17, '4776784', 'C', 0, 0, 3, 0, 0, 'B', 0, 4, 0, 0, 0),
(3511, 70, 17, '4776784', 'B', 0, 4, 0, 0, 0, 'C', 0, 0, 3, 0, 0),
(3512, 51, 18, '4776784', 'B', 0, 4, 0, 0, 0, 'C', 0, 0, 3, 0, 0),
(3513, 72, 18, '4776784', 'C', 0, 0, 3, 0, 0, 'C', 0, 0, 3, 0, 0),
(3514, 73, 18, '4776784', 'B', 0, 4, 0, 0, 0, 'C', 0, 0, 3, 0, 0),
(3515, 74, 18, '4776784', 'B', 0, 4, 0, 0, 0, 'C', 0, 0, 3, 0, 0),
(3516, 48, 14, '1778596', 'B', 0, 4, 0, 0, 0, 'C', 0, 0, 3, 0, 0),
(3517, 56, 14, '1778596', 'B', 0, 4, 0, 0, 0, 'C', 0, 0, 3, 0, 0),
(3518, 57, 14, '1778596', 'C', 0, 0, 3, 0, 0, 'C', 0, 0, 3, 0, 0),
(3519, 58, 14, '1778596', 'C', 0, 0, 3, 0, 0, 'C', 0, 0, 3, 0, 0),
(3520, 59, 14, '1778596', 'B', 0, 4, 0, 0, 0, 'C', 0, 0, 3, 0, 0),
(3521, 49, 15, '1778596', 'B', 0, 4, 0, 0, 0, 'C', 0, 0, 3, 0, 0),
(3522, 60, 15, '1778596', 'B', 0, 4, 0, 0, 0, 'C', 0, 0, 3, 0, 0),
(3523, 61, 15, '1778596', 'B', 0, 4, 0, 0, 0, 'C', 0, 0, 3, 0, 0),
(3524, 62, 15, '1778596', 'B', 0, 4, 0, 0, 0, 'C', 0, 0, 3, 0, 0),
(3525, 50, 16, '1778596', 'B', 0, 4, 0, 0, 0, 'C', 0, 0, 3, 0, 0),
(3526, 64, 16, '1778596', 'C', 0, 0, 3, 0, 0, 'C', 0, 0, 3, 0, 0),
(3527, 65, 16, '1778596', 'C', 0, 0, 3, 0, 0, 'C', 0, 0, 3, 0, 0),
(3528, 66, 16, '1778596', 'B', 0, 4, 0, 0, 0, 'B', 0, 4, 0, 0, 0),
(3529, 52, 17, '1778596', 'B', 0, 4, 0, 0, 0, 'B', 0, 4, 0, 0, 0),
(3530, 68, 17, '1778596', 'B', 0, 4, 0, 0, 0, 'C', 0, 0, 3, 0, 0),
(3531, 69, 17, '1778596', 'B', 0, 4, 0, 0, 0, 'B', 0, 4, 0, 0, 0),
(3532, 70, 17, '1778596', 'B', 0, 4, 0, 0, 0, 'C', 0, 0, 3, 0, 0),
(3533, 51, 18, '1778596', 'C', 0, 0, 3, 0, 0, 'C', 0, 0, 3, 0, 0),
(3534, 72, 18, '1778596', 'C', 0, 0, 3, 0, 0, 'C', 0, 0, 3, 0, 0),
(3535, 73, 18, '1778596', 'C', 0, 0, 3, 0, 0, 'C', 0, 0, 3, 0, 0),
(3536, 74, 18, '1778596', 'B', 0, 4, 0, 0, 0, 'C', 0, 0, 3, 0, 0),
(3537, 48, 14, '6059003', 'B', 0, 4, 0, 0, 0, 'C', 0, 0, 3, 0, 0),
(3538, 56, 14, '6059003', 'A', 5, 0, 0, 0, 0, 'D', 0, 0, 0, 2, 0),
(3539, 57, 14, '6059003', 'B', 0, 4, 0, 0, 0, 'C', 0, 0, 3, 0, 0),
(3540, 58, 14, '6059003', 'C', 0, 0, 3, 0, 0, 'D', 0, 0, 0, 2, 0),
(3541, 59, 14, '6059003', 'B', 0, 4, 0, 0, 0, 'C', 0, 0, 3, 0, 0),
(3542, 49, 15, '6059003', 'B', 0, 4, 0, 0, 0, 'D', 0, 0, 0, 2, 0),
(3543, 60, 15, '6059003', 'A', 5, 0, 0, 0, 0, 'C', 0, 0, 3, 0, 0),
(3544, 61, 15, '6059003', 'B', 0, 4, 0, 0, 0, 'D', 0, 0, 0, 2, 0),
(3545, 62, 15, '6059003', 'A', 5, 0, 0, 0, 0, 'D', 0, 0, 0, 2, 0),
(3546, 50, 16, '6059003', 'A', 5, 0, 0, 0, 0, 'E', 0, 0, 0, 0, 1),
(3547, 64, 16, '6059003', 'B', 0, 4, 0, 0, 0, 'C', 0, 0, 3, 0, 0),
(3548, 65, 16, '6059003', 'B', 0, 4, 0, 0, 0, 'D', 0, 0, 0, 2, 0),
(3549, 66, 16, '6059003', 'B', 0, 4, 0, 0, 0, 'D', 0, 0, 0, 2, 0),
(3550, 52, 17, '6059003', 'A', 5, 0, 0, 0, 0, 'C', 0, 0, 3, 0, 0),
(3551, 68, 17, '6059003', 'B', 0, 4, 0, 0, 0, 'D', 0, 0, 0, 2, 0),
(3552, 69, 17, '6059003', 'B', 0, 4, 0, 0, 0, 'D', 0, 0, 0, 2, 0),
(3553, 70, 17, '6059003', 'A', 5, 0, 0, 0, 0, 'C', 0, 0, 3, 0, 0),
(3554, 51, 18, '6059003', 'B', 0, 4, 0, 0, 0, 'C', 0, 0, 3, 0, 0),
(3555, 72, 18, '6059003', 'A', 5, 0, 0, 0, 0, 'D', 0, 0, 0, 2, 0),
(3556, 73, 18, '6059003', 'B', 0, 4, 0, 0, 0, 'C', 0, 0, 3, 0, 0),
(3557, 74, 18, '6059003', 'C', 0, 0, 3, 0, 0, 'D', 0, 0, 0, 2, 0),
(3558, 48, 14, '2602100', 'C', 0, 0, 3, 0, 0, 'B', 0, 4, 0, 0, 0),
(3559, 56, 14, '2602100', 'B', 0, 4, 0, 0, 0, 'C', 0, 0, 3, 0, 0),
(3560, 57, 14, '2602100', 'B', 0, 4, 0, 0, 0, 'C', 0, 0, 3, 0, 0),
(3561, 58, 14, '2602100', 'C', 0, 0, 3, 0, 0, 'C', 0, 0, 3, 0, 0),
(3562, 59, 14, '2602100', 'C', 0, 0, 3, 0, 0, 'C', 0, 0, 3, 0, 0),
(3563, 49, 15, '2602100', 'B', 0, 4, 0, 0, 0, 'B', 0, 4, 0, 0, 0),
(3564, 60, 15, '2602100', 'C', 0, 0, 3, 0, 0, 'B', 0, 4, 0, 0, 0),
(3565, 61, 15, '2602100', 'B', 0, 4, 0, 0, 0, 'C', 0, 0, 3, 0, 0),
(3566, 62, 15, '2602100', 'B', 0, 4, 0, 0, 0, 'C', 0, 0, 3, 0, 0),
(3567, 50, 16, '2602100', 'C', 0, 0, 3, 0, 0, 'B', 0, 4, 0, 0, 0),
(3568, 64, 16, '2602100', 'C', 0, 0, 3, 0, 0, 'C', 0, 0, 3, 0, 0),
(3569, 65, 16, '2602100', 'B', 0, 4, 0, 0, 0, 'C', 0, 0, 3, 0, 0),
(3570, 66, 16, '2602100', 'B', 0, 4, 0, 0, 0, 'B', 0, 4, 0, 0, 0),
(3571, 52, 17, '2602100', 'C', 0, 0, 3, 0, 0, 'B', 0, 4, 0, 0, 0),
(3572, 68, 17, '2602100', 'B', 0, 4, 0, 0, 0, 'C', 0, 0, 3, 0, 0),
(3573, 69, 17, '2602100', 'B', 0, 4, 0, 0, 0, 'C', 0, 0, 3, 0, 0),
(3574, 70, 17, '2602100', 'B', 0, 4, 0, 0, 0, 'B', 0, 4, 0, 0, 0),
(3575, 51, 18, '2602100', 'C', 0, 0, 3, 0, 0, 'B', 0, 4, 0, 0, 0),
(3576, 72, 18, '2602100', 'C', 0, 0, 3, 0, 0, 'C', 0, 0, 3, 0, 0),
(3577, 73, 18, '2602100', 'B', 0, 4, 0, 0, 0, 'C', 0, 0, 3, 0, 0),
(3578, 74, 18, '2602100', 'B', 0, 4, 0, 0, 0, 'C', 0, 0, 3, 0, 0),
(3579, 48, 14, '3807333', 'C', 0, 0, 3, 0, 0, 'C', 0, 0, 3, 0, 0),
(3580, 56, 14, '3807333', 'B', 0, 4, 0, 0, 0, 'B', 0, 4, 0, 0, 0),
(3581, 57, 14, '3807333', 'C', 0, 0, 3, 0, 0, 'B', 0, 4, 0, 0, 0),
(3582, 58, 14, '3807333', 'B', 0, 4, 0, 0, 0, 'B', 0, 4, 0, 0, 0),
(3583, 59, 14, '3807333', 'B', 0, 4, 0, 0, 0, 'C', 0, 0, 3, 0, 0),
(3584, 49, 15, '3807333', 'C', 0, 0, 3, 0, 0, 'B', 0, 4, 0, 0, 0),
(3585, 60, 15, '3807333', 'C', 0, 0, 3, 0, 0, 'C', 0, 0, 3, 0, 0),
(3586, 61, 15, '3807333', 'B', 0, 4, 0, 0, 0, 'B', 0, 4, 0, 0, 0),
(3587, 62, 15, '3807333', 'C', 0, 0, 3, 0, 0, 'B', 0, 4, 0, 0, 0),
(3588, 50, 16, '3807333', 'B', 0, 4, 0, 0, 0, 'C', 0, 0, 3, 0, 0),
(3589, 64, 16, '3807333', 'B', 0, 4, 0, 0, 0, 'C', 0, 0, 3, 0, 0),
(3590, 65, 16, '3807333', 'B', 0, 4, 0, 0, 0, 'B', 0, 4, 0, 0, 0),
(3591, 66, 16, '3807333', 'C', 0, 0, 3, 0, 0, 'C', 0, 0, 3, 0, 0),
(3592, 52, 17, '3807333', 'B', 0, 4, 0, 0, 0, 'B', 0, 4, 0, 0, 0),
(3593, 68, 17, '3807333', 'B', 0, 4, 0, 0, 0, 'C', 0, 0, 3, 0, 0),
(3594, 69, 17, '3807333', 'C', 0, 0, 3, 0, 0, 'C', 0, 0, 3, 0, 0),
(3595, 70, 17, '3807333', 'C', 0, 0, 3, 0, 0, 'C', 0, 0, 3, 0, 0),
(3596, 51, 18, '3807333', 'C', 0, 0, 3, 0, 0, 'C', 0, 0, 3, 0, 0),
(3597, 72, 18, '3807333', 'B', 0, 4, 0, 0, 0, 'C', 0, 0, 3, 0, 0),
(3598, 73, 18, '3807333', 'C', 0, 0, 3, 0, 0, 'B', 0, 4, 0, 0, 0),
(3599, 74, 18, '3807333', 'C', 0, 0, 3, 0, 0, 'C', 0, 0, 3, 0, 0),
(3600, 48, 14, '5083684', 'C', 0, 0, 3, 0, 0, 'C', 0, 0, 3, 0, 0),
(3601, 56, 14, '5083684', 'B', 0, 4, 0, 0, 0, 'C', 0, 0, 3, 0, 0),
(3602, 57, 14, '5083684', 'C', 0, 0, 3, 0, 0, 'B', 0, 4, 0, 0, 0),
(3603, 58, 14, '5083684', 'C', 0, 0, 3, 0, 0, 'C', 0, 0, 3, 0, 0),
(3604, 59, 14, '5083684', 'B', 0, 4, 0, 0, 0, 'C', 0, 0, 3, 0, 0),
(3605, 49, 15, '5083684', 'C', 0, 0, 3, 0, 0, 'C', 0, 0, 3, 0, 0),
(3606, 60, 15, '5083684', 'B', 0, 4, 0, 0, 0, 'B', 0, 4, 0, 0, 0),
(3607, 61, 15, '5083684', 'C', 0, 0, 3, 0, 0, 'B', 0, 4, 0, 0, 0),
(3608, 62, 15, '5083684', 'B', 0, 4, 0, 0, 0, 'B', 0, 4, 0, 0, 0),
(3609, 50, 16, '5083684', 'C', 0, 0, 3, 0, 0, 'C', 0, 0, 3, 0, 0),
(3610, 64, 16, '5083684', 'B', 0, 4, 0, 0, 0, 'C', 0, 0, 3, 0, 0),
(3611, 65, 16, '5083684', 'B', 0, 4, 0, 0, 0, 'C', 0, 0, 3, 0, 0),
(3612, 66, 16, '5083684', 'B', 0, 4, 0, 0, 0, 'B', 0, 4, 0, 0, 0),
(3613, 52, 17, '5083684', 'C', 0, 0, 3, 0, 0, 'B', 0, 4, 0, 0, 0),
(3614, 68, 17, '5083684', 'C', 0, 0, 3, 0, 0, 'C', 0, 0, 3, 0, 0),
(3615, 69, 17, '5083684', 'B', 0, 4, 0, 0, 0, 'B', 0, 4, 0, 0, 0),
(3616, 70, 17, '5083684', 'B', 0, 4, 0, 0, 0, 'C', 0, 0, 3, 0, 0),
(3617, 51, 18, '5083684', 'C', 0, 0, 3, 0, 0, 'C', 0, 0, 3, 0, 0),
(3618, 72, 18, '5083684', 'C', 0, 0, 3, 0, 0, 'C', 0, 0, 3, 0, 0),
(3619, 73, 18, '5083684', 'C', 0, 0, 3, 0, 0, 'B', 0, 4, 0, 0, 0),
(3620, 74, 18, '5083684', 'B', 0, 4, 0, 0, 0, 'C', 0, 0, 3, 0, 0),
(3663, 48, 14, '4471490', 'B', 0, 4, 0, 0, 0, 'C', 0, 0, 3, 0, 0),
(3664, 56, 14, '4471490', 'C', 0, 0, 3, 0, 0, 'B', 0, 4, 0, 0, 0),
(3665, 57, 14, '4471490', 'C', 0, 0, 3, 0, 0, 'C', 0, 0, 3, 0, 0),
(3666, 58, 14, '4471490', 'C', 0, 0, 3, 0, 0, 'C', 0, 0, 3, 0, 0),
(3667, 59, 14, '4471490', 'C', 0, 0, 3, 0, 0, 'B', 0, 4, 0, 0, 0),
(3668, 49, 15, '4471490', 'B', 0, 4, 0, 0, 0, 'C', 0, 0, 3, 0, 0),
(3669, 60, 15, '4471490', 'B', 0, 4, 0, 0, 0, 'C', 0, 0, 3, 0, 0),
(3670, 61, 15, '4471490', 'B', 0, 4, 0, 0, 0, 'C', 0, 0, 3, 0, 0),
(3671, 62, 15, '4471490', 'B', 0, 4, 0, 0, 0, 'C', 0, 0, 3, 0, 0),
(3672, 50, 16, '4471490', 'B', 0, 4, 0, 0, 0, 'C', 0, 0, 3, 0, 0),
(3673, 64, 16, '4471490', 'B', 0, 4, 0, 0, 0, 'C', 0, 0, 3, 0, 0),
(3674, 65, 16, '4471490', 'B', 0, 0, 0, 0, 1, '', 0, 0, 0, 0, 1),
(3675, 66, 16, '4471490', 'B', 0, 4, 0, 0, 0, 'D', 0, 0, 0, 2, 0),
(3676, 52, 17, '4471490', 'B', 0, 4, 0, 0, 0, 'C', 0, 0, 3, 0, 0),
(3677, 68, 17, '4471490', 'D', 0, 0, 0, 2, 0, 'D', 0, 0, 0, 2, 0),
(3678, 69, 17, '4471490', 'C', 0, 0, 3, 0, 0, 'D', 0, 0, 0, 2, 0),
(3679, 70, 17, '4471490', 'C', 0, 0, 3, 0, 0, 'D', 0, 0, 0, 2, 0),
(3680, 51, 18, '4471490', 'C', 0, 0, 3, 0, 0, 'D', 0, 0, 0, 2, 0),
(3681, 72, 18, '4471490', 'C', 0, 0, 3, 0, 0, 'C', 0, 0, 3, 0, 0),
(3682, 73, 18, '4471490', 'B', 0, 4, 0, 0, 0, 'C', 0, 0, 3, 0, 0),
(3683, 74, 18, '4471490', 'C', 0, 0, 3, 0, 0, 'C', 0, 0, 3, 0, 0),
(3684, 48, 14, '4471067', 'C', 0, 0, 3, 0, 0, 'C', 0, 0, 3, 0, 0),
(3685, 56, 14, '4471067', 'B', 0, 4, 0, 0, 0, 'B', 0, 4, 0, 0, 0),
(3686, 57, 14, '4471067', 'B', 0, 4, 0, 0, 0, 'B', 0, 4, 0, 0, 0),
(3687, 58, 14, '4471067', 'C', 0, 0, 3, 0, 0, 'C', 0, 0, 3, 0, 0),
(3688, 59, 14, '4471067', 'C', 0, 0, 3, 0, 0, 'C', 0, 0, 3, 0, 0),
(3689, 49, 15, '4471067', 'C', 0, 0, 3, 0, 0, 'B', 0, 4, 0, 0, 0),
(3690, 60, 15, '4471067', 'C', 0, 0, 3, 0, 0, 'C', 0, 0, 3, 0, 0),
(3691, 61, 15, '4471067', 'B', 0, 4, 0, 0, 0, 'C', 0, 0, 3, 0, 0),
(3692, 62, 15, '4471067', 'C', 0, 0, 3, 0, 0, 'C', 0, 0, 3, 0, 0),
(3693, 50, 16, '4471067', 'C', 0, 0, 3, 0, 0, 'C', 0, 0, 3, 0, 0),
(3694, 64, 16, '4471067', 'B', 0, 4, 0, 0, 0, 'C', 0, 0, 3, 0, 0),
(3695, 65, 16, '4471067', 'B', 0, 4, 0, 0, 0, 'C', 0, 0, 3, 0, 0),
(3696, 66, 16, '4471067', 'B', 0, 4, 0, 0, 0, 'B', 0, 4, 0, 0, 0),
(3697, 52, 17, '4471067', 'C', 0, 0, 3, 0, 0, 'C', 0, 0, 3, 0, 0),
(3698, 68, 17, '4471067', 'C', 0, 0, 3, 0, 0, 'B', 0, 4, 0, 0, 0),
(3699, 69, 17, '4471067', 'C', 0, 0, 3, 0, 0, 'C', 0, 0, 3, 0, 0),
(3700, 70, 17, '4471067', 'C', 0, 0, 3, 0, 0, 'C', 0, 0, 3, 0, 0),
(3701, 51, 18, '4471067', 'B', 0, 4, 0, 0, 0, 'C', 0, 0, 3, 0, 0),
(3702, 72, 18, '4471067', 'B', 0, 4, 0, 0, 0, 'C', 0, 0, 3, 0, 0),
(3703, 73, 18, '4471067', 'B', 0, 4, 0, 0, 0, 'B', 0, 4, 0, 0, 0),
(3704, 74, 18, '4471067', 'C', 0, 0, 3, 0, 0, 'D', 0, 0, 0, 2, 0),
(3705, 48, 14, '5176008', 'C', 0, 0, 3, 0, 0, 'B', 0, 4, 0, 0, 0),
(3706, 56, 14, '5176008', 'C', 0, 0, 3, 0, 0, 'B', 0, 4, 0, 0, 0),
(3707, 57, 14, '5176008', 'C', 0, 0, 3, 0, 0, 'B', 0, 4, 0, 0, 0),
(3708, 58, 14, '5176008', 'C', 0, 0, 3, 0, 0, 'B', 0, 4, 0, 0, 0),
(3709, 59, 14, '5176008', 'B', 0, 4, 0, 0, 0, 'B', 0, 4, 0, 0, 0),
(3710, 49, 15, '5176008', 'B', 0, 0, 0, 0, 1, '', 0, 0, 0, 0, 1),
(3711, 60, 15, '5176008', 'C', 0, 0, 3, 0, 0, 'C', 0, 0, 3, 0, 0),
(3712, 61, 15, '5176008', 'C', 0, 0, 3, 0, 0, 'C', 0, 0, 3, 0, 0),
(3713, 62, 15, '5176008', 'B', 0, 4, 0, 0, 0, 'B', 0, 4, 0, 0, 0),
(3714, 50, 16, '5176008', 'C', 0, 0, 3, 0, 0, 'C', 0, 0, 3, 0, 0),
(3715, 64, 16, '5176008', 'C', 0, 0, 3, 0, 0, 'B', 0, 4, 0, 0, 0),
(3716, 65, 16, '5176008', 'C', 0, 0, 3, 0, 0, 'C', 0, 0, 3, 0, 0),
(3717, 66, 16, '5176008', 'C', 0, 0, 3, 0, 0, 'C', 0, 0, 3, 0, 0),
(3718, 52, 17, '5176008', 'D', 0, 0, 0, 2, 0, 'C', 0, 0, 3, 0, 0),
(3719, 68, 17, '5176008', 'B', 0, 4, 0, 0, 0, 'C', 0, 0, 3, 0, 0),
(3720, 69, 17, '5176008', 'B', 0, 4, 0, 0, 0, 'B', 0, 4, 0, 0, 0),
(3721, 70, 17, '5176008', 'B', 0, 4, 0, 0, 0, 'C', 0, 0, 3, 0, 0),
(3722, 51, 18, '5176008', 'B', 0, 4, 0, 0, 0, 'C', 0, 0, 3, 0, 0),
(3723, 72, 18, '5176008', 'B', 0, 4, 0, 0, 0, 'C', 0, 0, 3, 0, 0),
(3724, 73, 18, '5176008', 'C', 0, 0, 3, 0, 0, 'C', 0, 0, 3, 0, 0),
(3725, 74, 18, '5176008', 'B', 0, 4, 0, 0, 0, 'B', 0, 4, 0, 0, 0),
(3726, 48, 14, '19234614', 'C', 0, 0, 3, 0, 0, 'C', 0, 0, 3, 0, 0),
(3727, 56, 14, '19234614', 'B', 0, 4, 0, 0, 0, 'C', 0, 0, 3, 0, 0),
(3728, 57, 14, '19234614', 'C', 0, 0, 3, 0, 0, 'C', 0, 0, 3, 0, 0),
(3729, 58, 14, '19234614', 'B', 0, 4, 0, 0, 0, 'C', 0, 0, 3, 0, 0),
(3730, 59, 14, '19234614', 'C', 0, 0, 3, 0, 0, 'C', 0, 0, 3, 0, 0),
(3731, 49, 15, '19234614', 'B', 0, 4, 0, 0, 0, 'B', 0, 4, 0, 0, 0),
(3732, 60, 15, '19234614', 'B', 0, 4, 0, 0, 0, 'C', 0, 0, 3, 0, 0),
(3733, 61, 15, '19234614', 'C', 0, 0, 3, 0, 0, 'C', 0, 0, 3, 0, 0),
(3734, 62, 15, '19234614', 'B', 0, 4, 0, 0, 0, 'C', 0, 0, 3, 0, 0),
(3735, 50, 16, '19234614', 'C', 0, 0, 3, 0, 0, 'C', 0, 0, 3, 0, 0),
(3736, 64, 16, '19234614', 'C', 0, 0, 3, 0, 0, 'B', 0, 4, 0, 0, 0),
(3737, 65, 16, '19234614', 'B', 0, 4, 0, 0, 0, 'B', 0, 4, 0, 0, 0),
(3738, 52, 16, '19234614', 'C', 0, 0, 3, 0, 0, 'C', 0, 0, 3, 0, 0),
(3739, 52, 17, '19234614', 'C', 0, 0, 3, 0, 0, 'D', 0, 0, 0, 2, 0),
(3740, 68, 17, '19234614', 'C', 0, 0, 3, 0, 0, 'D', 0, 0, 0, 2, 0),
(3741, 69, 17, '19234614', 'C', 0, 0, 3, 0, 0, 'C', 0, 0, 3, 0, 0),
(3742, 70, 17, '19234614', 'C', 0, 0, 3, 0, 0, 'C', 0, 0, 3, 0, 0),
(3743, 51, 18, '19234614', 'B', 0, 4, 0, 0, 0, 'C', 0, 0, 3, 0, 0),
(3744, 72, 18, '19234614', 'C', 0, 0, 3, 0, 0, 'C', 0, 0, 3, 0, 0),
(3745, 73, 18, '19234614', 'B', 0, 4, 0, 0, 0, 'C', 0, 0, 3, 0, 0),
(3746, 74, 18, '19234614', 'C', 0, 0, 3, 0, 0, 'C', 0, 0, 3, 0, 0),
(3747, 48, 14, '19234616', 'C', 0, 0, 3, 0, 0, 'C', 0, 0, 3, 0, 0),
(3748, 56, 14, '19234616', 'B', 0, 4, 0, 0, 0, 'C', 0, 0, 3, 0, 0),
(3749, 57, 14, '19234616', 'B', 0, 4, 0, 0, 0, 'C', 0, 0, 3, 0, 0),
(3750, 58, 14, '19234616', 'C', 0, 0, 3, 0, 0, 'C', 0, 0, 3, 0, 0),
(3751, 59, 14, '19234616', 'B', 0, 4, 0, 0, 0, 'C', 0, 0, 3, 0, 0),
(3752, 49, 15, '19234616', 'B', 0, 4, 0, 0, 0, 'B', 0, 4, 0, 0, 0),
(3753, 60, 15, '19234616', 'B', 0, 4, 0, 0, 0, 'C', 0, 0, 3, 0, 0),
(3754, 61, 15, '19234616', 'C', 0, 0, 3, 0, 0, 'C', 0, 0, 3, 0, 0),
(3755, 62, 15, '19234616', 'B', 0, 4, 0, 0, 0, 'C', 0, 0, 3, 0, 0),
(3756, 50, 16, '19234616', 'B', 0, 4, 0, 0, 0, 'C', 0, 0, 3, 0, 0),
(3757, 64, 16, '19234616', 'C', 0, 0, 3, 0, 0, 'C', 0, 0, 3, 0, 0),
(3758, 65, 16, '19234616', 'B', 0, 4, 0, 0, 0, 'C', 0, 0, 3, 0, 0),
(3759, 52, 16, '19234616', 'B', 0, 4, 0, 0, 0, 'C', 0, 0, 3, 0, 0),
(3760, 52, 17, '19234616', 'B', 0, 4, 0, 0, 0, 'C', 0, 0, 3, 0, 0),
(3761, 68, 17, '19234616', 'B', 0, 4, 0, 0, 0, 'B', 0, 4, 0, 0, 0),
(3762, 69, 17, '19234616', 'C', 0, 0, 3, 0, 0, 'C', 0, 0, 3, 0, 0),
(3763, 70, 17, '19234616', 'B', 0, 4, 0, 0, 0, 'C', 0, 0, 3, 0, 0),
(3764, 51, 18, '19234616', 'B', 0, 4, 0, 0, 0, 'C', 0, 0, 3, 0, 0),
(3765, 72, 18, '19234616', 'C', 0, 0, 3, 0, 0, 'C', 0, 0, 3, 0, 0),
(3766, 73, 18, '19234616', 'C', 0, 0, 3, 0, 0, 'B', 0, 4, 0, 0, 0),
(3767, 74, 18, '19234616', 'C', 0, 0, 3, 0, 0, 'C', 0, 0, 3, 0, 0),
(3768, 48, 14, '19234618', 'C', 0, 0, 3, 0, 0, 'C', 0, 0, 3, 0, 0),
(3769, 56, 14, '19234618', 'C', 0, 0, 3, 0, 0, 'C', 0, 0, 3, 0, 0),
(3770, 57, 14, '19234618', 'C', 0, 0, 3, 0, 0, 'B', 0, 4, 0, 0, 0),
(3771, 58, 14, '19234618', 'C', 0, 0, 3, 0, 0, 'C', 0, 0, 3, 0, 0),
(3772, 59, 14, '19234618', 'B', 0, 4, 0, 0, 0, 'C', 0, 0, 3, 0, 0),
(3773, 49, 15, '19234618', 'B', 0, 4, 0, 0, 0, 'C', 0, 0, 3, 0, 0),
(3774, 60, 15, '19234618', 'C', 0, 0, 3, 0, 0, 'C', 0, 0, 3, 0, 0),
(3775, 61, 15, '19234618', 'C', 0, 0, 3, 0, 0, 'C', 0, 0, 3, 0, 0),
(3776, 62, 15, '19234618', 'B', 0, 4, 0, 0, 0, 'C', 0, 0, 3, 0, 0),
(3777, 50, 16, '19234618', 'C', 0, 0, 3, 0, 0, 'C', 0, 0, 3, 0, 0),
(3778, 64, 16, '19234618', 'B', 0, 4, 0, 0, 0, 'C', 0, 0, 3, 0, 0),
(3779, 65, 16, '19234618', 'C', 0, 0, 3, 0, 0, 'C', 0, 0, 3, 0, 0),
(3780, 52, 16, '19234618', 'C', 0, 0, 3, 0, 0, 'B', 0, 4, 0, 0, 0),
(3781, 52, 17, '19234618', 'C', 0, 0, 3, 0, 0, 'C', 0, 0, 3, 0, 0),
(3782, 68, 17, '19234618', 'B', 0, 4, 0, 0, 0, 'C', 0, 0, 3, 0, 0),
(3783, 69, 17, '19234618', 'C', 0, 0, 3, 0, 0, 'B', 0, 4, 0, 0, 0),
(3784, 70, 17, '19234618', 'C', 0, 0, 3, 0, 0, 'C', 0, 0, 3, 0, 0),
(3785, 51, 18, '19234618', 'C', 0, 0, 3, 0, 0, 'C', 0, 0, 3, 0, 0),
(3786, 72, 18, '19234618', 'B', 0, 4, 0, 0, 0, 'C', 0, 0, 3, 0, 0),
(3787, 73, 18, '19234618', 'B', 0, 4, 0, 0, 0, 'C', 0, 0, 3, 0, 0),
(3788, 74, 18, '19234618', 'C', 0, 0, 3, 0, 0, 'C', 0, 0, 3, 0, 0),
(3789, 48, 14, '19234620', 'C', 0, 0, 3, 0, 0, 'B', 0, 4, 0, 0, 0),
(3790, 56, 14, '19234620', 'C', 0, 0, 3, 0, 0, 'C', 0, 0, 3, 0, 0),
(3791, 57, 14, '19234620', 'B', 0, 4, 0, 0, 0, 'C', 0, 0, 3, 0, 0),
(3792, 58, 14, '19234620', 'C', 0, 0, 3, 0, 0, 'C', 0, 0, 3, 0, 0),
(3793, 59, 14, '19234620', 'B', 0, 4, 0, 0, 0, 'C', 0, 0, 3, 0, 0),
(3794, 49, 15, '19234620', 'B', 0, 4, 0, 0, 0, 'B', 0, 4, 0, 0, 0),
(3795, 60, 15, '19234620', 'B', 0, 4, 0, 0, 0, 'C', 0, 0, 3, 0, 0),
(3796, 61, 15, '19234620', 'C', 0, 0, 3, 0, 0, 'B', 0, 4, 0, 0, 0),
(3797, 62, 15, '19234620', 'B', 0, 4, 0, 0, 0, 'C', 0, 0, 3, 0, 0),
(3798, 50, 16, '19234620', 'B', 0, 4, 0, 0, 0, 'C', 0, 0, 3, 0, 0),
(3799, 64, 16, '19234620', 'B', 0, 4, 0, 0, 0, 'C', 0, 0, 3, 0, 0),
(3800, 65, 16, '19234620', 'B', 0, 4, 0, 0, 0, 'C', 0, 0, 3, 0, 0),
(3801, 52, 16, '19234620', 'C', 0, 0, 3, 0, 0, 'C', 0, 0, 3, 0, 0),
(3802, 52, 17, '19234620', 'C', 0, 0, 3, 0, 0, 'B', 0, 4, 0, 0, 0),
(3803, 68, 17, '19234620', 'C', 0, 0, 3, 0, 0, 'B', 0, 4, 0, 0, 0),
(3804, 69, 17, '19234620', 'C', 0, 0, 3, 0, 0, 'C', 0, 0, 3, 0, 0),
(3805, 70, 17, '19234620', 'C', 0, 0, 3, 0, 0, 'B', 0, 4, 0, 0, 0),
(3806, 51, 18, '19234620', 'C', 0, 0, 3, 0, 0, 'C', 0, 0, 3, 0, 0),
(3807, 72, 18, '19234620', 'C', 0, 0, 3, 0, 0, 'C', 0, 0, 3, 0, 0),
(3808, 73, 18, '19234620', 'C', 0, 0, 3, 0, 0, 'C', 0, 0, 3, 0, 0),
(3809, 74, 18, '19234620', 'C', 0, 0, 3, 0, 0, 'C', 0, 0, 3, 0, 0),
(3810, 48, 14, '19234622', 'C', 0, 0, 3, 0, 0, 'B', 0, 4, 0, 0, 0),
(3811, 56, 14, '19234622', 'C', 0, 0, 3, 0, 0, 'C', 0, 0, 3, 0, 0),
(3812, 57, 14, '19234622', 'B', 0, 4, 0, 0, 0, 'C', 0, 0, 3, 0, 0),
(3813, 58, 14, '19234622', 'C', 0, 0, 3, 0, 0, 'C', 0, 0, 3, 0, 0),
(3814, 59, 14, '19234622', 'C', 0, 0, 3, 0, 0, 'C', 0, 0, 3, 0, 0),
(3815, 49, 15, '19234622', 'B', 0, 4, 0, 0, 0, 'C', 0, 0, 3, 0, 0),
(3816, 60, 15, '19234622', 'B', 0, 4, 0, 0, 0, 'C', 0, 0, 3, 0, 0),
(3817, 61, 15, '19234622', 'B', 0, 4, 0, 0, 0, 'B', 0, 4, 0, 0, 0);
INSERT INTO `tjawaban` (`Id`, `deskripsiID`, `groupId`, `pasienID`, `jawaban`, `jawabanA`, `jawabanB`, `jawabanC`, `jawabanD`, `jawabanE`, `ekspekJawaban`, `ekspekA`, `ekspekB`, `ekspekC`, `ekspekD`, `ekspekE`) VALUES
(3818, 62, 15, '19234622', 'C', 0, 0, 3, 0, 0, 'C', 0, 0, 3, 0, 0),
(3819, 50, 16, '19234622', 'B', 0, 4, 0, 0, 0, 'C', 0, 0, 3, 0, 0),
(3820, 64, 16, '19234622', 'C', 0, 0, 3, 0, 0, 'C', 0, 0, 3, 0, 0),
(3821, 65, 16, '19234622', 'C', 0, 0, 3, 0, 0, 'D', 0, 0, 0, 2, 0),
(3822, 52, 16, '19234622', 'C', 0, 0, 3, 0, 0, 'D', 0, 0, 0, 2, 0),
(3823, 52, 17, '19234622', 'C', 0, 0, 3, 0, 0, 'D', 0, 0, 0, 2, 0),
(3824, 68, 17, '19234622', 'C', 0, 0, 3, 0, 0, 'D', 0, 0, 0, 2, 0),
(3825, 69, 17, '19234622', 'C', 0, 0, 3, 0, 0, 'D', 0, 0, 0, 2, 0),
(3826, 70, 17, '19234622', 'C', 0, 0, 3, 0, 0, 'D', 0, 0, 0, 2, 0),
(3827, 51, 18, '19234622', 'C', 0, 0, 3, 0, 0, 'D', 0, 0, 0, 2, 0),
(3828, 72, 18, '19234622', 'C', 0, 0, 3, 0, 0, 'D', 0, 0, 0, 2, 0),
(3829, 73, 18, '19234622', 'C', 0, 0, 3, 0, 0, 'D', 0, 0, 0, 2, 0),
(3830, 74, 18, '19234622', 'C', 0, 0, 3, 0, 0, 'D', 0, 0, 0, 2, 0),
(3831, 48, 14, '19234624', 'C', 0, 0, 3, 0, 0, 'D', 0, 0, 0, 2, 0),
(3832, 56, 14, '19234624', 'C', 0, 0, 3, 0, 0, 'D', 0, 0, 0, 2, 0),
(3833, 57, 14, '19234624', 'C', 0, 0, 3, 0, 0, 'C', 0, 0, 3, 0, 0),
(3834, 58, 14, '19234624', 'C', 0, 0, 3, 0, 0, 'D', 0, 0, 0, 2, 0),
(3835, 59, 14, '19234624', 'D', 0, 0, 0, 2, 0, 'D', 0, 0, 0, 2, 0),
(3836, 49, 15, '19234624', 'C', 0, 0, 3, 0, 0, 'D', 0, 0, 0, 2, 0),
(3837, 60, 15, '19234624', 'C', 0, 0, 3, 0, 0, 'C', 0, 0, 3, 0, 0),
(3838, 61, 15, '19234624', 'C', 0, 0, 3, 0, 0, 'B', 0, 4, 0, 0, 0),
(3839, 62, 15, '19234624', 'B', 0, 4, 0, 0, 0, 'C', 0, 0, 3, 0, 0),
(3840, 50, 16, '19234624', 'C', 0, 0, 3, 0, 0, 'C', 0, 0, 3, 0, 0),
(3841, 64, 16, '19234624', 'C', 0, 0, 3, 0, 0, 'D', 0, 0, 0, 2, 0),
(3842, 65, 16, '19234624', 'C', 0, 0, 3, 0, 0, 'C', 0, 0, 3, 0, 0),
(3843, 52, 16, '19234624', 'C', 0, 0, 3, 0, 0, 'D', 0, 0, 0, 2, 0),
(3844, 52, 17, '19234624', 'C', 0, 0, 3, 0, 0, 'C', 0, 0, 3, 0, 0),
(3845, 68, 17, '19234624', 'C', 0, 0, 3, 0, 0, 'D', 0, 0, 0, 2, 0),
(3846, 69, 17, '19234624', 'C', 0, 0, 3, 0, 0, 'D', 0, 0, 0, 2, 0),
(3847, 70, 17, '19234624', 'C', 0, 0, 3, 0, 0, 'D', 0, 0, 0, 2, 0),
(3848, 51, 18, '19234624', 'C', 0, 0, 3, 0, 0, 'D', 0, 0, 0, 2, 0),
(3849, 72, 18, '19234624', 'C', 0, 0, 3, 0, 0, 'D', 0, 0, 0, 2, 0),
(3850, 73, 18, '19234624', 'C', 0, 0, 3, 0, 0, 'C', 0, 0, 3, 0, 0),
(3851, 74, 18, '19234624', 'C', 0, 0, 3, 0, 0, 'C', 0, 0, 3, 0, 0),
(3852, 48, 14, '19234626', 'C', 0, 0, 3, 0, 0, 'D', 0, 0, 0, 2, 0),
(3853, 56, 14, '19234626', 'C', 0, 0, 3, 0, 0, 'C', 0, 0, 3, 0, 0),
(3854, 57, 14, '19234626', 'C', 0, 0, 3, 0, 0, 'D', 0, 0, 0, 2, 0),
(3855, 58, 14, '19234626', 'C', 0, 0, 3, 0, 0, 'D', 0, 0, 0, 2, 0),
(3856, 59, 14, '19234626', 'C', 0, 0, 3, 0, 0, 'C', 0, 0, 3, 0, 0),
(3857, 49, 15, '19234626', 'C', 0, 0, 3, 0, 0, 'C', 0, 0, 3, 0, 0),
(3858, 60, 15, '19234626', 'C', 0, 0, 3, 0, 0, 'C', 0, 0, 3, 0, 0),
(3859, 61, 15, '19234626', 'C', 0, 0, 3, 0, 0, 'C', 0, 0, 3, 0, 0),
(3860, 62, 15, '19234626', 'C', 0, 0, 3, 0, 0, 'D', 0, 0, 0, 2, 0),
(3861, 50, 16, '19234626', 'D', 0, 0, 0, 2, 0, 'C', 0, 0, 3, 0, 0),
(3862, 64, 16, '19234626', 'C', 0, 0, 3, 0, 0, 'B', 0, 4, 0, 0, 0),
(3863, 65, 16, '19234626', 'C', 0, 0, 3, 0, 0, 'C', 0, 0, 3, 0, 0),
(3864, 52, 16, '19234626', 'C', 0, 0, 3, 0, 0, 'D', 0, 0, 0, 2, 0),
(3865, 52, 17, '19234626', 'C', 0, 0, 3, 0, 0, 'C', 0, 0, 3, 0, 0),
(3866, 68, 17, '19234626', 'C', 0, 0, 3, 0, 0, 'D', 0, 0, 0, 2, 0),
(3867, 69, 17, '19234626', 'C', 0, 0, 3, 0, 0, 'C', 0, 0, 3, 0, 0),
(3868, 70, 17, '19234626', 'C', 0, 0, 3, 0, 0, 'D', 0, 0, 0, 2, 0),
(3869, 51, 18, '19234626', 'C', 0, 0, 3, 0, 0, 'D', 0, 0, 0, 2, 0),
(3870, 72, 18, '19234626', 'C', 0, 0, 3, 0, 0, 'C', 0, 0, 3, 0, 0),
(3871, 73, 18, '19234626', 'D', 0, 0, 0, 2, 0, 'C', 0, 0, 3, 0, 0),
(3872, 74, 18, '19234626', 'C', 0, 0, 3, 0, 0, 'C', 0, 0, 3, 0, 0),
(3873, 48, 14, '19234628', 'C', 0, 0, 3, 0, 0, 'C', 0, 0, 3, 0, 0),
(3874, 56, 14, '19234628', 'B', 0, 4, 0, 0, 0, 'B', 0, 4, 0, 0, 0),
(3875, 57, 14, '19234628', 'C', 0, 0, 3, 0, 0, 'C', 0, 0, 3, 0, 0),
(3876, 58, 14, '19234628', 'C', 0, 0, 3, 0, 0, 'B', 0, 4, 0, 0, 0),
(3877, 59, 14, '19234628', 'C', 0, 0, 3, 0, 0, 'B', 0, 4, 0, 0, 0),
(3878, 49, 15, '19234628', 'C', 0, 0, 3, 0, 0, 'B', 0, 4, 0, 0, 0),
(3879, 60, 15, '19234628', 'C', 0, 0, 3, 0, 0, 'B', 0, 4, 0, 0, 0),
(3880, 61, 15, '19234628', 'C', 0, 0, 3, 0, 0, 'B', 0, 4, 0, 0, 0),
(3881, 62, 15, '19234628', 'C', 0, 0, 3, 0, 0, 'B', 0, 4, 0, 0, 0),
(3882, 50, 16, '19234628', 'C', 0, 0, 3, 0, 0, 'B', 0, 4, 0, 0, 0),
(3883, 64, 16, '19234628', 'C', 0, 0, 3, 0, 0, 'B', 0, 4, 0, 0, 0),
(3884, 65, 16, '19234628', 'C', 0, 0, 3, 0, 0, 'B', 0, 4, 0, 0, 0),
(3885, 52, 16, '19234628', 'C', 0, 0, 3, 0, 0, 'B', 0, 4, 0, 0, 0),
(3886, 52, 17, '19234628', 'C', 0, 0, 3, 0, 0, 'B', 0, 4, 0, 0, 0),
(3887, 68, 17, '19234628', 'C', 0, 0, 3, 0, 0, 'C', 0, 0, 3, 0, 0),
(3888, 69, 17, '19234628', 'C', 0, 0, 3, 0, 0, 'C', 0, 0, 3, 0, 0),
(3889, 70, 17, '19234628', 'B', 0, 4, 0, 0, 0, 'C', 0, 0, 3, 0, 0),
(3890, 51, 18, '19234628', 'B', 0, 4, 0, 0, 0, 'B', 0, 4, 0, 0, 0),
(3891, 72, 18, '19234628', 'B', 0, 4, 0, 0, 0, 'C', 0, 0, 3, 0, 0),
(3892, 73, 18, '19234628', 'B', 0, 4, 0, 0, 0, 'C', 0, 0, 3, 0, 0),
(3893, 74, 18, '19234628', 'C', 0, 0, 3, 0, 0, 'B', 0, 4, 0, 0, 0),
(3894, 48, 14, '19234630', 'C', 0, 0, 3, 0, 0, 'C', 0, 0, 3, 0, 0),
(3895, 56, 14, '19234630', 'D', 0, 0, 0, 2, 0, 'C', 0, 0, 3, 0, 0),
(3896, 57, 14, '19234630', 'C', 0, 0, 3, 0, 0, 'C', 0, 0, 3, 0, 0),
(3897, 58, 14, '19234630', 'D', 0, 0, 0, 2, 0, 'C', 0, 0, 3, 0, 0),
(3898, 59, 14, '19234630', 'D', 0, 0, 0, 2, 0, 'D', 0, 0, 0, 2, 0),
(3899, 49, 15, '19234630', 'C', 0, 0, 3, 0, 0, 'C', 0, 0, 3, 0, 0),
(3900, 60, 15, '19234630', 'D', 0, 0, 0, 2, 0, 'C', 0, 0, 3, 0, 0),
(3901, 61, 15, '19234630', 'C', 0, 0, 3, 0, 0, 'C', 0, 0, 3, 0, 0),
(3902, 62, 15, '19234630', 'C', 0, 0, 3, 0, 0, 'C', 0, 0, 3, 0, 0),
(3903, 50, 16, '19234630', 'C', 0, 0, 3, 0, 0, 'C', 0, 0, 3, 0, 0),
(3904, 64, 16, '19234630', 'D', 0, 0, 0, 2, 0, 'C', 0, 0, 3, 0, 0),
(3905, 65, 16, '19234630', 'C', 0, 0, 3, 0, 0, 'C', 0, 0, 3, 0, 0),
(3906, 52, 16, '19234630', 'D', 0, 0, 0, 2, 0, 'C', 0, 0, 3, 0, 0),
(3907, 52, 17, '19234630', 'C', 0, 0, 3, 0, 0, 'C', 0, 0, 3, 0, 0),
(3908, 68, 17, '19234630', 'D', 0, 0, 0, 2, 0, 'C', 0, 0, 3, 0, 0),
(3909, 69, 17, '19234630', 'C', 0, 0, 3, 0, 0, 'C', 0, 0, 3, 0, 0),
(3910, 70, 17, '19234630', 'D', 0, 0, 0, 2, 0, 'C', 0, 0, 3, 0, 0),
(3911, 51, 18, '19234630', 'C', 0, 0, 3, 0, 0, 'C', 0, 0, 3, 0, 0),
(3912, 72, 18, '19234630', 'C', 0, 0, 3, 0, 0, 'D', 0, 0, 0, 2, 0),
(3913, 73, 18, '19234630', 'C', 0, 0, 3, 0, 0, 'C', 0, 0, 3, 0, 0),
(3914, 74, 18, '19234630', 'D', 0, 0, 0, 2, 0, 'A', 5, 0, 0, 0, 0),
(3915, 48, 14, '19234632', 'C', 0, 0, 3, 0, 0, 'C', 0, 0, 3, 0, 0),
(3916, 56, 14, '19234632', 'C', 0, 0, 3, 0, 0, 'C', 0, 0, 3, 0, 0),
(3917, 57, 14, '19234632', 'B', 0, 4, 0, 0, 0, 'B', 0, 4, 0, 0, 0),
(3918, 58, 14, '19234632', 'C', 0, 0, 3, 0, 0, 'B', 0, 4, 0, 0, 0),
(3919, 59, 14, '19234632', 'C', 0, 0, 3, 0, 0, 'C', 0, 0, 3, 0, 0),
(3920, 49, 15, '19234632', 'C', 0, 0, 3, 0, 0, 'C', 0, 0, 3, 0, 0),
(3921, 60, 15, '19234632', 'C', 0, 0, 3, 0, 0, 'C', 0, 0, 3, 0, 0),
(3922, 61, 15, '19234632', 'C', 0, 0, 3, 0, 0, 'B', 0, 4, 0, 0, 0),
(3923, 62, 15, '19234632', 'C', 0, 0, 3, 0, 0, 'C', 0, 0, 3, 0, 0),
(3924, 50, 16, '19234632', 'C', 0, 0, 3, 0, 0, 'C', 0, 0, 3, 0, 0),
(3925, 64, 16, '19234632', 'C', 0, 0, 3, 0, 0, 'C', 0, 0, 3, 0, 0),
(3926, 65, 16, '19234632', 'C', 0, 0, 3, 0, 0, 'C', 0, 0, 3, 0, 0),
(3927, 52, 16, '19234632', 'C', 0, 0, 3, 0, 0, 'B', 0, 4, 0, 0, 0),
(3928, 52, 17, '19234632', 'C', 0, 0, 3, 0, 0, 'C', 0, 0, 3, 0, 0),
(3929, 68, 17, '19234632', 'C', 0, 0, 3, 0, 0, 'C', 0, 0, 3, 0, 0),
(3930, 69, 17, '19234632', 'C', 0, 0, 3, 0, 0, 'C', 0, 0, 3, 0, 0),
(3931, 70, 17, '19234632', 'D', 0, 0, 0, 2, 0, 'C', 0, 0, 3, 0, 0),
(3932, 51, 18, '19234632', 'C', 0, 0, 3, 0, 0, 'D', 0, 0, 0, 2, 0),
(3933, 72, 18, '19234632', 'C', 0, 0, 3, 0, 0, 'D', 0, 0, 0, 2, 0),
(3934, 73, 18, '19234632', 'C', 0, 0, 3, 0, 0, 'C', 0, 0, 3, 0, 0),
(3935, 74, 18, '19234632', 'D', 0, 0, 0, 2, 0, 'C', 0, 0, 3, 0, 0),
(3936, 48, 14, '19234634', 'C', 0, 0, 3, 0, 0, 'D', 0, 0, 0, 2, 0),
(3937, 56, 14, '19234634', 'C', 0, 0, 3, 0, 0, 'B', 0, 4, 0, 0, 0),
(3938, 57, 14, '19234634', 'C', 0, 0, 3, 0, 0, 'D', 0, 0, 0, 2, 0),
(3939, 58, 14, '19234634', 'C', 0, 0, 3, 0, 0, 'B', 0, 4, 0, 0, 0),
(3940, 59, 14, '19234634', 'C', 0, 0, 3, 0, 0, 'C', 0, 0, 3, 0, 0),
(3941, 49, 15, '19234634', 'C', 0, 0, 3, 0, 0, 'C', 0, 0, 3, 0, 0),
(3942, 60, 15, '19234634', 'C', 0, 0, 3, 0, 0, 'D', 0, 0, 0, 2, 0),
(3943, 61, 15, '19234634', 'C', 0, 0, 3, 0, 0, 'D', 0, 0, 0, 2, 0),
(3944, 62, 15, '19234634', 'C', 0, 0, 3, 0, 0, 'D', 0, 0, 0, 2, 0),
(3945, 50, 16, '19234634', 'C', 0, 0, 3, 0, 0, 'D', 0, 0, 0, 2, 0),
(3946, 64, 16, '19234634', 'C', 0, 0, 3, 0, 0, 'D', 0, 0, 0, 2, 0),
(3947, 65, 16, '19234634', 'C', 0, 0, 3, 0, 0, 'B', 0, 4, 0, 0, 0),
(3948, 52, 16, '19234634', 'C', 0, 0, 3, 0, 0, 'C', 0, 0, 3, 0, 0),
(3949, 52, 17, '19234634', 'C', 0, 0, 3, 0, 0, 'B', 0, 4, 0, 0, 0),
(3950, 68, 17, '19234634', 'C', 0, 0, 3, 0, 0, 'C', 0, 0, 3, 0, 0),
(3951, 69, 17, '19234634', 'C', 0, 0, 3, 0, 0, 'C', 0, 0, 3, 0, 0),
(3952, 70, 17, '19234634', 'B', 0, 4, 0, 0, 0, 'C', 0, 0, 3, 0, 0),
(3953, 51, 18, '19234634', 'C', 0, 0, 3, 0, 0, 'D', 0, 0, 0, 2, 0),
(3954, 72, 18, '19234634', 'C', 0, 0, 3, 0, 0, 'C', 0, 0, 3, 0, 0),
(3955, 73, 18, '19234634', 'C', 0, 0, 3, 0, 0, 'C', 0, 0, 3, 0, 0),
(3956, 74, 18, '19234634', 'E', 0, 0, 0, 0, 1, 'B', 0, 4, 0, 0, 0),
(3957, 48, 14, '19234636', 'C', 0, 0, 3, 0, 0, 'C', 0, 0, 3, 0, 0),
(3958, 56, 14, '19234636', 'C', 0, 0, 3, 0, 0, 'C', 0, 0, 3, 0, 0),
(3959, 57, 14, '19234636', 'C', 0, 0, 3, 0, 0, 'D', 0, 0, 0, 2, 0),
(3960, 58, 14, '19234636', 'B', 0, 4, 0, 0, 0, 'C', 0, 0, 3, 0, 0),
(3961, 59, 14, '19234636', 'C', 0, 0, 3, 0, 0, 'C', 0, 0, 3, 0, 0),
(3962, 49, 15, '19234636', 'C', 0, 0, 3, 0, 0, 'C', 0, 0, 3, 0, 0),
(3963, 60, 15, '19234636', 'C', 0, 0, 3, 0, 0, 'C', 0, 0, 3, 0, 0),
(3964, 61, 15, '19234636', 'C', 0, 0, 3, 0, 0, 'C', 0, 0, 3, 0, 0),
(3965, 62, 15, '19234636', 'C', 0, 0, 3, 0, 0, 'D', 0, 0, 0, 2, 0),
(3966, 50, 16, '19234636', 'C', 0, 0, 3, 0, 0, 'B', 0, 4, 0, 0, 0),
(3967, 64, 16, '19234636', 'C', 0, 0, 3, 0, 0, 'C', 0, 0, 3, 0, 0),
(3968, 65, 16, '19234636', 'C', 0, 0, 3, 0, 0, 'C', 0, 0, 3, 0, 0),
(3969, 52, 16, '19234636', 'C', 0, 0, 3, 0, 0, 'C', 0, 0, 3, 0, 0),
(3970, 52, 17, '19234636', 'C', 0, 0, 3, 0, 0, 'C', 0, 0, 3, 0, 0),
(3971, 68, 17, '19234636', 'C', 0, 0, 3, 0, 0, 'D', 0, 0, 0, 2, 0),
(3972, 69, 17, '19234636', 'C', 0, 0, 3, 0, 0, 'D', 0, 0, 0, 2, 0),
(3973, 70, 17, '19234636', 'C', 0, 0, 3, 0, 0, 'C', 0, 0, 3, 0, 0),
(3974, 51, 18, '19234636', 'C', 0, 0, 3, 0, 0, 'D', 0, 0, 0, 2, 0),
(3975, 72, 18, '19234636', 'C', 0, 0, 3, 0, 0, 'C', 0, 0, 3, 0, 0),
(3976, 73, 18, '19234636', 'C', 0, 0, 3, 0, 0, 'D', 0, 0, 0, 2, 0),
(3977, 74, 18, '19234636', 'C', 0, 0, 3, 0, 0, 'C', 0, 0, 3, 0, 0),
(3978, 48, 14, '19234638', 'B', 0, 4, 0, 0, 0, 'C', 0, 0, 3, 0, 0),
(3979, 56, 14, '19234638', 'C', 0, 0, 3, 0, 0, 'C', 0, 0, 3, 0, 0),
(3980, 57, 14, '19234638', 'D', 0, 0, 0, 2, 0, 'C', 0, 0, 3, 0, 0),
(3981, 58, 14, '19234638', 'C', 0, 0, 3, 0, 0, 'C', 0, 0, 3, 0, 0),
(3982, 59, 14, '19234638', 'D', 0, 0, 0, 2, 0, 'C', 0, 0, 3, 0, 0),
(3983, 49, 15, '19234638', 'C', 0, 0, 3, 0, 0, 'C', 0, 0, 3, 0, 0),
(3984, 60, 15, '19234638', 'C', 0, 0, 3, 0, 0, 'D', 0, 0, 0, 2, 0),
(3985, 61, 15, '19234638', 'C', 0, 0, 3, 0, 0, 'C', 0, 0, 3, 0, 0),
(3986, 62, 15, '19234638', 'D', 0, 0, 0, 2, 0, 'C', 0, 0, 3, 0, 0),
(3987, 50, 16, '19234638', 'C', 0, 0, 3, 0, 0, 'C', 0, 0, 3, 0, 0),
(3988, 64, 16, '19234638', 'C', 0, 0, 3, 0, 0, 'D', 0, 0, 0, 2, 0),
(3989, 65, 16, '19234638', 'C', 0, 0, 3, 0, 0, 'C', 0, 0, 3, 0, 0),
(3990, 52, 16, '19234638', 'C', 0, 0, 3, 0, 0, 'D', 0, 0, 0, 2, 0),
(3991, 52, 17, '19234638', 'C', 0, 0, 3, 0, 0, 'C', 0, 0, 3, 0, 0),
(3992, 68, 17, '19234638', 'B', 0, 4, 0, 0, 0, 'C', 0, 0, 3, 0, 0),
(3993, 69, 17, '19234638', 'C', 0, 0, 3, 0, 0, 'C', 0, 0, 3, 0, 0),
(3994, 70, 17, '19234638', 'C', 0, 0, 3, 0, 0, 'B', 0, 4, 0, 0, 0),
(3995, 51, 18, '19234638', 'C', 0, 0, 3, 0, 0, 'C', 0, 0, 3, 0, 0),
(3996, 72, 18, '19234638', 'D', 0, 0, 0, 2, 0, 'C', 0, 0, 3, 0, 0),
(3997, 73, 18, '19234638', 'C', 0, 0, 3, 0, 0, 'C', 0, 0, 3, 0, 0),
(3998, 74, 18, '19234638', 'D', 0, 0, 0, 2, 0, 'A', 5, 0, 0, 0, 0),
(3999, 48, 14, '19234640', 'C', 0, 0, 3, 0, 0, 'D', 0, 0, 0, 2, 0),
(4000, 56, 14, '19234640', 'C', 0, 0, 3, 0, 0, 'C', 0, 0, 3, 0, 0),
(4001, 57, 14, '19234640', 'D', 0, 0, 0, 2, 0, 'D', 0, 0, 0, 2, 0),
(4002, 58, 14, '19234640', 'C', 0, 0, 3, 0, 0, 'D', 0, 0, 0, 2, 0),
(4003, 59, 14, '19234640', 'D', 0, 0, 0, 2, 0, 'D', 0, 0, 0, 2, 0),
(4004, 49, 15, '19234640', 'C', 0, 0, 3, 0, 0, 'D', 0, 0, 0, 2, 0),
(4005, 60, 15, '19234640', 'D', 0, 0, 0, 2, 0, 'C', 0, 0, 3, 0, 0),
(4006, 61, 15, '19234640', 'D', 0, 0, 0, 2, 0, 'D', 0, 0, 0, 2, 0),
(4007, 62, 15, '19234640', 'C', 0, 0, 3, 0, 0, 'C', 0, 0, 3, 0, 0),
(4008, 50, 16, '19234640', 'D', 0, 0, 0, 2, 0, 'C', 0, 0, 3, 0, 0),
(4009, 64, 16, '19234640', 'C', 0, 0, 3, 0, 0, 'C', 0, 0, 3, 0, 0),
(4010, 65, 16, '19234640', 'C', 0, 0, 3, 0, 0, 'D', 0, 0, 0, 2, 0),
(4011, 52, 16, '19234640', 'D', 0, 0, 0, 2, 0, 'D', 0, 0, 0, 2, 0),
(4012, 52, 17, '19234640', 'C', 0, 0, 3, 0, 0, 'C', 0, 0, 3, 0, 0),
(4013, 68, 17, '19234640', 'C', 0, 0, 3, 0, 0, 'D', 0, 0, 0, 2, 0),
(4014, 69, 17, '19234640', 'C', 0, 0, 3, 0, 0, 'C', 0, 0, 3, 0, 0),
(4015, 70, 17, '19234640', 'C', 0, 0, 3, 0, 0, 'D', 0, 0, 0, 2, 0),
(4016, 51, 18, '19234640', 'C', 0, 0, 3, 0, 0, 'D', 0, 0, 0, 2, 0),
(4017, 72, 18, '19234640', 'C', 0, 0, 3, 0, 0, 'C', 0, 0, 3, 0, 0),
(4018, 73, 18, '19234640', 'C', 0, 0, 3, 0, 0, 'B', 0, 4, 0, 0, 0),
(4019, 74, 18, '19234640', 'B', 0, 4, 0, 0, 0, 'C', 0, 0, 3, 0, 0),
(4020, 48, 14, '19234642', 'C', 0, 0, 3, 0, 0, 'C', 0, 0, 3, 0, 0),
(4021, 56, 14, '19234642', 'C', 0, 0, 3, 0, 0, 'D', 0, 0, 0, 2, 0),
(4022, 57, 14, '19234642', 'C', 0, 0, 3, 0, 0, 'C', 0, 0, 3, 0, 0),
(4023, 58, 14, '19234642', 'D', 0, 0, 0, 2, 0, 'D', 0, 0, 0, 2, 0),
(4024, 59, 14, '19234642', 'C', 0, 0, 3, 0, 0, 'C', 0, 0, 3, 0, 0),
(4025, 49, 15, '19234642', 'C', 0, 0, 3, 0, 0, 'C', 0, 0, 3, 0, 0),
(4026, 60, 15, '19234642', 'C', 0, 0, 3, 0, 0, 'D', 0, 0, 0, 2, 0),
(4027, 61, 15, '19234642', 'C', 0, 0, 3, 0, 0, 'C', 0, 0, 3, 0, 0),
(4028, 62, 15, '19234642', 'C', 0, 0, 3, 0, 0, 'D', 0, 0, 0, 2, 0),
(4029, 50, 16, '19234642', 'C', 0, 0, 3, 0, 0, 'C', 0, 0, 3, 0, 0),
(4030, 64, 16, '19234642', 'D', 0, 0, 0, 2, 0, 'C', 0, 0, 3, 0, 0),
(4031, 65, 16, '19234642', 'D', 0, 0, 0, 2, 0, 'D', 0, 0, 0, 2, 0),
(4032, 52, 16, '19234642', 'C', 0, 0, 3, 0, 0, 'C', 0, 0, 3, 0, 0),
(4033, 52, 17, '19234642', 'C', 0, 0, 3, 0, 0, 'C', 0, 0, 3, 0, 0),
(4034, 68, 17, '19234642', 'C', 0, 0, 3, 0, 0, 'C', 0, 0, 3, 0, 0),
(4035, 69, 17, '19234642', 'C', 0, 0, 3, 0, 0, 'C', 0, 0, 3, 0, 0),
(4036, 70, 17, '19234642', 'C', 0, 0, 3, 0, 0, 'C', 0, 0, 3, 0, 0),
(4037, 51, 18, '19234642', 'C', 0, 0, 3, 0, 0, 'D', 0, 0, 0, 2, 0),
(4038, 72, 18, '19234642', 'C', 0, 0, 3, 0, 0, 'C', 0, 0, 3, 0, 0),
(4039, 73, 18, '19234642', 'C', 0, 0, 3, 0, 0, 'C', 0, 0, 3, 0, 0),
(4040, 74, 18, '19234642', 'D', 0, 0, 0, 2, 0, 'B', 0, 4, 0, 0, 0),
(4041, 48, 14, '19234644', 'D', 0, 0, 0, 2, 0, 'D', 0, 0, 0, 2, 0),
(4042, 56, 14, '19234644', 'C', 0, 0, 3, 0, 0, 'C', 0, 0, 3, 0, 0),
(4043, 57, 14, '19234644', 'C', 0, 0, 3, 0, 0, 'C', 0, 0, 3, 0, 0),
(4044, 58, 14, '19234644', 'C', 0, 0, 3, 0, 0, 'D', 0, 0, 0, 2, 0),
(4045, 59, 14, '19234644', 'C', 0, 0, 3, 0, 0, 'C', 0, 0, 3, 0, 0),
(4046, 49, 15, '19234644', 'D', 0, 0, 0, 2, 0, 'C', 0, 0, 3, 0, 0),
(4047, 60, 15, '19234644', 'C', 0, 0, 3, 0, 0, 'C', 0, 0, 3, 0, 0),
(4048, 61, 15, '19234644', 'B', 0, 4, 0, 0, 0, 'C', 0, 0, 3, 0, 0),
(4049, 62, 15, '19234644', 'C', 0, 0, 3, 0, 0, 'C', 0, 0, 3, 0, 0),
(4050, 50, 16, '19234644', 'B', 0, 4, 0, 0, 0, 'C', 0, 0, 3, 0, 0),
(4051, 64, 16, '19234644', 'C', 0, 0, 3, 0, 0, 'C', 0, 0, 3, 0, 0),
(4052, 65, 16, '19234644', 'C', 0, 0, 3, 0, 0, 'D', 0, 0, 0, 2, 0),
(4053, 52, 16, '19234644', 'C', 0, 0, 3, 0, 0, 'B', 0, 4, 0, 0, 0),
(4054, 52, 17, '19234644', 'C', 0, 0, 3, 0, 0, 'C', 0, 0, 3, 0, 0),
(4055, 68, 17, '19234644', 'C', 0, 0, 3, 0, 0, 'D', 0, 0, 0, 2, 0),
(4056, 69, 17, '19234644', 'C', 0, 0, 3, 0, 0, 'C', 0, 0, 3, 0, 0),
(4057, 70, 17, '19234644', 'D', 0, 0, 0, 2, 0, 'B', 0, 4, 0, 0, 0),
(4058, 51, 18, '19234644', 'D', 0, 0, 0, 2, 0, 'C', 0, 0, 3, 0, 0),
(4059, 72, 18, '19234644', 'C', 0, 0, 3, 0, 0, 'C', 0, 0, 3, 0, 0),
(4060, 73, 18, '19234644', 'C', 0, 0, 3, 0, 0, 'C', 0, 0, 3, 0, 0),
(4061, 74, 18, '19234644', 'C', 0, 0, 3, 0, 0, 'C', 0, 0, 3, 0, 0),
(4062, 48, 14, '19234646', 'C', 0, 0, 3, 0, 0, 'C', 0, 0, 3, 0, 0),
(4063, 56, 14, '19234646', 'D', 0, 0, 0, 2, 0, 'C', 0, 0, 3, 0, 0),
(4064, 57, 14, '19234646', 'C', 0, 0, 3, 0, 0, 'C', 0, 0, 3, 0, 0),
(4065, 58, 14, '19234646', 'D', 0, 0, 0, 2, 0, 'C', 0, 0, 3, 0, 0),
(4066, 59, 14, '19234646', 'C', 0, 0, 3, 0, 0, 'C', 0, 0, 3, 0, 0),
(4067, 49, 15, '19234646', 'D', 0, 0, 0, 2, 0, 'C', 0, 0, 3, 0, 0),
(4068, 60, 15, '19234646', 'C', 0, 0, 3, 0, 0, 'C', 0, 0, 3, 0, 0),
(4069, 61, 15, '19234646', 'C', 0, 0, 3, 0, 0, 'C', 0, 0, 3, 0, 0),
(4070, 62, 15, '19234646', 'C', 0, 0, 3, 0, 0, 'D', 0, 0, 0, 2, 0),
(4071, 50, 16, '19234646', 'C', 0, 0, 3, 0, 0, 'C', 0, 0, 3, 0, 0),
(4072, 64, 16, '19234646', 'C', 0, 0, 3, 0, 0, 'D', 0, 0, 0, 2, 0),
(4073, 65, 16, '19234646', 'C', 0, 0, 3, 0, 0, 'C', 0, 0, 3, 0, 0),
(4074, 52, 16, '19234646', 'C', 0, 0, 3, 0, 0, 'C', 0, 0, 3, 0, 0),
(4075, 52, 17, '19234646', 'C', 0, 0, 3, 0, 0, 'C', 0, 0, 3, 0, 0),
(4076, 68, 17, '19234646', 'C', 0, 0, 3, 0, 0, 'C', 0, 0, 3, 0, 0),
(4077, 69, 17, '19234646', 'D', 0, 0, 0, 2, 0, 'D', 0, 0, 0, 2, 0),
(4078, 70, 17, '19234646', 'D', 0, 0, 0, 2, 0, 'B', 0, 4, 0, 0, 0),
(4079, 51, 18, '19234646', 'C', 0, 0, 3, 0, 0, 'C', 0, 0, 3, 0, 0),
(4080, 72, 18, '19234646', 'D', 0, 0, 0, 2, 0, 'C', 0, 0, 3, 0, 0),
(4081, 73, 18, '19234646', 'D', 0, 0, 0, 2, 0, 'C', 0, 0, 3, 0, 0),
(4082, 74, 18, '19234646', 'D', 0, 0, 0, 2, 0, 'D', 0, 0, 0, 2, 0),
(4083, 48, 14, '19234648', 'C', 0, 0, 3, 0, 0, 'C', 0, 0, 3, 0, 0),
(4084, 56, 14, '19234648', 'C', 0, 0, 3, 0, 0, 'C', 0, 0, 3, 0, 0),
(4085, 57, 14, '19234648', 'C', 0, 0, 3, 0, 0, 'D', 0, 0, 0, 2, 0),
(4086, 58, 14, '19234648', 'C', 0, 0, 3, 0, 0, 'C', 0, 0, 3, 0, 0),
(4087, 59, 14, '19234648', 'D', 0, 0, 0, 2, 0, 'C', 0, 0, 3, 0, 0),
(4088, 49, 15, '19234648', 'C', 0, 0, 3, 0, 0, 'C', 0, 0, 3, 0, 0),
(4089, 60, 15, '19234648', 'C', 0, 0, 3, 0, 0, 'D', 0, 0, 0, 2, 0),
(4090, 61, 15, '19234648', 'C', 0, 0, 3, 0, 0, 'D', 0, 0, 0, 2, 0),
(4091, 62, 15, '19234648', 'C', 0, 0, 3, 0, 0, 'B', 0, 4, 0, 0, 0),
(4092, 50, 16, '19234648', 'C', 0, 0, 3, 0, 0, 'C', 0, 0, 3, 0, 0),
(4093, 64, 16, '19234648', 'C', 0, 0, 3, 0, 0, 'D', 0, 0, 0, 2, 0),
(4094, 65, 16, '19234648', 'C', 0, 0, 3, 0, 0, 'C', 0, 0, 3, 0, 0),
(4095, 52, 16, '19234648', 'D', 0, 0, 0, 2, 0, 'C', 0, 0, 3, 0, 0),
(4096, 52, 17, '19234648', 'C', 0, 0, 3, 0, 0, 'C', 0, 0, 3, 0, 0),
(4097, 68, 17, '19234648', 'C', 0, 0, 3, 0, 0, 'C', 0, 0, 3, 0, 0),
(4098, 69, 17, '19234648', 'C', 0, 0, 3, 0, 0, 'C', 0, 0, 3, 0, 0),
(4099, 70, 17, '19234648', 'C', 0, 0, 3, 0, 0, 'B', 0, 4, 0, 0, 0),
(4100, 51, 18, '19234648', 'C', 0, 0, 3, 0, 0, 'D', 0, 0, 0, 2, 0),
(4101, 72, 18, '19234648', 'C', 0, 0, 3, 0, 0, 'C', 0, 0, 3, 0, 0),
(4102, 73, 18, '19234648', 'C', 0, 0, 3, 0, 0, 'D', 0, 0, 0, 2, 0),
(4103, 74, 18, '19234648', 'C', 0, 0, 3, 0, 0, 'C', 0, 0, 3, 0, 0),
(4104, 48, 14, '19234650', 'C', 0, 0, 3, 0, 0, 'B', 0, 4, 0, 0, 0),
(4105, 56, 14, '19234650', 'C', 0, 0, 3, 0, 0, 'C', 0, 0, 3, 0, 0),
(4106, 57, 14, '19234650', 'C', 0, 0, 3, 0, 0, 'C', 0, 0, 3, 0, 0),
(4107, 58, 14, '19234650', 'D', 0, 0, 0, 2, 0, 'D', 0, 0, 0, 2, 0),
(4108, 59, 14, '19234650', 'C', 0, 0, 3, 0, 0, 'C', 0, 0, 3, 0, 0),
(4109, 49, 15, '19234650', 'C', 0, 0, 3, 0, 0, 'C', 0, 0, 3, 0, 0),
(4110, 60, 15, '19234650', 'C', 0, 0, 3, 0, 0, 'C', 0, 0, 3, 0, 0),
(4111, 61, 15, '19234650', 'C', 0, 0, 3, 0, 0, 'C', 0, 0, 3, 0, 0),
(4112, 62, 15, '19234650', 'C', 0, 0, 3, 0, 0, 'C', 0, 0, 3, 0, 0),
(4113, 50, 16, '19234650', 'C', 0, 0, 3, 0, 0, 'B', 0, 4, 0, 0, 0),
(4114, 64, 16, '19234650', 'C', 0, 0, 3, 0, 0, 'C', 0, 0, 3, 0, 0),
(4115, 65, 16, '19234650', 'C', 0, 0, 3, 0, 0, 'C', 0, 0, 3, 0, 0),
(4116, 52, 16, '19234650', 'C', 0, 0, 3, 0, 0, 'C', 0, 0, 3, 0, 0),
(4117, 52, 17, '19234650', 'C', 0, 0, 3, 0, 0, 'C', 0, 0, 3, 0, 0),
(4118, 68, 17, '19234650', 'D', 0, 0, 0, 2, 0, 'D', 0, 0, 0, 2, 0),
(4119, 69, 17, '19234650', 'C', 0, 0, 3, 0, 0, 'D', 0, 0, 0, 2, 0),
(4120, 70, 17, '19234650', 'C', 0, 0, 3, 0, 0, 'D', 0, 0, 0, 2, 0),
(4121, 51, 18, '19234650', 'D', 0, 0, 0, 2, 0, 'C', 0, 0, 3, 0, 0),
(4122, 72, 18, '19234650', 'D', 0, 0, 0, 2, 0, 'B', 0, 4, 0, 0, 0),
(4123, 73, 18, '19234650', 'D', 0, 0, 0, 2, 0, 'C', 0, 0, 3, 0, 0),
(4124, 74, 18, '19234650', 'C', 0, 0, 3, 0, 0, 'C', 0, 0, 3, 0, 0),
(4125, 48, 14, '19234652', 'C', 0, 0, 3, 0, 0, 'C', 0, 0, 3, 0, 0),
(4126, 56, 14, '19234652', 'C', 0, 0, 3, 0, 0, 'D', 0, 0, 0, 2, 0),
(4127, 57, 14, '19234652', 'C', 0, 0, 3, 0, 0, 'C', 0, 0, 3, 0, 0),
(4128, 58, 14, '19234652', 'C', 0, 0, 3, 0, 0, 'C', 0, 0, 3, 0, 0),
(4129, 59, 14, '19234652', 'C', 0, 0, 3, 0, 0, 'C', 0, 0, 3, 0, 0),
(4130, 49, 15, '19234652', 'C', 0, 0, 3, 0, 0, 'C', 0, 0, 3, 0, 0),
(4131, 60, 15, '19234652', 'C', 0, 0, 3, 0, 0, 'C', 0, 0, 3, 0, 0),
(4132, 61, 15, '19234652', 'D', 0, 0, 0, 2, 0, 'C', 0, 0, 3, 0, 0),
(4133, 62, 15, '19234652', 'C', 0, 0, 3, 0, 0, 'C', 0, 0, 3, 0, 0),
(4134, 50, 16, '19234652', 'C', 0, 0, 3, 0, 0, 'C', 0, 0, 3, 0, 0),
(4135, 64, 16, '19234652', 'C', 0, 0, 3, 0, 0, 'C', 0, 0, 3, 0, 0),
(4136, 65, 16, '19234652', 'D', 0, 0, 0, 2, 0, 'C', 0, 0, 3, 0, 0),
(4137, 52, 16, '19234652', 'C', 0, 0, 3, 0, 0, 'C', 0, 0, 3, 0, 0),
(4138, 52, 17, '19234652', 'C', 0, 0, 3, 0, 0, 'C', 0, 0, 3, 0, 0),
(4139, 68, 17, '19234652', 'C', 0, 0, 3, 0, 0, 'D', 0, 0, 0, 2, 0),
(4140, 69, 17, '19234652', 'D', 0, 0, 0, 2, 0, 'C', 0, 0, 3, 0, 0),
(4141, 70, 17, '19234652', 'D', 0, 0, 0, 2, 0, 'B', 0, 4, 0, 0, 0),
(4142, 51, 18, '19234652', 'D', 0, 0, 0, 2, 0, 'C', 0, 0, 3, 0, 0),
(4143, 72, 18, '19234652', 'D', 0, 0, 0, 2, 0, 'B', 0, 4, 0, 0, 0),
(4144, 73, 18, '19234652', 'C', 0, 0, 3, 0, 0, 'C', 0, 0, 3, 0, 0),
(4145, 74, 18, '19234652', 'C', 0, 0, 3, 0, 0, 'C', 0, 0, 3, 0, 0),
(4146, 48, 14, '19234654', 'C', 0, 0, 3, 0, 0, 'C', 0, 0, 3, 0, 0),
(4147, 56, 14, '19234654', 'C', 0, 0, 3, 0, 0, 'C', 0, 0, 3, 0, 0),
(4148, 57, 14, '19234654', 'C', 0, 0, 3, 0, 0, 'C', 0, 0, 3, 0, 0),
(4149, 58, 14, '19234654', 'C', 0, 0, 3, 0, 0, 'C', 0, 0, 3, 0, 0),
(4150, 59, 14, '19234654', 'C', 0, 0, 3, 0, 0, 'C', 0, 0, 3, 0, 0),
(4151, 49, 15, '19234654', 'C', 0, 0, 3, 0, 0, 'C', 0, 0, 3, 0, 0),
(4152, 60, 15, '19234654', 'C', 0, 0, 3, 0, 0, 'C', 0, 0, 3, 0, 0),
(4153, 61, 15, '19234654', 'C', 0, 0, 3, 0, 0, 'C', 0, 0, 3, 0, 0),
(4154, 62, 15, '19234654', 'C', 0, 0, 3, 0, 0, 'C', 0, 0, 3, 0, 0),
(4155, 50, 16, '19234654', 'C', 0, 0, 3, 0, 0, 'C', 0, 0, 3, 0, 0),
(4156, 64, 16, '19234654', 'C', 0, 0, 3, 0, 0, 'C', 0, 0, 3, 0, 0),
(4157, 65, 16, '19234654', 'D', 0, 0, 0, 2, 0, 'C', 0, 0, 3, 0, 0),
(4158, 52, 16, '19234654', 'C', 0, 0, 3, 0, 0, 'C', 0, 0, 3, 0, 0),
(4159, 52, 17, '19234654', 'C', 0, 0, 3, 0, 0, 'C', 0, 0, 3, 0, 0),
(4160, 68, 17, '19234654', 'C', 0, 0, 3, 0, 0, 'C', 0, 0, 3, 0, 0),
(4161, 69, 17, '19234654', 'C', 0, 0, 3, 0, 0, 'B', 0, 4, 0, 0, 0),
(4162, 70, 17, '19234654', 'D', 0, 0, 0, 2, 0, 'C', 0, 0, 3, 0, 0),
(4163, 51, 18, '19234654', 'D', 0, 0, 0, 2, 0, 'C', 0, 0, 3, 0, 0),
(4164, 72, 18, '19234654', 'D', 0, 0, 0, 2, 0, 'C', 0, 0, 3, 0, 0),
(4165, 73, 18, '19234654', 'C', 0, 0, 3, 0, 0, 'C', 0, 0, 3, 0, 0),
(4166, 74, 18, '19234654', 'C', 0, 0, 3, 0, 0, 'C', 0, 0, 3, 0, 0),
(4167, 48, 14, '19234656', 'C', 0, 0, 3, 0, 0, 'C', 0, 0, 3, 0, 0),
(4168, 56, 14, '19234656', 'C', 0, 0, 3, 0, 0, 'C', 0, 0, 3, 0, 0),
(4169, 57, 14, '19234656', 'C', 0, 0, 3, 0, 0, 'C', 0, 0, 3, 0, 0),
(4170, 58, 14, '19234656', 'C', 0, 0, 3, 0, 0, 'C', 0, 0, 3, 0, 0),
(4171, 59, 14, '19234656', 'C', 0, 0, 3, 0, 0, 'C', 0, 0, 3, 0, 0),
(4172, 49, 15, '19234656', 'C', 0, 0, 3, 0, 0, 'C', 0, 0, 3, 0, 0),
(4173, 60, 15, '19234656', 'C', 0, 0, 3, 0, 0, 'C', 0, 0, 3, 0, 0),
(4174, 61, 15, '19234656', 'D', 0, 0, 0, 2, 0, 'C', 0, 0, 3, 0, 0),
(4175, 62, 15, '19234656', 'C', 0, 0, 3, 0, 0, 'C', 0, 0, 3, 0, 0),
(4176, 50, 16, '19234656', 'C', 0, 0, 3, 0, 0, 'C', 0, 0, 3, 0, 0),
(4177, 64, 16, '19234656', 'C', 0, 0, 3, 0, 0, 'C', 0, 0, 3, 0, 0),
(4178, 65, 16, '19234656', 'C', 0, 0, 3, 0, 0, 'C', 0, 0, 3, 0, 0),
(4179, 52, 16, '19234656', 'C', 0, 0, 3, 0, 0, 'C', 0, 0, 3, 0, 0),
(4180, 52, 17, '19234656', 'C', 0, 0, 3, 0, 0, 'C', 0, 0, 3, 0, 0),
(4181, 68, 17, '19234656', 'B', 0, 4, 0, 0, 0, 'C', 0, 0, 3, 0, 0),
(4182, 69, 17, '19234656', 'C', 0, 0, 3, 0, 0, 'C', 0, 0, 3, 0, 0),
(4183, 70, 17, '19234656', 'C', 0, 0, 3, 0, 0, 'C', 0, 0, 3, 0, 0),
(4184, 51, 18, '19234656', 'D', 0, 0, 0, 2, 0, 'C', 0, 0, 3, 0, 0),
(4185, 72, 18, '19234656', 'D', 0, 0, 0, 2, 0, 'C', 0, 0, 3, 0, 0),
(4186, 73, 18, '19234656', 'C', 0, 0, 3, 0, 0, 'C', 0, 0, 3, 0, 0),
(4187, 74, 18, '19234656', 'C', 0, 0, 3, 0, 0, 'C', 0, 0, 3, 0, 0),
(4188, 48, 14, '19234658', 'C', 0, 0, 3, 0, 0, 'C', 0, 0, 3, 0, 0),
(4189, 56, 14, '19234658', 'C', 0, 0, 3, 0, 0, 'C', 0, 0, 3, 0, 0),
(4190, 57, 14, '19234658', 'C', 0, 0, 3, 0, 0, 'B', 0, 4, 0, 0, 0),
(4191, 58, 14, '19234658', 'B', 0, 4, 0, 0, 0, 'C', 0, 0, 3, 0, 0),
(4192, 59, 14, '19234658', 'C', 0, 0, 3, 0, 0, 'D', 0, 0, 0, 2, 0),
(4193, 49, 15, '19234658', 'C', 0, 0, 3, 0, 0, 'C', 0, 0, 3, 0, 0),
(4194, 60, 15, '19234658', 'C', 0, 0, 3, 0, 0, 'D', 0, 0, 0, 2, 0),
(4195, 61, 15, '19234658', 'C', 0, 0, 3, 0, 0, 'C', 0, 0, 3, 0, 0),
(4196, 62, 15, '19234658', 'C', 0, 0, 3, 0, 0, 'B', 0, 4, 0, 0, 0),
(4197, 50, 16, '19234658', 'C', 0, 0, 3, 0, 0, 'C', 0, 0, 3, 0, 0),
(4198, 64, 16, '19234658', 'C', 0, 0, 3, 0, 0, 'C', 0, 0, 3, 0, 0),
(4199, 65, 16, '19234658', 'C', 0, 0, 3, 0, 0, 'C', 0, 0, 3, 0, 0),
(4200, 52, 16, '19234658', 'C', 0, 0, 3, 0, 0, 'D', 0, 0, 0, 2, 0),
(4201, 52, 17, '19234658', 'C', 0, 0, 3, 0, 0, 'C', 0, 0, 3, 0, 0),
(4202, 68, 17, '19234658', 'C', 0, 0, 3, 0, 0, 'C', 0, 0, 3, 0, 0),
(4203, 69, 17, '19234658', 'C', 0, 0, 3, 0, 0, 'C', 0, 0, 3, 0, 0),
(4204, 70, 17, '19234658', 'D', 0, 0, 0, 2, 0, 'C', 0, 0, 3, 0, 0),
(4205, 51, 18, '19234658', 'D', 0, 0, 0, 2, 0, 'D', 0, 0, 0, 2, 0),
(4206, 72, 18, '19234658', 'D', 0, 0, 0, 2, 0, 'C', 0, 0, 3, 0, 0),
(4207, 73, 18, '19234658', 'C', 0, 0, 3, 0, 0, 'C', 0, 0, 3, 0, 0),
(4208, 74, 18, '19234658', 'C', 0, 0, 3, 0, 0, 'C', 0, 0, 3, 0, 0),
(4209, 48, 14, '19234660', 'C', 0, 0, 3, 0, 0, 'C', 0, 0, 3, 0, 0),
(4210, 56, 14, '19234660', 'C', 0, 0, 3, 0, 0, 'C', 0, 0, 3, 0, 0),
(4211, 57, 14, '19234660', 'C', 0, 0, 3, 0, 0, 'D', 0, 0, 0, 2, 0),
(4212, 58, 14, '19234660', 'C', 0, 0, 3, 0, 0, 'B', 0, 4, 0, 0, 0),
(4213, 59, 14, '19234660', 'C', 0, 0, 3, 0, 0, 'C', 0, 0, 3, 0, 0),
(4214, 49, 15, '19234660', 'C', 0, 0, 3, 0, 0, 'C', 0, 0, 3, 0, 0),
(4215, 60, 15, '19234660', 'C', 0, 0, 3, 0, 0, 'C', 0, 0, 3, 0, 0),
(4216, 61, 15, '19234660', 'C', 0, 0, 3, 0, 0, 'C', 0, 0, 3, 0, 0),
(4217, 62, 15, '19234660', 'C', 0, 0, 3, 0, 0, 'B', 0, 4, 0, 0, 0),
(4218, 50, 16, '19234660', 'C', 0, 0, 3, 0, 0, 'C', 0, 0, 3, 0, 0),
(4219, 64, 16, '19234660', 'C', 0, 0, 3, 0, 0, 'C', 0, 0, 3, 0, 0),
(4220, 65, 16, '19234660', 'C', 0, 0, 3, 0, 0, 'B', 0, 4, 0, 0, 0),
(4221, 52, 16, '19234660', 'C', 0, 0, 3, 0, 0, 'C', 0, 0, 3, 0, 0),
(4222, 52, 17, '19234660', 'C', 0, 0, 3, 0, 0, 'C', 0, 0, 3, 0, 0),
(4223, 68, 17, '19234660', 'C', 0, 0, 3, 0, 0, 'C', 0, 0, 3, 0, 0),
(4224, 69, 17, '19234660', 'C', 0, 0, 3, 0, 0, 'C', 0, 0, 3, 0, 0),
(4225, 70, 17, '19234660', 'D', 0, 0, 0, 2, 0, 'C', 0, 0, 3, 0, 0),
(4226, 51, 18, '19234660', 'C', 0, 0, 3, 0, 0, 'C', 0, 0, 3, 0, 0),
(4227, 72, 18, '19234660', 'D', 0, 0, 0, 2, 0, 'C', 0, 0, 3, 0, 0),
(4228, 73, 18, '19234660', 'C', 0, 0, 3, 0, 0, 'C', 0, 0, 3, 0, 0),
(4229, 74, 18, '19234660', 'C', 0, 0, 3, 0, 0, 'C', 0, 0, 3, 0, 0),
(4230, 48, 14, '19234662', 'C', 0, 0, 3, 0, 0, 'C', 0, 0, 3, 0, 0),
(4231, 56, 14, '19234662', 'C', 0, 0, 3, 0, 0, 'C', 0, 0, 3, 0, 0),
(4232, 57, 14, '19234662', 'B', 0, 4, 0, 0, 0, 'C', 0, 0, 3, 0, 0),
(4233, 58, 14, '19234662', 'C', 0, 0, 3, 0, 0, 'C', 0, 0, 3, 0, 0),
(4234, 59, 14, '19234662', 'C', 0, 0, 3, 0, 0, 'B', 0, 4, 0, 0, 0),
(4235, 49, 15, '19234662', 'C', 0, 0, 3, 0, 0, 'C', 0, 0, 3, 0, 0),
(4236, 60, 15, '19234662', 'B', 0, 4, 0, 0, 0, 'C', 0, 0, 3, 0, 0),
(4237, 61, 15, '19234662', 'C', 0, 0, 3, 0, 0, 'C', 0, 0, 3, 0, 0),
(4238, 62, 15, '19234662', 'C', 0, 0, 3, 0, 0, 'C', 0, 0, 3, 0, 0),
(4239, 50, 16, '19234662', 'C', 0, 0, 3, 0, 0, 'C', 0, 0, 3, 0, 0),
(4240, 64, 16, '19234662', 'C', 0, 0, 3, 0, 0, 'D', 0, 0, 0, 2, 0),
(4241, 65, 16, '19234662', 'C', 0, 0, 3, 0, 0, 'C', 0, 0, 3, 0, 0),
(4242, 52, 16, '19234662', 'C', 0, 0, 3, 0, 0, 'C', 0, 0, 3, 0, 0),
(4243, 52, 17, '19234662', 'C', 0, 0, 3, 0, 0, 'D', 0, 0, 0, 2, 0),
(4244, 68, 17, '19234662', 'C', 0, 0, 3, 0, 0, 'C', 0, 0, 3, 0, 0),
(4245, 69, 17, '19234662', 'C', 0, 0, 3, 0, 0, 'C', 0, 0, 3, 0, 0),
(4246, 70, 17, '19234662', 'D', 0, 0, 0, 2, 0, 'C', 0, 0, 3, 0, 0),
(4247, 51, 18, '19234662', 'C', 0, 0, 3, 0, 0, 'B', 0, 4, 0, 0, 0),
(4248, 72, 18, '19234662', 'D', 0, 0, 0, 2, 0, 'C', 0, 0, 3, 0, 0),
(4249, 73, 18, '19234662', 'C', 0, 0, 3, 0, 0, 'C', 0, 0, 3, 0, 0),
(4250, 74, 18, '19234662', 'C', 0, 0, 3, 0, 0, 'C', 0, 0, 3, 0, 0),
(4251, 48, 14, '19234664', 'C', 0, 0, 3, 0, 0, 'C', 0, 0, 3, 0, 0),
(4252, 56, 14, '19234664', 'C', 0, 0, 3, 0, 0, 'C', 0, 0, 3, 0, 0),
(4253, 57, 14, '19234664', 'B', 0, 4, 0, 0, 0, 'C', 0, 0, 3, 0, 0),
(4254, 58, 14, '19234664', 'C', 0, 0, 3, 0, 0, 'B', 0, 4, 0, 0, 0),
(4255, 59, 14, '19234664', 'C', 0, 0, 3, 0, 0, 'C', 0, 0, 3, 0, 0),
(4256, 49, 15, '19234664', 'C', 0, 0, 3, 0, 0, 'C', 0, 0, 3, 0, 0),
(4257, 60, 15, '19234664', 'C', 0, 0, 3, 0, 0, 'B', 0, 4, 0, 0, 0),
(4258, 61, 15, '19234664', 'C', 0, 0, 3, 0, 0, 'C', 0, 0, 3, 0, 0),
(4259, 62, 15, '19234664', 'C', 0, 0, 3, 0, 0, 'C', 0, 0, 3, 0, 0),
(4260, 50, 16, '19234664', 'B', 0, 4, 0, 0, 0, 'C', 0, 0, 3, 0, 0),
(4261, 64, 16, '19234664', 'C', 0, 0, 3, 0, 0, 'C', 0, 0, 3, 0, 0),
(4262, 65, 16, '19234664', 'C', 0, 0, 3, 0, 0, 'C', 0, 0, 3, 0, 0),
(4263, 52, 16, '19234664', 'C', 0, 0, 3, 0, 0, 'B', 0, 4, 0, 0, 0),
(4264, 52, 17, '19234664', 'C', 0, 0, 3, 0, 0, 'C', 0, 0, 3, 0, 0),
(4265, 68, 17, '19234664', 'C', 0, 0, 3, 0, 0, 'C', 0, 0, 3, 0, 0),
(4266, 69, 17, '19234664', 'C', 0, 0, 3, 0, 0, 'C', 0, 0, 3, 0, 0),
(4267, 70, 17, '19234664', 'C', 0, 0, 3, 0, 0, 'C', 0, 0, 3, 0, 0),
(4268, 51, 18, '19234664', 'B', 0, 4, 0, 0, 0, 'C', 0, 0, 3, 0, 0),
(4269, 72, 18, '19234664', 'C', 0, 0, 3, 0, 0, 'C', 0, 0, 3, 0, 0),
(4270, 73, 18, '19234664', 'C', 0, 0, 3, 0, 0, 'B', 0, 4, 0, 0, 0),
(4271, 74, 18, '19234664', 'C', 0, 0, 3, 0, 0, 'B', 0, 4, 0, 0, 0),
(4272, 48, 14, '19234666', 'C', 0, 0, 3, 0, 0, 'C', 0, 0, 3, 0, 0),
(4273, 56, 14, '19234666', 'C', 0, 0, 3, 0, 0, 'C', 0, 0, 3, 0, 0),
(4274, 57, 14, '19234666', 'C', 0, 0, 3, 0, 0, 'D', 0, 0, 0, 2, 0),
(4275, 58, 14, '19234666', 'C', 0, 0, 3, 0, 0, 'C', 0, 0, 3, 0, 0),
(4276, 59, 14, '19234666', 'C', 0, 0, 3, 0, 0, 'C', 0, 0, 3, 0, 0),
(4277, 49, 15, '19234666', 'C', 0, 0, 3, 0, 0, 'C', 0, 0, 3, 0, 0),
(4278, 60, 15, '19234666', 'C', 0, 0, 3, 0, 0, 'C', 0, 0, 3, 0, 0),
(4279, 61, 15, '19234666', 'C', 0, 0, 3, 0, 0, 'C', 0, 0, 3, 0, 0),
(4280, 62, 15, '19234666', 'C', 0, 0, 3, 0, 0, 'C', 0, 0, 3, 0, 0),
(4281, 50, 16, '19234666', 'C', 0, 0, 3, 0, 0, 'C', 0, 0, 3, 0, 0),
(4282, 64, 16, '19234666', 'C', 0, 0, 3, 0, 0, 'C', 0, 0, 3, 0, 0),
(4283, 65, 16, '19234666', 'C', 0, 0, 3, 0, 0, 'C', 0, 0, 3, 0, 0),
(4284, 52, 16, '19234666', 'C', 0, 0, 3, 0, 0, 'C', 0, 0, 3, 0, 0),
(4285, 52, 17, '19234666', 'C', 0, 0, 3, 0, 0, 'C', 0, 0, 3, 0, 0),
(4286, 68, 17, '19234666', 'C', 0, 0, 3, 0, 0, 'C', 0, 0, 3, 0, 0),
(4287, 69, 17, '19234666', 'D', 0, 0, 0, 2, 0, 'C', 0, 0, 3, 0, 0),
(4288, 70, 17, '19234666', 'D', 0, 0, 0, 2, 0, 'C', 0, 0, 3, 0, 0),
(4289, 51, 18, '19234666', 'D', 0, 0, 0, 2, 0, 'C', 0, 0, 3, 0, 0),
(4290, 72, 18, '19234666', 'D', 0, 0, 0, 2, 0, 'C', 0, 0, 3, 0, 0),
(4291, 73, 18, '19234666', 'C', 0, 0, 3, 0, 0, 'C', 0, 0, 3, 0, 0),
(4292, 74, 18, '19234666', 'C', 0, 0, 3, 0, 0, 'C', 0, 0, 3, 0, 0),
(4293, 48, 14, '18234610', 'C', 0, 0, 3, 0, 0, 'B', 0, 4, 0, 0, 0),
(4294, 56, 14, '18234610', 'B', 0, 4, 0, 0, 0, 'C', 0, 0, 3, 0, 0),
(4295, 57, 14, '18234610', 'C', 0, 0, 3, 0, 0, 'C', 0, 0, 3, 0, 0),
(4296, 58, 14, '18234610', 'B', 0, 4, 0, 0, 0, 'C', 0, 0, 3, 0, 0),
(4297, 59, 14, '18234610', 'C', 0, 0, 3, 0, 0, 'C', 0, 0, 3, 0, 0),
(4298, 49, 15, '18234610', 'B', 0, 4, 0, 0, 0, 'C', 0, 0, 3, 0, 0),
(4299, 60, 15, '18234610', 'C', 0, 0, 3, 0, 0, 'C', 0, 0, 3, 0, 0),
(4300, 61, 15, '18234610', 'C', 0, 0, 3, 0, 0, 'C', 0, 0, 3, 0, 0),
(4301, 62, 15, '18234610', 'B', 0, 4, 0, 0, 0, 'C', 0, 0, 3, 0, 0),
(4302, 50, 16, '18234610', 'C', 0, 0, 3, 0, 0, 'C', 0, 0, 3, 0, 0),
(4303, 64, 16, '18234610', 'B', 0, 4, 0, 0, 0, 'C', 0, 0, 3, 0, 0),
(4304, 65, 16, '18234610', 'C', 0, 0, 3, 0, 0, 'C', 0, 0, 3, 0, 0),
(4305, 52, 16, '18234610', 'C', 0, 0, 3, 0, 0, 'C', 0, 0, 3, 0, 0),
(4306, 52, 17, '18234610', 'B', 0, 4, 0, 0, 0, 'C', 0, 0, 3, 0, 0),
(4307, 68, 17, '18234610', 'C', 0, 0, 3, 0, 0, 'C', 0, 0, 3, 0, 0),
(4308, 69, 17, '18234610', 'C', 0, 0, 3, 0, 0, 'B', 0, 4, 0, 0, 0),
(4309, 70, 17, '18234610', 'B', 0, 4, 0, 0, 0, 'C', 0, 0, 3, 0, 0),
(4310, 51, 18, '18234610', 'C', 0, 0, 3, 0, 0, 'C', 0, 0, 3, 0, 0),
(4311, 72, 18, '18234610', 'B', 0, 4, 0, 0, 0, 'C', 0, 0, 3, 0, 0),
(4312, 73, 18, '18234610', 'B', 0, 4, 0, 0, 0, 'C', 0, 0, 3, 0, 0),
(4313, 74, 18, '18234610', 'B', 0, 4, 0, 0, 0, 'C', 0, 0, 3, 0, 0),
(4314, 48, 14, '18234614', 'B', 0, 4, 0, 0, 0, 'B', 0, 4, 0, 0, 0),
(4315, 56, 14, '18234614', 'B', 0, 4, 0, 0, 0, 'C', 0, 0, 3, 0, 0),
(4316, 57, 14, '18234614', 'C', 0, 0, 3, 0, 0, 'C', 0, 0, 3, 0, 0),
(4317, 58, 14, '18234614', 'C', 0, 0, 3, 0, 0, 'B', 0, 4, 0, 0, 0),
(4318, 59, 14, '18234614', 'B', 0, 4, 0, 0, 0, 'C', 0, 0, 3, 0, 0),
(4319, 49, 15, '18234614', 'C', 0, 0, 3, 0, 0, 'C', 0, 0, 3, 0, 0),
(4320, 60, 15, '18234614', 'B', 0, 4, 0, 0, 0, 'B', 0, 4, 0, 0, 0),
(4321, 61, 15, '18234614', 'C', 0, 0, 3, 0, 0, 'C', 0, 0, 3, 0, 0),
(4322, 62, 15, '18234614', 'B', 0, 4, 0, 0, 0, 'C', 0, 0, 3, 0, 0),
(4323, 50, 16, '18234614', 'C', 0, 0, 3, 0, 0, 'C', 0, 0, 3, 0, 0),
(4324, 64, 16, '18234614', 'B', 0, 4, 0, 0, 0, 'C', 0, 0, 3, 0, 0),
(4325, 65, 16, '18234614', 'C', 0, 0, 3, 0, 0, 'C', 0, 0, 3, 0, 0),
(4326, 52, 16, '18234614', 'B', 0, 4, 0, 0, 0, 'C', 0, 0, 3, 0, 0),
(4327, 52, 17, '18234614', 'C', 0, 0, 3, 0, 0, 'C', 0, 0, 3, 0, 0),
(4328, 68, 17, '18234614', 'B', 0, 4, 0, 0, 0, 'C', 0, 0, 3, 0, 0),
(4329, 69, 17, '18234614', 'B', 0, 4, 0, 0, 0, 'C', 0, 0, 3, 0, 0),
(4330, 70, 17, '18234614', 'B', 0, 4, 0, 0, 0, 'C', 0, 0, 3, 0, 0),
(4331, 51, 18, '18234614', 'C', 0, 0, 3, 0, 0, 'C', 0, 0, 3, 0, 0),
(4332, 72, 18, '18234614', 'B', 0, 4, 0, 0, 0, 'C', 0, 0, 3, 0, 0),
(4333, 73, 18, '18234614', 'B', 0, 4, 0, 0, 0, 'C', 0, 0, 3, 0, 0),
(4334, 74, 18, '18234614', 'B', 0, 4, 0, 0, 0, 'C', 0, 0, 3, 0, 0),
(4335, 48, 14, '18234618', 'C', 0, 0, 3, 0, 0, 'C', 0, 0, 3, 0, 0),
(4336, 56, 14, '18234618', 'B', 0, 4, 0, 0, 0, 'C', 0, 0, 3, 0, 0),
(4337, 57, 14, '18234618', 'B', 0, 4, 0, 0, 0, 'B', 0, 4, 0, 0, 0),
(4338, 58, 14, '18234618', 'B', 0, 4, 0, 0, 0, 'C', 0, 0, 3, 0, 0),
(4339, 59, 14, '18234618', 'C', 0, 0, 3, 0, 0, 'B', 0, 4, 0, 0, 0),
(4340, 49, 15, '18234618', 'C', 0, 0, 3, 0, 0, 'C', 0, 0, 3, 0, 0),
(4341, 60, 15, '18234618', 'B', 0, 4, 0, 0, 0, 'C', 0, 0, 3, 0, 0),
(4342, 61, 15, '18234618', 'C', 0, 0, 3, 0, 0, 'C', 0, 0, 3, 0, 0),
(4343, 62, 15, '18234618', 'B', 0, 4, 0, 0, 0, 'C', 0, 0, 3, 0, 0),
(4344, 50, 16, '18234618', 'C', 0, 0, 3, 0, 0, 'B', 0, 4, 0, 0, 0),
(4345, 64, 16, '18234618', 'B', 0, 4, 0, 0, 0, 'C', 0, 0, 3, 0, 0),
(4346, 65, 16, '18234618', 'C', 0, 0, 3, 0, 0, 'C', 0, 0, 3, 0, 0),
(4347, 52, 16, '18234618', 'C', 0, 0, 3, 0, 0, 'C', 0, 0, 3, 0, 0),
(4348, 52, 17, '18234618', 'B', 0, 4, 0, 0, 0, 'C', 0, 0, 3, 0, 0),
(4349, 68, 17, '18234618', 'C', 0, 0, 3, 0, 0, 'C', 0, 0, 3, 0, 0),
(4350, 69, 17, '18234618', 'C', 0, 0, 3, 0, 0, 'C', 0, 0, 3, 0, 0),
(4351, 70, 17, '18234618', 'B', 0, 4, 0, 0, 0, 'C', 0, 0, 3, 0, 0),
(4352, 51, 18, '18234618', 'C', 0, 0, 3, 0, 0, 'C', 0, 0, 3, 0, 0),
(4353, 72, 18, '18234618', 'B', 0, 4, 0, 0, 0, 'B', 0, 4, 0, 0, 0),
(4354, 73, 18, '18234618', 'C', 0, 0, 3, 0, 0, 'C', 0, 0, 3, 0, 0),
(4355, 74, 18, '18234618', 'B', 0, 4, 0, 0, 0, 'C', 0, 0, 3, 0, 0),
(4356, 48, 14, '18234622', 'B', 0, 4, 0, 0, 0, 'C', 0, 0, 3, 0, 0),
(4357, 56, 14, '18234622', 'B', 0, 4, 0, 0, 0, 'C', 0, 0, 3, 0, 0),
(4358, 57, 14, '18234622', 'C', 0, 0, 3, 0, 0, 'C', 0, 0, 3, 0, 0),
(4359, 58, 14, '18234622', 'C', 0, 0, 3, 0, 0, 'D', 0, 0, 0, 2, 0),
(4360, 59, 14, '18234622', 'C', 0, 0, 3, 0, 0, 'D', 0, 0, 0, 2, 0),
(4361, 49, 15, '18234622', 'C', 0, 0, 3, 0, 0, 'C', 0, 0, 3, 0, 0),
(4362, 60, 15, '18234622', 'C', 0, 0, 3, 0, 0, 'C', 0, 0, 3, 0, 0),
(4363, 61, 15, '18234622', 'C', 0, 0, 3, 0, 0, 'D', 0, 0, 0, 2, 0),
(4364, 62, 15, '18234622', 'C', 0, 0, 3, 0, 0, 'C', 0, 0, 3, 0, 0),
(4365, 50, 16, '18234622', 'C', 0, 0, 3, 0, 0, 'C', 0, 0, 3, 0, 0),
(4366, 64, 16, '18234622', 'C', 0, 0, 3, 0, 0, 'C', 0, 0, 3, 0, 0),
(4367, 65, 16, '18234622', 'C', 0, 0, 3, 0, 0, 'C', 0, 0, 3, 0, 0),
(4368, 52, 16, '18234622', 'C', 0, 0, 3, 0, 0, 'D', 0, 0, 0, 2, 0),
(4369, 52, 17, '18234622', 'C', 0, 0, 3, 0, 0, 'C', 0, 0, 3, 0, 0),
(4370, 68, 17, '18234622', 'C', 0, 0, 3, 0, 0, 'D', 0, 0, 0, 2, 0),
(4371, 69, 17, '18234622', 'C', 0, 0, 3, 0, 0, 'D', 0, 0, 0, 2, 0),
(4372, 70, 17, '18234622', 'C', 0, 0, 3, 0, 0, 'B', 0, 4, 0, 0, 0),
(4373, 51, 18, '18234622', 'B', 0, 4, 0, 0, 0, 'C', 0, 0, 3, 0, 0),
(4374, 72, 18, '18234622', 'C', 0, 0, 3, 0, 0, 'C', 0, 0, 3, 0, 0),
(4375, 73, 18, '18234622', 'B', 0, 4, 0, 0, 0, 'C', 0, 0, 3, 0, 0),
(4376, 74, 18, '18234622', 'C', 0, 0, 3, 0, 0, 'C', 0, 0, 3, 0, 0),
(4377, 48, 14, '18234626', 'C', 0, 0, 3, 0, 0, 'D', 0, 0, 0, 2, 0),
(4378, 56, 14, '18234626', 'C', 0, 0, 3, 0, 0, 'C', 0, 0, 3, 0, 0),
(4379, 57, 14, '18234626', 'C', 0, 0, 3, 0, 0, 'D', 0, 0, 0, 2, 0),
(4380, 58, 14, '18234626', 'C', 0, 0, 3, 0, 0, 'D', 0, 0, 0, 2, 0),
(4381, 59, 14, '18234626', 'C', 0, 0, 3, 0, 0, 'D', 0, 0, 0, 2, 0),
(4382, 49, 15, '18234626', 'C', 0, 0, 3, 0, 0, 'D', 0, 0, 0, 2, 0),
(4383, 60, 15, '18234626', 'C', 0, 0, 3, 0, 0, 'C', 0, 0, 3, 0, 0),
(4384, 61, 15, '18234626', 'C', 0, 0, 3, 0, 0, 'D', 0, 0, 0, 2, 0),
(4385, 62, 15, '18234626', 'C', 0, 0, 3, 0, 0, 'C', 0, 0, 3, 0, 0),
(4386, 50, 16, '18234626', 'C', 0, 0, 3, 0, 0, 'C', 0, 0, 3, 0, 0),
(4387, 64, 16, '18234626', 'C', 0, 0, 3, 0, 0, 'C', 0, 0, 3, 0, 0),
(4388, 65, 16, '18234626', 'C', 0, 0, 3, 0, 0, 'C', 0, 0, 3, 0, 0),
(4389, 52, 16, '18234626', 'C', 0, 0, 3, 0, 0, 'C', 0, 0, 3, 0, 0),
(4390, 52, 17, '18234626', 'C', 0, 0, 3, 0, 0, 'D', 0, 0, 0, 2, 0),
(4391, 68, 17, '18234626', 'C', 0, 0, 3, 0, 0, 'D', 0, 0, 0, 2, 0),
(4392, 69, 17, '18234626', 'C', 0, 0, 3, 0, 0, 'D', 0, 0, 0, 2, 0),
(4393, 70, 17, '18234626', 'C', 0, 0, 3, 0, 0, 'D', 0, 0, 0, 2, 0),
(4394, 51, 18, '18234626', 'C', 0, 0, 3, 0, 0, 'D', 0, 0, 0, 2, 0),
(4395, 72, 18, '18234626', 'C', 0, 0, 3, 0, 0, 'D', 0, 0, 0, 2, 0),
(4396, 73, 18, '18234626', 'C', 0, 0, 3, 0, 0, 'D', 0, 0, 0, 2, 0),
(4397, 74, 18, '18234626', 'C', 0, 0, 3, 0, 0, 'C', 0, 0, 3, 0, 0),
(4419, 48, 14, '18234634', 'C', 0, 0, 3, 0, 0, 'C', 0, 0, 3, 0, 0),
(4420, 56, 14, '18234634', 'C', 0, 0, 3, 0, 0, 'D', 0, 0, 0, 2, 0),
(4421, 57, 14, '18234634', 'C', 0, 0, 3, 0, 0, 'C', 0, 0, 3, 0, 0),
(4422, 58, 14, '18234634', 'D', 0, 0, 0, 2, 0, 'C', 0, 0, 3, 0, 0),
(4423, 59, 14, '18234634', 'C', 0, 0, 3, 0, 0, 'C', 0, 0, 3, 0, 0),
(4424, 49, 15, '18234634', 'C', 0, 0, 3, 0, 0, 'C', 0, 0, 3, 0, 0),
(4425, 60, 15, '18234634', 'D', 0, 0, 0, 2, 0, 'C', 0, 0, 3, 0, 0),
(4426, 61, 15, '18234634', 'C', 0, 0, 3, 0, 0, 'C', 0, 0, 3, 0, 0),
(4427, 62, 15, '18234634', 'C', 0, 0, 3, 0, 0, 'C', 0, 0, 3, 0, 0),
(4428, 50, 16, '18234634', 'B', 0, 4, 0, 0, 0, 'C', 0, 0, 3, 0, 0),
(4429, 64, 16, '18234634', 'C', 0, 0, 3, 0, 0, 'C', 0, 0, 3, 0, 0),
(4430, 65, 16, '18234634', 'C', 0, 0, 3, 0, 0, 'B', 0, 4, 0, 0, 0),
(4431, 52, 16, '18234634', 'C', 0, 0, 3, 0, 0, 'C', 0, 0, 3, 0, 0),
(4432, 52, 17, '18234634', 'C', 0, 0, 3, 0, 0, 'B', 0, 4, 0, 0, 0),
(4433, 68, 17, '18234634', 'C', 0, 0, 3, 0, 0, 'C', 0, 0, 3, 0, 0),
(4434, 69, 17, '18234634', 'C', 0, 0, 3, 0, 0, 'B', 0, 4, 0, 0, 0),
(4435, 70, 17, '18234634', 'C', 0, 0, 3, 0, 0, 'C', 0, 0, 3, 0, 0),
(4436, 51, 18, '18234634', 'C', 0, 0, 3, 0, 0, 'B', 0, 4, 0, 0, 0),
(4437, 72, 18, '18234634', 'C', 0, 0, 3, 0, 0, 'C', 0, 0, 3, 0, 0),
(4438, 73, 18, '18234634', 'C', 0, 0, 3, 0, 0, 'B', 0, 4, 0, 0, 0),
(4439, 74, 18, '18234634', 'C', 0, 0, 3, 0, 0, 'C', 0, 0, 3, 0, 0),
(4440, 48, 14, '18234638', 'C', 0, 0, 3, 0, 0, 'C', 0, 0, 3, 0, 0),
(4441, 56, 14, '18234638', 'B', 0, 4, 0, 0, 0, 'C', 0, 0, 3, 0, 0),
(4442, 57, 14, '18234638', 'C', 0, 0, 3, 0, 0, 'B', 0, 4, 0, 0, 0),
(4443, 58, 14, '18234638', 'C', 0, 0, 3, 0, 0, 'C', 0, 0, 3, 0, 0),
(4444, 59, 14, '18234638', 'C', 0, 0, 3, 0, 0, 'C', 0, 0, 3, 0, 0),
(4445, 49, 15, '18234638', 'C', 0, 0, 3, 0, 0, 'D', 0, 0, 0, 2, 0),
(4446, 60, 15, '18234638', 'C', 0, 0, 3, 0, 0, 'C', 0, 0, 3, 0, 0),
(4447, 61, 15, '18234638', 'C', 0, 0, 3, 0, 0, 'C', 0, 0, 3, 0, 0),
(4448, 62, 15, '18234638', 'C', 0, 0, 3, 0, 0, 'B', 0, 4, 0, 0, 0),
(4449, 50, 16, '18234638', 'C', 0, 0, 3, 0, 0, 'C', 0, 0, 3, 0, 0),
(4450, 64, 16, '18234638', 'C', 0, 0, 3, 0, 0, 'C', 0, 0, 3, 0, 0),
(4451, 65, 16, '18234638', 'C', 0, 0, 3, 0, 0, 'C', 0, 0, 3, 0, 0),
(4452, 52, 16, '18234638', 'C', 0, 0, 3, 0, 0, 'B', 0, 4, 0, 0, 0),
(4453, 52, 17, '18234638', 'C', 0, 0, 3, 0, 0, 'C', 0, 0, 3, 0, 0),
(4454, 68, 17, '18234638', 'C', 0, 0, 3, 0, 0, 'C', 0, 0, 3, 0, 0),
(4455, 69, 17, '18234638', 'C', 0, 0, 3, 0, 0, 'C', 0, 0, 3, 0, 0),
(4456, 70, 17, '18234638', 'C', 0, 0, 3, 0, 0, 'C', 0, 0, 3, 0, 0),
(4457, 51, 18, '18234638', 'C', 0, 0, 3, 0, 0, 'C', 0, 0, 3, 0, 0),
(4458, 72, 18, '18234638', 'C', 0, 0, 3, 0, 0, 'C', 0, 0, 3, 0, 0),
(4459, 73, 18, '18234638', 'C', 0, 0, 3, 0, 0, 'C', 0, 0, 3, 0, 0),
(4460, 74, 18, '18234638', 'C', 0, 0, 3, 0, 0, 'C', 0, 0, 3, 0, 0),
(4461, 48, 14, '18234642', 'D', 0, 0, 0, 2, 0, 'C', 0, 0, 3, 0, 0),
(4462, 56, 14, '18234642', 'C', 0, 0, 3, 0, 0, 'C', 0, 0, 3, 0, 0),
(4463, 57, 14, '18234642', 'C', 0, 0, 3, 0, 0, 'D', 0, 0, 0, 2, 0),
(4464, 58, 14, '18234642', 'C', 0, 0, 3, 0, 0, 'C', 0, 0, 3, 0, 0),
(4465, 59, 14, '18234642', 'D', 0, 0, 0, 2, 0, 'D', 0, 0, 0, 2, 0),
(4466, 49, 15, '18234642', 'C', 0, 0, 3, 0, 0, 'C', 0, 0, 3, 0, 0),
(4467, 60, 15, '18234642', 'B', 0, 4, 0, 0, 0, 'B', 0, 4, 0, 0, 0),
(4468, 61, 15, '18234642', 'C', 0, 0, 3, 0, 0, 'C', 0, 0, 3, 0, 0),
(4469, 62, 15, '18234642', 'C', 0, 0, 3, 0, 0, 'B', 0, 4, 0, 0, 0),
(4470, 50, 16, '18234642', 'C', 0, 0, 3, 0, 0, 'C', 0, 0, 3, 0, 0),
(4471, 64, 16, '18234642', 'B', 0, 4, 0, 0, 0, 'C', 0, 0, 3, 0, 0),
(4472, 65, 16, '18234642', 'B', 0, 4, 0, 0, 0, 'C', 0, 0, 3, 0, 0),
(4473, 52, 16, '18234642', 'C', 0, 0, 3, 0, 0, 'C', 0, 0, 3, 0, 0),
(4474, 52, 17, '18234642', 'C', 0, 0, 3, 0, 0, 'C', 0, 0, 3, 0, 0),
(4475, 68, 17, '18234642', 'C', 0, 0, 3, 0, 0, 'C', 0, 0, 3, 0, 0),
(4476, 69, 17, '18234642', 'C', 0, 0, 3, 0, 0, 'C', 0, 0, 3, 0, 0),
(4477, 70, 17, '18234642', 'C', 0, 0, 3, 0, 0, 'B', 0, 4, 0, 0, 0),
(4478, 51, 18, '18234642', 'C', 0, 0, 3, 0, 0, 'C', 0, 0, 3, 0, 0),
(4479, 72, 18, '18234642', 'C', 0, 0, 3, 0, 0, 'C', 0, 0, 3, 0, 0),
(4480, 73, 18, '18234642', 'C', 0, 0, 3, 0, 0, 'C', 0, 0, 3, 0, 0),
(4481, 74, 18, '18234642', 'B', 0, 4, 0, 0, 0, 'C', 0, 0, 3, 0, 0),
(4482, 48, 14, '18234646', 'C', 0, 0, 3, 0, 0, 'C', 0, 0, 3, 0, 0),
(4483, 56, 14, '18234646', 'C', 0, 0, 3, 0, 0, 'D', 0, 0, 0, 2, 0),
(4484, 57, 14, '18234646', 'C', 0, 0, 3, 0, 0, 'C', 0, 0, 3, 0, 0),
(4485, 58, 14, '18234646', 'C', 0, 0, 3, 0, 0, 'D', 0, 0, 0, 2, 0),
(4486, 59, 14, '18234646', 'C', 0, 0, 3, 0, 0, 'C', 0, 0, 3, 0, 0),
(4487, 49, 15, '18234646', 'C', 0, 0, 3, 0, 0, 'C', 0, 0, 3, 0, 0),
(4488, 60, 15, '18234646', 'C', 0, 0, 3, 0, 0, 'D', 0, 0, 0, 2, 0),
(4489, 61, 15, '18234646', 'D', 0, 0, 0, 2, 0, 'D', 0, 0, 0, 2, 0),
(4490, 62, 15, '18234646', 'C', 0, 0, 3, 0, 0, 'C', 0, 0, 3, 0, 0),
(4491, 50, 16, '18234646', 'C', 0, 0, 3, 0, 0, 'C', 0, 0, 3, 0, 0),
(4492, 64, 16, '18234646', 'C', 0, 0, 3, 0, 0, 'C', 0, 0, 3, 0, 0),
(4493, 65, 16, '18234646', 'D', 0, 0, 0, 2, 0, 'C', 0, 0, 3, 0, 0),
(4494, 52, 16, '18234646', 'C', 0, 0, 3, 0, 0, 'C', 0, 0, 3, 0, 0),
(4495, 52, 17, '18234646', 'C', 0, 0, 3, 0, 0, 'C', 0, 0, 3, 0, 0),
(4496, 68, 17, '18234646', 'D', 0, 0, 0, 2, 0, 'C', 0, 0, 3, 0, 0),
(4497, 69, 17, '18234646', 'C', 0, 0, 3, 0, 0, 'B', 0, 4, 0, 0, 0),
(4498, 70, 17, '18234646', 'C', 0, 0, 3, 0, 0, 'C', 0, 0, 3, 0, 0),
(4499, 51, 18, '18234646', 'C', 0, 0, 3, 0, 0, 'D', 0, 0, 0, 2, 0),
(4500, 72, 18, '18234646', 'C', 0, 0, 3, 0, 0, 'C', 0, 0, 3, 0, 0),
(4501, 73, 18, '18234646', 'C', 0, 0, 3, 0, 0, 'D', 0, 0, 0, 2, 0),
(4502, 74, 18, '18234646', 'D', 0, 0, 0, 2, 0, 'B', 0, 4, 0, 0, 0),
(4503, 48, 14, '18234650', 'C', 0, 0, 3, 0, 0, 'C', 0, 0, 3, 0, 0),
(4504, 56, 14, '18234650', 'C', 0, 0, 3, 0, 0, 'C', 0, 0, 3, 0, 0),
(4505, 57, 14, '18234650', 'C', 0, 0, 3, 0, 0, 'C', 0, 0, 3, 0, 0),
(4506, 58, 14, '18234650', 'C', 0, 0, 3, 0, 0, 'C', 0, 0, 3, 0, 0),
(4507, 59, 14, '18234650', 'C', 0, 0, 3, 0, 0, 'C', 0, 0, 3, 0, 0),
(4508, 49, 15, '18234650', 'D', 0, 0, 0, 2, 0, 'D', 0, 0, 0, 2, 0),
(4509, 60, 15, '18234650', 'D', 0, 0, 0, 2, 0, 'C', 0, 0, 3, 0, 0),
(4510, 61, 15, '18234650', 'D', 0, 0, 0, 2, 0, 'D', 0, 0, 0, 2, 0),
(4511, 62, 15, '18234650', 'D', 0, 0, 0, 2, 0, 'C', 0, 0, 3, 0, 0),
(4512, 50, 16, '18234650', 'C', 0, 0, 3, 0, 0, 'C', 0, 0, 3, 0, 0),
(4513, 64, 16, '18234650', 'C', 0, 0, 3, 0, 0, 'C', 0, 0, 3, 0, 0),
(4514, 65, 16, '18234650', 'C', 0, 0, 3, 0, 0, 'C', 0, 0, 3, 0, 0),
(4515, 52, 16, '18234650', 'C', 0, 0, 3, 0, 0, 'C', 0, 0, 3, 0, 0),
(4516, 52, 17, '18234650', 'C', 0, 0, 3, 0, 0, 'C', 0, 0, 3, 0, 0),
(4517, 68, 17, '18234650', 'C', 0, 0, 3, 0, 0, 'C', 0, 0, 3, 0, 0),
(4518, 69, 17, '18234650', 'C', 0, 0, 3, 0, 0, 'B', 0, 4, 0, 0, 0),
(4519, 70, 17, '18234650', 'D', 0, 0, 0, 2, 0, 'B', 0, 4, 0, 0, 0),
(4520, 51, 18, '18234650', 'D', 0, 0, 0, 2, 0, 'C', 0, 0, 3, 0, 0),
(4521, 72, 18, '18234650', 'D', 0, 0, 0, 2, 0, 'B', 0, 4, 0, 0, 0),
(4522, 73, 18, '18234650', 'C', 0, 0, 3, 0, 0, 'C', 0, 0, 3, 0, 0),
(4523, 74, 18, '18234650', 'D', 0, 0, 0, 2, 0, 'C', 0, 0, 3, 0, 0),
(4524, 48, 14, '18234654', 'C', 0, 0, 3, 0, 0, 'C', 0, 0, 3, 0, 0),
(4525, 56, 14, '18234654', 'C', 0, 0, 3, 0, 0, 'C', 0, 0, 3, 0, 0),
(4526, 57, 14, '18234654', 'C', 0, 0, 3, 0, 0, 'C', 0, 0, 3, 0, 0),
(4527, 58, 14, '18234654', 'C', 0, 0, 3, 0, 0, 'C', 0, 0, 3, 0, 0),
(4528, 59, 14, '18234654', 'C', 0, 0, 3, 0, 0, 'D', 0, 0, 0, 2, 0),
(4529, 49, 15, '18234654', 'C', 0, 0, 3, 0, 0, 'C', 0, 0, 3, 0, 0),
(4530, 60, 15, '18234654', 'D', 0, 0, 0, 2, 0, 'D', 0, 0, 0, 2, 0),
(4531, 61, 15, '18234654', 'C', 0, 0, 3, 0, 0, 'C', 0, 0, 3, 0, 0),
(4532, 62, 15, '18234654', 'C', 0, 0, 3, 0, 0, 'C', 0, 0, 3, 0, 0),
(4533, 50, 16, '18234654', 'C', 0, 0, 3, 0, 0, 'D', 0, 0, 0, 2, 0),
(4534, 64, 16, '18234654', 'D', 0, 0, 0, 2, 0, 'C', 0, 0, 3, 0, 0),
(4535, 65, 16, '18234654', 'D', 0, 0, 0, 2, 0, 'C', 0, 0, 3, 0, 0),
(4536, 52, 16, '18234654', 'C', 0, 0, 3, 0, 0, 'C', 0, 0, 3, 0, 0),
(4537, 52, 17, '18234654', 'C', 0, 0, 3, 0, 0, 'B', 0, 4, 0, 0, 0),
(4538, 68, 17, '18234654', 'C', 0, 0, 3, 0, 0, 'C', 0, 0, 3, 0, 0),
(4539, 69, 17, '18234654', 'C', 0, 0, 3, 0, 0, 'C', 0, 0, 3, 0, 0),
(4540, 70, 17, '18234654', 'D', 0, 0, 0, 2, 0, 'C', 0, 0, 3, 0, 0),
(4541, 51, 18, '18234654', 'D', 0, 0, 0, 2, 0, 'C', 0, 0, 3, 0, 0),
(4542, 72, 18, '18234654', 'D', 0, 0, 0, 2, 0, 'B', 0, 4, 0, 0, 0),
(4543, 73, 18, '18234654', 'C', 0, 0, 3, 0, 0, 'C', 0, 0, 3, 0, 0),
(4544, 74, 18, '18234654', 'C', 0, 0, 3, 0, 0, 'C', 0, 0, 3, 0, 0),
(4545, 48, 14, '18234658', 'C', 0, 0, 3, 0, 0, 'C', 0, 0, 3, 0, 0),
(4546, 56, 14, '18234658', 'C', 0, 0, 3, 0, 0, 'C', 0, 0, 3, 0, 0),
(4547, 57, 14, '18234658', 'C', 0, 0, 3, 0, 0, 'C', 0, 0, 3, 0, 0),
(4548, 58, 14, '18234658', 'C', 0, 0, 3, 0, 0, 'C', 0, 0, 3, 0, 0),
(4549, 59, 14, '18234658', 'B', 0, 4, 0, 0, 0, 'C', 0, 0, 3, 0, 0),
(4550, 49, 15, '18234658', 'B', 0, 4, 0, 0, 0, 'B', 0, 4, 0, 0, 0),
(4551, 60, 15, '18234658', 'C', 0, 0, 3, 0, 0, 'C', 0, 0, 3, 0, 0),
(4552, 61, 15, '18234658', 'C', 0, 0, 3, 0, 0, 'C', 0, 0, 3, 0, 0),
(4553, 62, 15, '18234658', 'D', 0, 0, 0, 2, 0, 'C', 0, 0, 3, 0, 0),
(4554, 50, 16, '18234658', 'D', 0, 0, 0, 2, 0, 'D', 0, 0, 0, 2, 0),
(4555, 64, 16, '18234658', 'C', 0, 0, 3, 0, 0, 'D', 0, 0, 0, 2, 0),
(4556, 65, 16, '18234658', 'D', 0, 0, 0, 2, 0, 'C', 0, 0, 3, 0, 0),
(4557, 52, 16, '18234658', 'C', 0, 0, 3, 0, 0, 'C', 0, 0, 3, 0, 0),
(4558, 52, 17, '18234658', 'C', 0, 0, 3, 0, 0, 'C', 0, 0, 3, 0, 0),
(4559, 68, 17, '18234658', 'C', 0, 0, 3, 0, 0, 'C', 0, 0, 3, 0, 0),
(4560, 69, 17, '18234658', 'C', 0, 0, 3, 0, 0, 'C', 0, 0, 3, 0, 0),
(4561, 70, 17, '18234658', 'D', 0, 0, 0, 2, 0, 'C', 0, 0, 3, 0, 0),
(4562, 51, 18, '18234658', 'D', 0, 0, 0, 2, 0, 'C', 0, 0, 3, 0, 0),
(4563, 72, 18, '18234658', 'D', 0, 0, 0, 2, 0, 'C', 0, 0, 3, 0, 0),
(4564, 73, 18, '18234658', 'C', 0, 0, 3, 0, 0, 'C', 0, 0, 3, 0, 0),
(4565, 74, 18, '18234658', 'C', 0, 0, 3, 0, 0, 'C', 0, 0, 3, 0, 0),
(4566, 48, 14, '18234662', 'C', 0, 0, 3, 0, 0, 'C', 0, 0, 3, 0, 0),
(4567, 56, 14, '18234662', 'C', 0, 0, 3, 0, 0, 'C', 0, 0, 3, 0, 0),
(4568, 57, 14, '18234662', 'B', 0, 4, 0, 0, 0, 'B', 0, 4, 0, 0, 0),
(4569, 58, 14, '18234662', 'C', 0, 0, 3, 0, 0, 'C', 0, 0, 3, 0, 0),
(4570, 59, 14, '18234662', 'C', 0, 0, 3, 0, 0, 'C', 0, 0, 3, 0, 0),
(4571, 49, 15, '18234662', 'C', 0, 0, 3, 0, 0, 'C', 0, 0, 3, 0, 0),
(4572, 60, 15, '18234662', 'C', 0, 0, 3, 0, 0, 'B', 0, 4, 0, 0, 0),
(4573, 61, 15, '18234662', 'B', 0, 4, 0, 0, 0, 'C', 0, 0, 3, 0, 0),
(4574, 62, 15, '18234662', 'C', 0, 0, 3, 0, 0, 'C', 0, 0, 3, 0, 0),
(4575, 50, 16, '18234662', 'C', 0, 0, 3, 0, 0, 'C', 0, 0, 3, 0, 0),
(4576, 64, 16, '18234662', 'C', 0, 0, 3, 0, 0, 'B', 0, 4, 0, 0, 0),
(4577, 65, 16, '18234662', 'C', 0, 0, 3, 0, 0, 'C', 0, 0, 3, 0, 0),
(4578, 52, 16, '18234662', 'C', 0, 0, 3, 0, 0, 'C', 0, 0, 3, 0, 0),
(4579, 52, 17, '18234662', 'C', 0, 0, 3, 0, 0, 'C', 0, 0, 3, 0, 0),
(4580, 68, 17, '18234662', 'C', 0, 0, 3, 0, 0, 'C', 0, 0, 3, 0, 0),
(4581, 69, 17, '18234662', 'B', 0, 4, 0, 0, 0, 'C', 0, 0, 3, 0, 0),
(4582, 70, 17, '18234662', 'D', 0, 0, 0, 2, 0, 'B', 0, 4, 0, 0, 0),
(4583, 51, 18, '18234662', 'C', 0, 0, 3, 0, 0, 'C', 0, 0, 3, 0, 0),
(4584, 72, 18, '18234662', 'D', 0, 0, 0, 2, 0, 'C', 0, 0, 3, 0, 0),
(4585, 73, 18, '18234662', 'C', 0, 0, 3, 0, 0, 'C', 0, 0, 3, 0, 0),
(4586, 74, 18, '18234662', 'D', 0, 0, 0, 2, 0, 'C', 0, 0, 3, 0, 0),
(4587, 48, 14, '18234666', 'C', 0, 0, 3, 0, 0, 'C', 0, 0, 3, 0, 0),
(4588, 56, 14, '18234666', 'C', 0, 0, 3, 0, 0, 'C', 0, 0, 3, 0, 0),
(4589, 57, 14, '18234666', 'B', 0, 4, 0, 0, 0, 'B', 0, 4, 0, 0, 0),
(4590, 58, 14, '18234666', 'D', 0, 0, 0, 2, 0, 'D', 0, 0, 0, 2, 0),
(4591, 59, 14, '18234666', 'C', 0, 0, 3, 0, 0, 'C', 0, 0, 3, 0, 0),
(4592, 49, 15, '18234666', 'C', 0, 0, 3, 0, 0, 'D', 0, 0, 0, 2, 0);
INSERT INTO `tjawaban` (`Id`, `deskripsiID`, `groupId`, `pasienID`, `jawaban`, `jawabanA`, `jawabanB`, `jawabanC`, `jawabanD`, `jawabanE`, `ekspekJawaban`, `ekspekA`, `ekspekB`, `ekspekC`, `ekspekD`, `ekspekE`) VALUES
(4593, 60, 15, '18234666', 'C', 0, 0, 3, 0, 0, 'C', 0, 0, 3, 0, 0),
(4594, 61, 15, '18234666', 'D', 0, 0, 0, 2, 0, 'C', 0, 0, 3, 0, 0),
(4595, 62, 15, '18234666', 'C', 0, 0, 3, 0, 0, 'C', 0, 0, 3, 0, 0),
(4596, 50, 16, '18234666', 'D', 0, 0, 0, 2, 0, 'D', 0, 0, 0, 2, 0),
(4597, 64, 16, '18234666', 'C', 0, 0, 3, 0, 0, 'C', 0, 0, 3, 0, 0),
(4598, 65, 16, '18234666', 'D', 0, 0, 0, 2, 0, 'C', 0, 0, 3, 0, 0),
(4599, 52, 16, '18234666', 'C', 0, 0, 3, 0, 0, 'C', 0, 0, 3, 0, 0),
(4600, 52, 17, '18234666', 'C', 0, 0, 3, 0, 0, 'C', 0, 0, 3, 0, 0),
(4601, 68, 17, '18234666', 'C', 0, 0, 3, 0, 0, 'C', 0, 0, 3, 0, 0),
(4602, 69, 17, '18234666', 'D', 0, 0, 0, 2, 0, 'C', 0, 0, 3, 0, 0),
(4603, 70, 17, '18234666', 'D', 0, 0, 0, 2, 0, 'A', 5, 0, 0, 0, 0),
(4604, 51, 18, '18234666', 'D', 0, 0, 0, 2, 0, 'A', 5, 0, 0, 0, 0),
(4605, 72, 18, '18234666', 'E', 0, 0, 0, 0, 1, 'A', 5, 0, 0, 0, 0),
(4606, 73, 18, '18234666', 'C', 0, 0, 3, 0, 0, 'C', 0, 0, 3, 0, 0),
(4607, 74, 18, '18234666', 'C', 0, 0, 3, 0, 0, 'C', 0, 0, 3, 0, 0),
(4650, 48, 14, '17234628', 'C', 0, 0, 3, 0, 0, 'D', 0, 0, 0, 2, 0),
(4651, 56, 14, '17234628', 'C', 0, 0, 3, 0, 0, 'C', 0, 0, 3, 0, 0),
(4652, 57, 14, '17234628', 'C', 0, 0, 3, 0, 0, 'D', 0, 0, 0, 2, 0),
(4653, 58, 14, '17234628', 'C', 0, 0, 3, 0, 0, 'B', 0, 4, 0, 0, 0),
(4654, 59, 14, '17234628', 'C', 0, 0, 3, 0, 0, 'C', 0, 0, 3, 0, 0),
(4655, 49, 15, '17234628', 'D', 0, 0, 0, 2, 0, 'C', 0, 0, 3, 0, 0),
(4656, 60, 15, '17234628', 'C', 0, 0, 3, 0, 0, 'D', 0, 0, 0, 2, 0),
(4657, 61, 15, '17234628', 'C', 0, 0, 3, 0, 0, 'C', 0, 0, 3, 0, 0),
(4658, 62, 15, '17234628', 'C', 0, 0, 3, 0, 0, 'D', 0, 0, 0, 2, 0),
(4659, 50, 16, '17234628', 'C', 0, 0, 3, 0, 0, 'C', 0, 0, 3, 0, 0),
(4660, 64, 16, '17234628', 'C', 0, 0, 3, 0, 0, 'D', 0, 0, 0, 2, 0),
(4661, 65, 16, '17234628', 'C', 0, 0, 3, 0, 0, 'D', 0, 0, 0, 2, 0),
(4662, 52, 16, '17234628', 'C', 0, 0, 3, 0, 0, 'D', 0, 0, 0, 2, 0),
(4663, 52, 17, '17234628', 'C', 0, 0, 3, 0, 0, 'D', 0, 0, 0, 2, 0),
(4664, 68, 17, '17234628', 'C', 0, 0, 3, 0, 0, 'C', 0, 0, 3, 0, 0),
(4665, 69, 17, '17234628', 'C', 0, 0, 3, 0, 0, 'B', 0, 4, 0, 0, 0),
(4666, 70, 17, '17234628', 'C', 0, 0, 3, 0, 0, 'D', 0, 0, 0, 2, 0),
(4667, 51, 18, '17234628', 'C', 0, 0, 3, 0, 0, 'B', 0, 4, 0, 0, 0),
(4668, 72, 18, '17234628', 'C', 0, 0, 3, 0, 0, 'C', 0, 0, 3, 0, 0),
(4669, 73, 18, '17234628', 'B', 0, 4, 0, 0, 0, 'C', 0, 0, 3, 0, 0),
(4670, 74, 18, '17234628', 'C', 0, 0, 3, 0, 0, 'B', 0, 4, 0, 0, 0),
(4671, 48, 14, '17234636', 'C', 0, 0, 3, 0, 0, 'C', 0, 0, 3, 0, 0),
(4672, 56, 14, '17234636', 'C', 0, 0, 3, 0, 0, 'B', 0, 4, 0, 0, 0),
(4673, 57, 14, '17234636', 'C', 0, 0, 3, 0, 0, 'C', 0, 0, 3, 0, 0),
(4674, 58, 14, '17234636', 'C', 0, 0, 3, 0, 0, 'D', 0, 0, 0, 2, 0),
(4675, 59, 14, '17234636', 'C', 0, 0, 3, 0, 0, 'D', 0, 0, 0, 2, 0),
(4676, 49, 15, '17234636', 'B', 0, 4, 0, 0, 0, 'C', 0, 0, 3, 0, 0),
(4677, 60, 15, '17234636', 'C', 0, 0, 3, 0, 0, 'D', 0, 0, 0, 2, 0),
(4678, 61, 15, '17234636', 'C', 0, 0, 3, 0, 0, 'C', 0, 0, 3, 0, 0),
(4679, 62, 15, '17234636', 'C', 0, 0, 3, 0, 0, 'D', 0, 0, 0, 2, 0),
(4680, 50, 16, '17234636', 'C', 0, 0, 3, 0, 0, 'C', 0, 0, 3, 0, 0),
(4681, 64, 16, '17234636', 'C', 0, 0, 3, 0, 0, 'C', 0, 0, 3, 0, 0),
(4682, 65, 16, '17234636', 'C', 0, 0, 3, 0, 0, 'C', 0, 0, 3, 0, 0),
(4683, 52, 16, '17234636', 'C', 0, 0, 3, 0, 0, 'D', 0, 0, 0, 2, 0),
(4684, 52, 17, '17234636', 'C', 0, 0, 3, 0, 0, 'C', 0, 0, 3, 0, 0),
(4685, 68, 17, '17234636', 'C', 0, 0, 3, 0, 0, 'C', 0, 0, 3, 0, 0),
(4686, 69, 17, '17234636', 'C', 0, 0, 3, 0, 0, 'D', 0, 0, 0, 2, 0),
(4687, 70, 17, '17234636', 'C', 0, 0, 3, 0, 0, 'D', 0, 0, 0, 2, 0),
(4688, 51, 18, '17234636', 'C', 0, 0, 3, 0, 0, 'C', 0, 0, 3, 0, 0),
(4689, 72, 18, '17234636', 'C', 0, 0, 3, 0, 0, 'C', 0, 0, 3, 0, 0),
(4690, 73, 18, '17234636', 'C', 0, 0, 3, 0, 0, 'C', 0, 0, 3, 0, 0),
(4691, 74, 18, '17234636', 'C', 0, 0, 3, 0, 0, 'C', 0, 0, 3, 0, 0),
(4692, 48, 14, '17234644', 'C', 0, 0, 3, 0, 0, 'D', 0, 0, 0, 2, 0),
(4693, 56, 14, '17234644', 'D', 0, 0, 0, 2, 0, 'C', 0, 0, 3, 0, 0),
(4694, 57, 14, '17234644', 'D', 0, 0, 0, 2, 0, 'D', 0, 0, 0, 2, 0),
(4695, 58, 14, '17234644', 'C', 0, 0, 3, 0, 0, 'C', 0, 0, 3, 0, 0),
(4696, 59, 14, '17234644', 'D', 0, 0, 0, 2, 0, 'D', 0, 0, 0, 2, 0),
(4697, 49, 15, '17234644', 'C', 0, 0, 3, 0, 0, 'C', 0, 0, 3, 0, 0),
(4698, 60, 15, '17234644', 'C', 0, 0, 3, 0, 0, 'D', 0, 0, 0, 2, 0),
(4699, 61, 15, '17234644', 'C', 0, 0, 3, 0, 0, 'C', 0, 0, 3, 0, 0),
(4700, 62, 15, '17234644', 'C', 0, 0, 3, 0, 0, 'D', 0, 0, 0, 2, 0),
(4701, 50, 16, '17234644', 'D', 0, 0, 0, 2, 0, 'C', 0, 0, 3, 0, 0),
(4702, 64, 16, '17234644', 'C', 0, 0, 3, 0, 0, 'C', 0, 0, 3, 0, 0),
(4703, 65, 16, '17234644', 'C', 0, 0, 3, 0, 0, 'C', 0, 0, 3, 0, 0),
(4704, 52, 16, '17234644', 'C', 0, 0, 3, 0, 0, 'C', 0, 0, 3, 0, 0),
(4705, 52, 17, '17234644', 'C', 0, 0, 3, 0, 0, 'D', 0, 0, 0, 2, 0),
(4706, 68, 17, '17234644', 'C', 0, 0, 3, 0, 0, 'C', 0, 0, 3, 0, 0),
(4707, 69, 17, '17234644', 'C', 0, 0, 3, 0, 0, 'C', 0, 0, 3, 0, 0),
(4708, 70, 17, '17234644', 'D', 0, 0, 0, 2, 0, 'C', 0, 0, 3, 0, 0),
(4709, 51, 18, '17234644', 'D', 0, 0, 0, 2, 0, 'C', 0, 0, 3, 0, 0),
(4710, 72, 18, '17234644', 'C', 0, 0, 3, 0, 0, 'C', 0, 0, 3, 0, 0),
(4711, 73, 18, '17234644', 'C', 0, 0, 3, 0, 0, 'D', 0, 0, 0, 2, 0),
(4712, 74, 18, '17234644', 'C', 0, 0, 3, 0, 0, 'D', 0, 0, 0, 2, 0),
(4713, 48, 14, '17234652', 'D', 0, 0, 0, 2, 0, 'D', 0, 0, 0, 2, 0),
(4714, 56, 14, '17234652', 'C', 0, 0, 3, 0, 0, 'C', 0, 0, 3, 0, 0),
(4715, 57, 14, '17234652', 'C', 0, 0, 3, 0, 0, 'D', 0, 0, 0, 2, 0),
(4716, 58, 14, '17234652', 'C', 0, 0, 3, 0, 0, 'C', 0, 0, 3, 0, 0),
(4717, 59, 14, '17234652', 'D', 0, 0, 0, 2, 0, 'D', 0, 0, 0, 2, 0),
(4718, 49, 15, '17234652', 'C', 0, 0, 3, 0, 0, 'C', 0, 0, 3, 0, 0),
(4719, 60, 15, '17234652', 'C', 0, 0, 3, 0, 0, 'C', 0, 0, 3, 0, 0),
(4720, 61, 15, '17234652', 'B', 0, 4, 0, 0, 0, 'C', 0, 0, 3, 0, 0),
(4721, 62, 15, '17234652', 'C', 0, 0, 3, 0, 0, 'B', 0, 4, 0, 0, 0),
(4722, 50, 16, '17234652', 'C', 0, 0, 3, 0, 0, 'C', 0, 0, 3, 0, 0),
(4723, 64, 16, '17234652', 'C', 0, 0, 3, 0, 0, 'D', 0, 0, 0, 2, 0),
(4724, 65, 16, '17234652', 'C', 0, 0, 3, 0, 0, 'D', 0, 0, 0, 2, 0),
(4725, 52, 16, '17234652', 'C', 0, 0, 3, 0, 0, 'C', 0, 0, 3, 0, 0),
(4726, 52, 17, '17234652', 'C', 0, 0, 3, 0, 0, 'C', 0, 0, 3, 0, 0),
(4727, 68, 17, '17234652', 'C', 0, 0, 3, 0, 0, 'C', 0, 0, 3, 0, 0),
(4728, 69, 17, '17234652', 'D', 0, 0, 0, 2, 0, 'D', 0, 0, 0, 2, 0),
(4729, 70, 17, '17234652', 'D', 0, 0, 0, 2, 0, 'C', 0, 0, 3, 0, 0),
(4730, 51, 18, '17234652', 'C', 0, 0, 3, 0, 0, 'C', 0, 0, 3, 0, 0),
(4731, 72, 18, '17234652', 'D', 0, 0, 0, 2, 0, 'C', 0, 0, 3, 0, 0),
(4732, 73, 18, '17234652', 'D', 0, 0, 0, 2, 0, 'C', 0, 0, 3, 0, 0),
(4733, 74, 18, '17234652', 'D', 0, 0, 0, 2, 0, 'B', 0, 4, 0, 0, 0),
(4734, 48, 14, '17234660', 'C', 0, 0, 3, 0, 0, 'C', 0, 0, 3, 0, 0),
(4735, 56, 14, '17234660', 'C', 0, 0, 3, 0, 0, 'D', 0, 0, 0, 2, 0),
(4736, 57, 14, '17234660', 'C', 0, 0, 3, 0, 0, 'C', 0, 0, 3, 0, 0),
(4737, 58, 14, '17234660', 'C', 0, 0, 3, 0, 0, 'C', 0, 0, 3, 0, 0),
(4738, 59, 14, '17234660', 'D', 0, 0, 0, 2, 0, 'C', 0, 0, 3, 0, 0),
(4739, 49, 15, '17234660', 'C', 0, 0, 3, 0, 0, 'C', 0, 0, 3, 0, 0),
(4740, 60, 15, '17234660', 'C', 0, 0, 3, 0, 0, 'C', 0, 0, 3, 0, 0),
(4741, 61, 15, '17234660', 'C', 0, 0, 3, 0, 0, 'C', 0, 0, 3, 0, 0),
(4742, 62, 15, '17234660', 'C', 0, 0, 3, 0, 0, 'C', 0, 0, 3, 0, 0),
(4743, 50, 16, '17234660', 'C', 0, 0, 3, 0, 0, 'C', 0, 0, 3, 0, 0),
(4744, 64, 16, '17234660', 'D', 0, 0, 0, 2, 0, 'C', 0, 0, 3, 0, 0),
(4745, 65, 16, '17234660', 'D', 0, 0, 0, 2, 0, 'C', 0, 0, 3, 0, 0),
(4746, 52, 16, '17234660', 'C', 0, 0, 3, 0, 0, 'C', 0, 0, 3, 0, 0),
(4747, 52, 17, '17234660', 'C', 0, 0, 3, 0, 0, 'C', 0, 0, 3, 0, 0),
(4748, 68, 17, '17234660', 'C', 0, 0, 3, 0, 0, 'C', 0, 0, 3, 0, 0),
(4749, 69, 17, '17234660', 'C', 0, 0, 3, 0, 0, 'C', 0, 0, 3, 0, 0),
(4750, 70, 17, '17234660', 'D', 0, 0, 0, 2, 0, 'B', 0, 4, 0, 0, 0),
(4751, 51, 18, '17234660', 'D', 0, 0, 0, 2, 0, 'C', 0, 0, 3, 0, 0),
(4752, 72, 18, '17234660', 'D', 0, 0, 0, 2, 0, 'C', 0, 0, 3, 0, 0),
(4753, 73, 18, '17234660', 'C', 0, 0, 3, 0, 0, 'C', 0, 0, 3, 0, 0),
(4754, 74, 18, '17234660', 'C', 0, 0, 3, 0, 0, 'C', 0, 0, 3, 0, 0),
(4755, 48, 14, '17234668', 'C', 0, 0, 3, 0, 0, 'C', 0, 0, 3, 0, 0),
(4756, 56, 14, '17234668', 'C', 0, 0, 3, 0, 0, 'C', 0, 0, 3, 0, 0),
(4757, 57, 14, '17234668', 'C', 0, 0, 3, 0, 0, 'B', 0, 4, 0, 0, 0),
(4758, 58, 14, '17234668', 'C', 0, 0, 3, 0, 0, 'C', 0, 0, 3, 0, 0),
(4759, 59, 14, '17234668', 'C', 0, 0, 3, 0, 0, 'C', 0, 0, 3, 0, 0),
(4760, 49, 15, '17234668', 'C', 0, 0, 3, 0, 0, 'C', 0, 0, 3, 0, 0),
(4761, 60, 15, '17234668', 'C', 0, 0, 3, 0, 0, 'C', 0, 0, 3, 0, 0),
(4762, 61, 15, '17234668', 'C', 0, 0, 3, 0, 0, 'C', 0, 0, 3, 0, 0),
(4763, 62, 15, '17234668', 'C', 0, 0, 3, 0, 0, 'C', 0, 0, 3, 0, 0),
(4764, 50, 16, '17234668', 'C', 0, 0, 3, 0, 0, 'C', 0, 0, 3, 0, 0),
(4765, 64, 16, '17234668', 'C', 0, 0, 3, 0, 0, 'C', 0, 0, 3, 0, 0),
(4766, 65, 16, '17234668', 'C', 0, 0, 3, 0, 0, 'C', 0, 0, 3, 0, 0),
(4767, 52, 16, '17234668', 'C', 0, 0, 3, 0, 0, 'C', 0, 0, 3, 0, 0),
(4768, 52, 17, '17234668', 'C', 0, 0, 3, 0, 0, 'C', 0, 0, 3, 0, 0),
(4769, 68, 17, '17234668', 'C', 0, 0, 3, 0, 0, 'C', 0, 0, 3, 0, 0),
(4770, 69, 17, '17234668', 'C', 0, 0, 3, 0, 0, 'C', 0, 0, 3, 0, 0),
(4771, 70, 17, '17234668', 'D', 0, 0, 0, 2, 0, 'A', 5, 0, 0, 0, 0),
(4772, 51, 18, '17234668', 'D', 0, 0, 0, 2, 0, 'C', 0, 0, 3, 0, 0),
(4773, 72, 18, '17234668', 'D', 0, 0, 0, 2, 0, 'C', 0, 0, 3, 0, 0),
(4774, 73, 18, '17234668', 'D', 0, 0, 0, 2, 0, 'C', 0, 0, 3, 0, 0),
(4775, 74, 18, '17234668', 'D', 0, 0, 0, 2, 0, 'C', 0, 0, 3, 0, 0),
(4797, 48, 14, '16234632', 'C', 0, 0, 3, 0, 0, 'B', 0, 4, 0, 0, 0),
(4798, 56, 14, '16234632', 'C', 0, 0, 3, 0, 0, 'B', 0, 4, 0, 0, 0),
(4799, 57, 14, '16234632', 'C', 0, 0, 3, 0, 0, 'B', 0, 4, 0, 0, 0),
(4800, 58, 14, '16234632', 'C', 0, 0, 3, 0, 0, 'B', 0, 4, 0, 0, 0),
(4801, 59, 14, '16234632', 'C', 0, 0, 3, 0, 0, 'B', 0, 4, 0, 0, 0),
(4802, 49, 15, '16234632', 'B', 0, 4, 0, 0, 0, 'B', 0, 4, 0, 0, 0),
(4803, 60, 15, '16234632', 'C', 0, 0, 3, 0, 0, 'C', 0, 0, 3, 0, 0),
(4804, 61, 15, '16234632', 'C', 0, 0, 3, 0, 0, 'B', 0, 4, 0, 0, 0),
(4805, 62, 15, '16234632', 'C', 0, 0, 3, 0, 0, 'C', 0, 0, 3, 0, 0),
(4806, 50, 16, '16234632', 'C', 0, 0, 3, 0, 0, 'C', 0, 0, 3, 0, 0),
(4807, 64, 16, '16234632', 'C', 0, 0, 3, 0, 0, 'C', 0, 0, 3, 0, 0),
(4808, 65, 16, '16234632', 'C', 0, 0, 3, 0, 0, 'C', 0, 0, 3, 0, 0),
(4809, 52, 16, '16234632', 'B', 0, 4, 0, 0, 0, 'C', 0, 0, 3, 0, 0),
(4810, 52, 17, '16234632', 'C', 0, 0, 3, 0, 0, 'C', 0, 0, 3, 0, 0),
(4811, 68, 17, '16234632', 'C', 0, 0, 3, 0, 0, 'C', 0, 0, 3, 0, 0),
(4812, 69, 17, '16234632', 'C', 0, 0, 3, 0, 0, 'C', 0, 0, 3, 0, 0),
(4813, 70, 17, '16234632', 'C', 0, 0, 3, 0, 0, 'C', 0, 0, 3, 0, 0),
(4814, 51, 18, '16234632', 'C', 0, 0, 3, 0, 0, 'B', 0, 4, 0, 0, 0),
(4815, 72, 18, '16234632', 'B', 0, 4, 0, 0, 0, 'C', 0, 0, 3, 0, 0),
(4816, 73, 18, '16234632', 'C', 0, 0, 3, 0, 0, 'B', 0, 4, 0, 0, 0),
(4817, 74, 18, '16234632', 'C', 0, 0, 3, 0, 0, 'C', 0, 0, 3, 0, 0),
(4818, 48, 14, '16234648', 'C', 0, 0, 3, 0, 0, 'C', 0, 0, 3, 0, 0),
(4819, 56, 14, '16234648', 'D', 0, 0, 0, 2, 0, 'C', 0, 0, 3, 0, 0),
(4820, 57, 14, '16234648', 'C', 0, 0, 3, 0, 0, 'C', 0, 0, 3, 0, 0),
(4821, 58, 14, '16234648', 'C', 0, 0, 3, 0, 0, 'C', 0, 0, 3, 0, 0),
(4822, 59, 14, '16234648', 'C', 0, 0, 3, 0, 0, 'C', 0, 0, 3, 0, 0),
(4823, 49, 15, '16234648', 'C', 0, 0, 3, 0, 0, 'D', 0, 0, 0, 2, 0),
(4824, 60, 15, '16234648', 'C', 0, 0, 3, 0, 0, 'C', 0, 0, 3, 0, 0),
(4825, 61, 15, '16234648', 'C', 0, 0, 3, 0, 0, 'C', 0, 0, 3, 0, 0),
(4826, 62, 15, '16234648', 'D', 0, 0, 0, 2, 0, 'D', 0, 0, 0, 2, 0),
(4827, 50, 16, '16234648', 'D', 0, 0, 0, 2, 0, 'C', 0, 0, 3, 0, 0),
(4828, 64, 16, '16234648', 'C', 0, 0, 3, 0, 0, 'C', 0, 0, 3, 0, 0),
(4829, 65, 16, '16234648', 'D', 0, 0, 0, 2, 0, 'C', 0, 0, 3, 0, 0),
(4830, 52, 16, '16234648', 'C', 0, 0, 3, 0, 0, 'C', 0, 0, 3, 0, 0),
(4831, 52, 17, '16234648', 'C', 0, 0, 3, 0, 0, 'C', 0, 0, 3, 0, 0),
(4832, 68, 17, '16234648', 'C', 0, 0, 3, 0, 0, 'C', 0, 0, 3, 0, 0),
(4833, 69, 17, '16234648', 'C', 0, 0, 3, 0, 0, 'C', 0, 0, 3, 0, 0),
(4834, 70, 17, '16234648', 'D', 0, 0, 0, 2, 0, 'C', 0, 0, 3, 0, 0),
(4835, 51, 18, '16234648', 'C', 0, 0, 3, 0, 0, 'C', 0, 0, 3, 0, 0),
(4836, 72, 18, '16234648', 'E', 0, 0, 0, 0, 1, 'C', 0, 0, 3, 0, 0),
(4837, 73, 18, '16234648', 'C', 0, 0, 3, 0, 0, 'C', 0, 0, 3, 0, 0),
(4838, 74, 18, '16234648', 'D', 0, 0, 0, 2, 0, 'B', 0, 4, 0, 0, 0),
(4839, 48, 14, '16234664', 'C', 0, 0, 3, 0, 0, 'C', 0, 0, 3, 0, 0),
(4840, 56, 14, '16234664', 'C', 0, 0, 3, 0, 0, 'C', 0, 0, 3, 0, 0),
(4841, 57, 14, '16234664', 'C', 0, 0, 3, 0, 0, 'C', 0, 0, 3, 0, 0),
(4842, 58, 14, '16234664', 'B', 0, 4, 0, 0, 0, 'C', 0, 0, 3, 0, 0),
(4843, 59, 14, '16234664', 'C', 0, 0, 3, 0, 0, 'C', 0, 0, 3, 0, 0),
(4844, 49, 15, '16234664', 'C', 0, 0, 3, 0, 0, 'C', 0, 0, 3, 0, 0),
(4845, 60, 15, '16234664', 'C', 0, 0, 3, 0, 0, 'C', 0, 0, 3, 0, 0),
(4846, 61, 15, '16234664', 'C', 0, 0, 3, 0, 0, 'C', 0, 0, 3, 0, 0),
(4847, 62, 15, '16234664', 'B', 0, 4, 0, 0, 0, 'B', 0, 4, 0, 0, 0),
(4848, 50, 16, '16234664', 'C', 0, 0, 3, 0, 0, 'C', 0, 0, 3, 0, 0),
(4849, 64, 16, '16234664', 'C', 0, 0, 3, 0, 0, 'C', 0, 0, 3, 0, 0),
(4850, 65, 16, '16234664', 'C', 0, 0, 3, 0, 0, 'C', 0, 0, 3, 0, 0),
(4851, 52, 16, '16234664', 'C', 0, 0, 3, 0, 0, 'C', 0, 0, 3, 0, 0),
(4852, 52, 17, '16234664', 'C', 0, 0, 3, 0, 0, 'C', 0, 0, 3, 0, 0),
(4853, 68, 17, '16234664', 'C', 0, 0, 3, 0, 0, 'C', 0, 0, 3, 0, 0),
(4854, 69, 17, '16234664', 'C', 0, 0, 3, 0, 0, 'C', 0, 0, 3, 0, 0),
(4855, 70, 17, '16234664', 'C', 0, 0, 3, 0, 0, 'B', 0, 4, 0, 0, 0),
(4856, 51, 18, '16234664', 'C', 0, 0, 3, 0, 0, 'B', 0, 4, 0, 0, 0),
(4857, 72, 18, '16234664', 'D', 0, 0, 0, 2, 0, 'B', 0, 4, 0, 0, 0),
(4858, 73, 18, '16234664', 'C', 0, 0, 3, 0, 0, 'C', 0, 0, 3, 0, 0),
(4859, 74, 18, '16234664', 'C', 0, 0, 3, 0, 0, 'C', 0, 0, 3, 0, 0),
(4881, 48, 14, '15234656', 'C', 0, 0, 3, 0, 0, 'C', 0, 0, 3, 0, 0),
(4882, 56, 14, '15234656', 'C', 0, 0, 3, 0, 0, 'B', 0, 4, 0, 0, 0),
(4883, 57, 14, '15234656', 'C', 0, 0, 3, 0, 0, 'C', 0, 0, 3, 0, 0),
(4884, 58, 14, '15234656', 'C', 0, 0, 3, 0, 0, 'D', 0, 0, 0, 2, 0),
(4885, 59, 14, '15234656', 'C', 0, 0, 3, 0, 0, 'C', 0, 0, 3, 0, 0),
(4886, 49, 15, '15234656', 'C', 0, 0, 3, 0, 0, 'C', 0, 0, 3, 0, 0),
(4887, 60, 15, '15234656', 'C', 0, 0, 3, 0, 0, 'C', 0, 0, 3, 0, 0),
(4888, 61, 15, '15234656', 'C', 0, 0, 3, 0, 0, 'C', 0, 0, 3, 0, 0),
(4889, 62, 15, '15234656', 'D', 0, 0, 0, 2, 0, 'C', 0, 0, 3, 0, 0),
(4890, 50, 16, '15234656', 'C', 0, 0, 3, 0, 0, 'C', 0, 0, 3, 0, 0),
(4891, 64, 16, '15234656', 'C', 0, 0, 3, 0, 0, 'C', 0, 0, 3, 0, 0),
(4892, 65, 16, '15234656', 'C', 0, 0, 3, 0, 0, 'C', 0, 0, 3, 0, 0),
(4893, 52, 16, '15234656', 'D', 0, 0, 0, 2, 0, 'C', 0, 0, 3, 0, 0),
(4894, 52, 17, '15234656', 'C', 0, 0, 3, 0, 0, 'C', 0, 0, 3, 0, 0),
(4895, 68, 17, '15234656', 'C', 0, 0, 3, 0, 0, 'C', 0, 0, 3, 0, 0),
(4896, 69, 17, '15234656', 'C', 0, 0, 3, 0, 0, 'C', 0, 0, 3, 0, 0),
(4897, 70, 17, '15234656', 'D', 0, 0, 0, 2, 0, 'C', 0, 0, 3, 0, 0),
(4898, 51, 18, '15234656', 'C', 0, 0, 3, 0, 0, 'C', 0, 0, 3, 0, 0),
(4899, 72, 18, '15234656', 'D', 0, 0, 0, 2, 0, 'C', 0, 0, 3, 0, 0),
(4900, 73, 18, '15234656', 'C', 0, 0, 3, 0, 0, 'C', 0, 0, 3, 0, 0),
(4901, 74, 18, '15234656', 'C', 0, 0, 3, 0, 0, 'C', 0, 0, 3, 0, 0),
(4902, 48, 14, '14234640', 'C', 0, 0, 3, 0, 0, 'C', 0, 0, 3, 0, 0),
(4903, 56, 14, '14234640', 'D', 0, 0, 0, 2, 0, 'C', 0, 0, 3, 0, 0),
(4904, 57, 14, '14234640', 'C', 0, 0, 3, 0, 0, 'C', 0, 0, 3, 0, 0),
(4905, 58, 14, '14234640', 'C', 0, 0, 3, 0, 0, 'D', 0, 0, 0, 2, 0),
(4906, 59, 14, '14234640', 'C', 0, 0, 3, 0, 0, 'B', 0, 4, 0, 0, 0),
(4907, 49, 15, '14234640', 'C', 0, 0, 3, 0, 0, 'C', 0, 0, 3, 0, 0),
(4908, 60, 15, '14234640', 'C', 0, 0, 3, 0, 0, 'D', 0, 0, 0, 2, 0),
(4909, 61, 15, '14234640', 'C', 0, 0, 3, 0, 0, 'C', 0, 0, 3, 0, 0),
(4910, 62, 15, '14234640', 'C', 0, 0, 3, 0, 0, 'C', 0, 0, 3, 0, 0),
(4911, 50, 16, '14234640', 'C', 0, 0, 3, 0, 0, 'D', 0, 0, 0, 2, 0),
(4912, 64, 16, '14234640', 'C', 0, 0, 3, 0, 0, 'D', 0, 0, 0, 2, 0),
(4913, 65, 16, '14234640', 'C', 0, 0, 3, 0, 0, 'C', 0, 0, 3, 0, 0),
(4914, 52, 16, '14234640', 'C', 0, 0, 3, 0, 0, 'C', 0, 0, 3, 0, 0),
(4915, 52, 17, '14234640', 'C', 0, 0, 3, 0, 0, 'C', 0, 0, 3, 0, 0),
(4916, 68, 17, '14234640', 'C', 0, 0, 3, 0, 0, 'C', 0, 0, 3, 0, 0),
(4917, 69, 17, '14234640', 'C', 0, 0, 3, 0, 0, 'C', 0, 0, 3, 0, 0),
(4918, 70, 17, '14234640', 'D', 0, 0, 0, 2, 0, 'C', 0, 0, 3, 0, 0),
(4919, 51, 18, '14234640', 'D', 0, 0, 0, 2, 0, 'C', 0, 0, 3, 0, 0),
(4920, 72, 18, '14234640', 'D', 0, 0, 0, 2, 0, 'C', 0, 0, 3, 0, 0),
(4921, 73, 18, '14234640', 'C', 0, 0, 3, 0, 0, 'C', 0, 0, 3, 0, 0),
(4922, 74, 18, '14234640', 'D', 0, 0, 0, 2, 0, 'B', 0, 4, 0, 0, 0),
(5773, 48, 14, '1830590', 'C', 0, 0, 3, 0, 0, 'A', 5, 0, 0, 0, 0),
(5774, 56, 14, '1830590', 'D', 0, 0, 0, 2, 0, 'A', 5, 0, 0, 0, 0),
(5775, 57, 14, '1830590', 'D', 0, 0, 0, 2, 0, 'A', 5, 0, 0, 0, 0),
(5776, 58, 14, '1830590', 'D', 0, 0, 0, 2, 0, 'A', 5, 0, 0, 0, 0),
(5777, 59, 14, '1830590', 'D', 0, 0, 0, 2, 0, 'A', 5, 0, 0, 0, 0),
(5778, 49, 15, '1830590', 'D', 0, 0, 0, 2, 0, 'A', 5, 0, 0, 0, 0),
(5779, 60, 15, '1830590', 'D', 0, 0, 0, 2, 0, 'A', 5, 0, 0, 0, 0),
(5780, 61, 15, '1830590', 'D', 0, 0, 0, 2, 0, 'A', 5, 0, 0, 0, 0),
(5781, 62, 15, '1830590', 'D', 0, 0, 0, 2, 0, 'A', 5, 0, 0, 0, 0),
(5782, 50, 16, '1830590', 'D', 0, 0, 0, 2, 0, 'A', 5, 0, 0, 0, 0),
(5783, 64, 16, '1830590', 'D', 0, 0, 0, 2, 0, 'A', 5, 0, 0, 0, 0),
(5784, 65, 16, '1830590', 'D', 0, 0, 0, 2, 0, 'A', 5, 0, 0, 0, 0),
(5785, 66, 16, '1830590', 'D', 0, 0, 0, 2, 0, 'A', 5, 0, 0, 0, 0),
(5786, 52, 17, '1830590', 'D', 0, 0, 0, 2, 0, 'A', 5, 0, 0, 0, 0),
(5787, 68, 17, '1830590', 'D', 0, 0, 0, 2, 0, 'A', 5, 0, 0, 0, 0),
(5788, 69, 17, '1830590', 'D', 0, 0, 0, 2, 0, 'A', 5, 0, 0, 0, 0),
(5789, 70, 17, '1830590', 'D', 0, 0, 0, 2, 0, 'A', 5, 0, 0, 0, 0),
(5790, 51, 18, '1830590', 'E', 0, 0, 0, 0, 1, 'A', 5, 0, 0, 0, 0),
(5791, 72, 18, '1830590', 'E', 0, 0, 0, 0, 1, 'A', 5, 0, 0, 0, 0),
(5792, 73, 18, '1830590', 'D', 0, 0, 0, 2, 0, 'A', 5, 0, 0, 0, 0),
(5793, 74, 18, '1830590', 'E', 0, 0, 0, 0, 1, 'A', 5, 0, 0, 0, 0),
(5794, 48, 14, '7886036', 'D', 0, 0, 0, 2, 0, 'A', 5, 0, 0, 0, 0),
(5795, 56, 14, '7886036', 'C', 0, 0, 3, 0, 0, 'A', 5, 0, 0, 0, 0),
(5796, 57, 14, '7886036', 'D', 0, 0, 0, 2, 0, 'A', 5, 0, 0, 0, 0),
(5797, 58, 14, '7886036', 'C', 0, 0, 3, 0, 0, 'A', 5, 0, 0, 0, 0),
(5798, 59, 14, '7886036', 'D', 0, 0, 0, 2, 0, 'A', 5, 0, 0, 0, 0),
(5799, 49, 15, '7886036', 'D', 0, 0, 0, 2, 0, 'A', 5, 0, 0, 0, 0),
(5800, 60, 15, '7886036', 'C', 0, 0, 3, 0, 0, 'A', 5, 0, 0, 0, 0),
(5801, 61, 15, '7886036', 'C', 0, 0, 3, 0, 0, 'A', 5, 0, 0, 0, 0),
(5802, 62, 15, '7886036', 'D', 0, 0, 0, 2, 0, 'A', 5, 0, 0, 0, 0),
(5803, 50, 16, '7886036', 'D', 0, 0, 0, 2, 0, 'A', 5, 0, 0, 0, 0),
(5804, 64, 16, '7886036', 'C', 0, 0, 3, 0, 0, 'A', 5, 0, 0, 0, 0),
(5805, 65, 16, '7886036', 'D', 0, 0, 0, 2, 0, 'A', 5, 0, 0, 0, 0),
(5806, 66, 16, '7886036', 'D', 0, 0, 0, 2, 0, 'A', 5, 0, 0, 0, 0),
(5807, 52, 17, '7886036', 'D', 0, 0, 0, 2, 0, 'A', 5, 0, 0, 0, 0),
(5808, 68, 17, '7886036', 'D', 0, 0, 0, 2, 0, 'A', 5, 0, 0, 0, 0),
(5809, 69, 17, '7886036', 'C', 0, 0, 3, 0, 0, 'A', 5, 0, 0, 0, 0),
(5810, 70, 17, '7886036', 'D', 0, 0, 0, 2, 0, 'A', 5, 0, 0, 0, 0),
(5811, 51, 18, '7886036', 'E', 0, 0, 0, 0, 1, 'A', 5, 0, 0, 0, 0),
(5812, 72, 18, '7886036', 'E', 0, 0, 0, 0, 1, 'A', 5, 0, 0, 0, 0),
(5813, 73, 18, '7886036', 'D', 0, 0, 0, 2, 0, 'A', 5, 0, 0, 0, 0),
(5814, 74, 18, '7886036', 'E', 0, 0, 0, 0, 1, 'A', 5, 0, 0, 0, 0),
(5815, 48, 14, '5211647', 'D', 0, 0, 0, 2, 0, 'A', 5, 0, 0, 0, 0),
(5816, 56, 14, '5211647', 'C', 0, 0, 3, 0, 0, 'A', 5, 0, 0, 0, 0),
(5817, 57, 14, '5211647', 'D', 0, 1, 0, 2, 0, 'B', 0, 4, 0, 0, 0),
(5818, 58, 14, '5211647', 'C', 0, 0, 3, 0, 0, 'B', 0, 4, 0, 0, 0),
(5819, 59, 14, '5211647', 'D', 0, 0, 0, 2, 0, 'A', 5, 0, 0, 0, 0),
(5820, 49, 15, '5211647', 'D', 0, 0, 0, 2, 0, 'A', 5, 0, 0, 0, 0),
(5821, 60, 15, '5211647', 'C', 0, 0, 3, 0, 0, 'A', 5, 0, 0, 0, 0),
(5822, 61, 15, '5211647', 'D', 0, 0, 0, 2, 0, 'A', 5, 0, 0, 0, 0),
(5823, 62, 15, '5211647', 'D', 0, 0, 0, 2, 0, 'A', 5, 0, 0, 0, 0),
(5824, 50, 16, '5211647', 'D', 0, 0, 0, 2, 0, 'A', 5, 0, 0, 0, 0),
(5825, 64, 16, '5211647', 'C', 0, 0, 3, 0, 0, 'A', 5, 0, 0, 0, 0),
(5826, 65, 16, '5211647', 'D', 0, 0, 0, 2, 0, 'A', 5, 0, 0, 0, 0),
(5827, 66, 16, '5211647', 'C', 0, 0, 3, 0, 0, 'A', 5, 0, 0, 0, 0),
(5828, 52, 17, '5211647', 'D', 0, 1, 0, 2, 0, 'B', 0, 4, 0, 0, 0),
(5829, 68, 17, '5211647', 'E', 0, 0, 0, 0, 1, 'B', 0, 4, 0, 0, 0),
(5830, 69, 17, '5211647', 'D', 0, 0, 0, 2, 0, 'A', 5, 0, 0, 0, 0),
(5831, 70, 17, '5211647', 'D', 0, 1, 0, 2, 0, 'B', 0, 4, 0, 0, 0),
(5832, 51, 18, '5211647', 'E', 0, 0, 0, 0, 1, 'A', 5, 0, 0, 0, 0),
(5833, 72, 18, '5211647', 'E', 0, 0, 0, 0, 1, 'A', 5, 0, 0, 0, 0),
(5834, 73, 18, '5211647', 'D', 0, 0, 0, 2, 0, 'A', 5, 0, 0, 0, 0),
(5835, 74, 18, '5211647', 'E', 0, 0, 0, 0, 1, 'A', 5, 0, 0, 0, 0),
(5836, 48, 14, '8929899', 'D', 0, 1, 0, 2, 0, 'B', 0, 4, 0, 0, 0),
(5837, 56, 14, '8929899', 'D', 0, 0, 0, 2, 0, 'C', 0, 0, 3, 0, 0),
(5838, 57, 14, '8929899', 'C', 0, 0, 3, 0, 0, 'B', 0, 4, 0, 0, 0),
(5839, 58, 14, '8929899', 'C', 0, 0, 3, 0, 0, 'C', 0, 0, 3, 0, 0),
(5840, 59, 14, '8929899', 'D', 0, 1, 0, 2, 0, 'B', 0, 4, 0, 0, 0),
(5841, 49, 15, '8929899', 'C', 0, 0, 3, 0, 0, 'B', 0, 4, 0, 0, 0),
(5842, 60, 15, '8929899', 'D', 0, 0, 0, 2, 0, 'C', 0, 0, 3, 0, 0),
(5843, 61, 15, '8929899', 'D', 0, 0, 0, 2, 0, 'C', 0, 0, 3, 0, 0),
(5844, 62, 15, '8929899', 'D', 0, 1, 0, 2, 0, 'B', 0, 4, 0, 0, 0),
(5845, 50, 16, '8929899', 'D', 0, 1, 0, 2, 0, 'B', 0, 4, 0, 0, 0),
(5846, 64, 16, '8929899', 'D', 0, 0, 0, 2, 0, 'C', 0, 0, 3, 0, 0),
(5847, 65, 16, '8929899', 'D', 0, 0, 0, 2, 0, 'C', 0, 0, 3, 0, 0),
(5848, 66, 16, '8929899', 'D', 0, 0, 0, 2, 0, 'C', 0, 0, 3, 0, 0),
(5849, 52, 17, '8929899', 'D', 0, 1, 0, 2, 0, 'B', 0, 4, 0, 0, 0),
(5850, 68, 17, '8929899', 'D', 0, 1, 0, 2, 0, 'B', 0, 4, 0, 0, 0),
(5851, 69, 17, '8929899', 'C', 0, 0, 3, 0, 0, 'C', 0, 0, 3, 0, 0),
(5852, 70, 17, '8929899', 'C', 0, 0, 3, 0, 0, 'C', 0, 0, 3, 0, 0),
(5853, 51, 18, '8929899', 'E', 0, 0, 0, 0, 1, 'A', 5, 0, 0, 0, 0),
(5854, 72, 18, '8929899', 'E', 0, 0, 0, 0, 1, 'A', 5, 0, 0, 0, 0),
(5855, 73, 18, '8929899', 'D', 0, 0, 0, 2, 0, 'A', 5, 0, 0, 0, 0),
(5856, 74, 18, '8929899', 'E', 0, 0, 0, 0, 1, 'A', 5, 0, 0, 0, 0),
(5857, 48, 14, '3784299', 'D', 0, 0, 0, 2, 0, 'C', 0, 0, 3, 0, 0),
(5858, 56, 14, '3784299', 'C', 0, 0, 3, 0, 0, 'B', 0, 4, 0, 0, 0),
(5859, 57, 14, '3784299', 'D', 0, 1, 0, 2, 0, 'B', 0, 4, 0, 0, 0),
(5860, 58, 14, '3784299', 'C', 0, 0, 3, 0, 0, 'C', 0, 0, 3, 0, 0),
(5861, 59, 14, '3784299', 'D', 0, 0, 0, 2, 0, 'C', 0, 0, 3, 0, 0),
(5862, 49, 15, '3784299', 'D', 0, 0, 0, 2, 0, 'A', 5, 0, 0, 0, 0),
(5863, 60, 15, '3784299', 'C', 0, 0, 3, 0, 0, 'B', 0, 4, 0, 0, 0),
(5864, 61, 15, '3784299', 'C', 0, 0, 3, 0, 0, 'C', 0, 0, 3, 0, 0),
(5865, 62, 15, '3784299', 'D', 0, 1, 0, 2, 0, 'B', 0, 4, 0, 0, 0),
(5866, 50, 16, '3784299', 'D', 0, 1, 0, 2, 0, 'B', 0, 4, 0, 0, 0),
(5867, 64, 16, '3784299', 'C', 0, 0, 3, 0, 0, 'B', 0, 4, 0, 0, 0),
(5868, 65, 16, '3784299', 'D', 0, 1, 0, 2, 0, 'B', 0, 4, 0, 0, 0),
(5869, 66, 16, '3784299', 'C', 0, 0, 3, 0, 0, 'B', 0, 4, 0, 0, 0),
(5870, 52, 17, '3784299', 'D', 0, 0, 0, 2, 0, 'A', 5, 0, 0, 0, 0),
(5871, 68, 17, '3784299', 'C', 0, 0, 3, 0, 0, 'B', 0, 4, 0, 0, 0),
(5872, 69, 17, '3784299', 'C', 0, 0, 3, 0, 0, 'B', 0, 4, 0, 0, 0),
(5873, 70, 17, '3784299', 'B', 0, 4, 0, 0, 0, 'B', 0, 4, 0, 0, 0),
(5874, 51, 18, '3784299', 'E', 0, 0, 0, 0, 1, 'A', 5, 0, 0, 0, 0),
(5875, 72, 18, '3784299', 'D', 0, 0, 0, 2, 0, 'A', 5, 0, 0, 0, 0),
(5876, 73, 18, '3784299', 'D', 0, 0, 0, 2, 0, 'A', 5, 0, 0, 0, 0),
(5877, 74, 18, '3784299', 'D', 0, 0, 0, 2, 0, 'A', 5, 0, 0, 0, 0),
(5878, 48, 14, '3501559', 'D', 0, 1, 0, 2, 0, 'B', 0, 4, 0, 0, 0),
(5879, 56, 14, '3501559', 'C', 0, 0, 3, 0, 0, 'B', 0, 4, 0, 0, 0),
(5880, 57, 14, '3501559', 'C', 0, 0, 3, 0, 0, 'C', 0, 0, 3, 0, 0),
(5881, 58, 14, '3501559', 'C', 0, 0, 3, 0, 0, 'C', 0, 0, 3, 0, 0),
(5882, 59, 14, '3501559', 'C', 0, 0, 3, 0, 0, 'B', 0, 4, 0, 0, 0),
(5883, 49, 15, '3501559', 'C', 0, 0, 3, 0, 0, 'C', 0, 0, 3, 0, 0),
(5884, 60, 15, '3501559', 'C', 0, 0, 3, 0, 0, 'B', 0, 4, 0, 0, 0),
(5885, 61, 15, '3501559', 'C', 0, 0, 3, 0, 0, 'C', 0, 0, 3, 0, 0),
(5886, 62, 15, '3501559', 'C', 0, 0, 3, 0, 0, 'C', 0, 0, 3, 0, 0),
(5887, 50, 16, '3501559', 'C', 0, 0, 3, 0, 0, 'B', 0, 4, 0, 0, 0),
(5888, 64, 16, '3501559', 'D', 0, 0, 0, 2, 0, 'C', 0, 0, 3, 0, 0),
(5889, 65, 16, '3501559', 'C', 0, 0, 3, 0, 0, 'B', 0, 4, 0, 0, 0),
(5890, 66, 16, '3501559', 'C', 0, 0, 3, 0, 0, 'B', 0, 4, 0, 0, 0),
(5891, 52, 17, '3501559', 'D', 0, 0, 0, 2, 0, 'C', 0, 0, 3, 0, 0),
(5892, 68, 17, '3501559', 'C', 0, 0, 3, 0, 0, 'B', 0, 4, 0, 0, 0),
(5893, 69, 17, '3501559', 'D', 0, 1, 0, 2, 0, 'B', 0, 4, 0, 0, 0),
(5894, 70, 17, '3501559', 'C', 0, 0, 3, 0, 0, 'C', 0, 0, 3, 0, 0),
(5895, 51, 18, '3501559', 'E', 0, 0, 0, 0, 1, 'A', 5, 0, 0, 0, 0),
(5896, 72, 18, '3501559', 'D', 0, 0, 0, 2, 0, 'A', 5, 0, 0, 0, 0),
(5897, 73, 18, '3501559', 'D', 0, 0, 0, 2, 0, 'A', 5, 0, 0, 0, 0),
(5898, 74, 18, '3501559', 'D', 0, 0, 0, 2, 0, 'A', 5, 0, 0, 0, 0),
(5899, 48, 14, '2169659', 'C', 0, 0, 3, 0, 0, 'C', 0, 0, 3, 0, 0),
(5900, 56, 14, '2169659', 'C', 0, 0, 3, 0, 0, 'C', 0, 0, 3, 0, 0),
(5901, 57, 14, '2169659', 'D', 0, 1, 0, 2, 0, 'B', 0, 4, 0, 0, 0),
(5902, 58, 14, '2169659', 'C', 0, 0, 3, 0, 0, 'C', 0, 0, 3, 0, 0),
(5903, 59, 14, '2169659', 'C', 0, 0, 3, 0, 0, 'C', 0, 0, 3, 0, 0),
(5904, 49, 15, '2169659', 'C', 0, 0, 3, 0, 0, 'B', 0, 4, 0, 0, 0),
(5905, 60, 15, '2169659', 'C', 0, 0, 3, 0, 0, 'B', 0, 4, 0, 0, 0),
(5906, 61, 15, '2169659', 'C', 0, 0, 3, 0, 0, 'B', 0, 4, 0, 0, 0),
(5907, 62, 15, '2169659', 'C', 0, 0, 3, 0, 0, 'B', 0, 4, 0, 0, 0),
(5908, 50, 16, '2169659', 'C', 0, 0, 3, 0, 0, 'B', 0, 4, 0, 0, 0),
(5909, 64, 16, '2169659', 'C', 0, 0, 3, 0, 0, 'C', 0, 0, 3, 0, 0),
(5910, 65, 16, '2169659', 'C', 0, 0, 3, 0, 0, 'B', 0, 4, 0, 0, 0),
(5911, 66, 16, '2169659', 'C', 0, 0, 3, 0, 0, 'B', 0, 4, 0, 0, 0),
(5912, 52, 17, '2169659', 'C', 0, 0, 3, 0, 0, 'A', 5, 0, 0, 0, 0),
(5913, 68, 17, '2169659', 'C', 0, 0, 3, 0, 0, 'B', 0, 4, 0, 0, 0),
(5914, 69, 17, '2169659', 'C', 0, 0, 3, 0, 0, 'B', 0, 4, 0, 0, 0),
(5915, 70, 17, '2169659', 'C', 0, 0, 3, 0, 0, 'B', 0, 4, 0, 0, 0),
(5916, 51, 18, '2169659', 'E', 0, 0, 0, 0, 1, 'A', 5, 0, 0, 0, 0),
(5917, 72, 18, '2169659', 'D', 0, 0, 0, 2, 0, 'A', 5, 0, 0, 0, 0),
(5918, 73, 18, '2169659', 'C', 0, 0, 3, 0, 0, 'A', 5, 0, 0, 0, 0),
(5919, 74, 18, '2169659', 'C', 0, 0, 3, 0, 0, 'A', 5, 0, 0, 0, 0),
(5920, 48, 14, '3917297', 'D', 0, 1, 0, 2, 0, 'B', 0, 4, 0, 0, 0),
(5921, 56, 14, '3917297', 'D', 0, 0, 0, 2, 0, 'C', 0, 0, 3, 0, 0),
(5922, 57, 14, '3917297', 'C', 0, 0, 3, 0, 0, 'C', 0, 0, 3, 0, 0),
(5923, 58, 14, '3917297', 'D', 0, 1, 0, 2, 0, 'B', 0, 4, 0, 0, 0),
(5924, 59, 14, '3917297', 'D', 0, 1, 0, 2, 0, 'B', 0, 4, 0, 0, 0),
(5925, 49, 15, '3917297', 'D', 0, 0, 0, 2, 0, 'C', 0, 0, 3, 0, 0),
(5926, 60, 15, '3917297', 'C', 0, 0, 3, 0, 0, 'B', 0, 4, 0, 0, 0),
(5927, 61, 15, '3917297', 'C', 0, 0, 3, 0, 0, 'B', 0, 4, 0, 0, 0),
(5928, 62, 15, '3917297', 'C', 0, 0, 3, 0, 0, 'C', 0, 0, 3, 0, 0),
(5929, 50, 16, '3917297', 'D', 0, 1, 0, 2, 0, 'B', 0, 4, 0, 0, 0),
(5930, 64, 16, '3917297', 'C', 0, 0, 3, 0, 0, 'C', 0, 0, 3, 0, 0),
(5931, 65, 16, '3917297', 'C', 0, 0, 3, 0, 0, 'C', 0, 0, 3, 0, 0),
(5932, 66, 16, '3917297', 'C', 0, 0, 3, 0, 0, 'C', 0, 0, 3, 0, 0),
(5933, 52, 17, '3917297', 'C', 0, 0, 3, 0, 0, 'B', 0, 4, 0, 0, 0),
(5934, 68, 17, '3917297', 'C', 0, 0, 3, 0, 0, 'C', 0, 0, 3, 0, 0),
(5935, 69, 17, '3917297', 'C', 0, 0, 3, 0, 0, 'C', 0, 0, 3, 0, 0),
(5936, 70, 17, '3917297', 'C', 0, 0, 3, 0, 0, 'C', 0, 0, 3, 0, 0),
(5937, 51, 18, '3917297', 'E', 0, 0, 0, 0, 1, 'A', 5, 0, 0, 0, 0),
(5938, 72, 18, '3917297', 'C', 0, 0, 3, 0, 0, 'B', 0, 4, 0, 0, 0),
(5939, 73, 18, '3917297', 'C', 0, 0, 3, 0, 0, 'B', 0, 4, 0, 0, 0),
(5940, 74, 18, '3917297', 'C', 0, 0, 3, 0, 0, 'B', 0, 4, 0, 0, 0),
(5941, 48, 14, '2848174', 'C', 0, 0, 3, 0, 0, 'B', 0, 4, 0, 0, 0),
(5942, 56, 14, '2848174', 'C', 0, 0, 3, 0, 0, 'B', 0, 4, 0, 0, 0),
(5943, 57, 14, '2848174', 'C', 0, 0, 3, 0, 0, 'C', 0, 0, 3, 0, 0),
(5944, 58, 14, '2848174', 'C', 0, 0, 3, 0, 0, 'C', 0, 0, 3, 0, 0),
(5945, 59, 14, '2848174', 'B', 0, 4, 0, 0, 0, 'C', 0, 0, 3, 0, 0),
(5946, 49, 15, '2848174', 'C', 0, 0, 3, 0, 0, 'C', 0, 0, 3, 0, 0),
(5947, 60, 15, '2848174', 'C', 0, 0, 3, 0, 0, 'C', 0, 0, 3, 0, 0),
(5948, 61, 15, '2848174', 'C', 0, 0, 3, 0, 0, 'C', 0, 0, 3, 0, 0),
(5949, 62, 15, '2848174', 'D', 0, 0, 0, 2, 0, 'C', 0, 0, 3, 0, 0),
(5950, 50, 16, '2848174', 'C', 0, 0, 3, 0, 0, 'C', 0, 0, 3, 0, 0),
(5951, 64, 16, '2848174', 'C', 0, 0, 3, 0, 0, 'C', 0, 0, 3, 0, 0),
(5952, 65, 16, '2848174', 'C', 0, 0, 3, 0, 0, 'C', 0, 0, 3, 0, 0),
(5953, 66, 16, '2848174', 'C', 0, 0, 3, 0, 0, 'C', 0, 0, 3, 0, 0),
(5954, 52, 17, '2848174', 'D', 0, 0, 0, 2, 0, 'D', 0, 0, 0, 2, 0),
(5955, 68, 17, '2848174', 'D', 0, 0, 0, 2, 0, 'D', 0, 0, 0, 2, 0),
(5956, 69, 17, '2848174', 'C', 0, 0, 3, 0, 0, 'C', 0, 0, 3, 0, 0),
(5957, 70, 17, '2848174', 'C', 0, 0, 3, 0, 0, 'C', 0, 0, 3, 0, 0),
(5958, 51, 18, '2848174', 'E', 0, 0, 0, 0, 1, 'A', 5, 0, 0, 0, 0),
(5959, 72, 18, '2848174', 'C', 0, 0, 3, 0, 0, 'A', 5, 0, 0, 0, 0),
(5960, 73, 18, '2848174', 'D', 0, 1, 0, 2, 0, 'B', 0, 4, 0, 0, 0),
(5961, 74, 18, '2848174', 'D', 0, 1, 0, 2, 0, 'B', 0, 4, 0, 0, 0),
(5962, 48, 14, '2360689', 'C', 0, 0, 3, 0, 0, 'C', 0, 0, 3, 0, 0),
(5963, 56, 14, '2360689', 'C', 0, 0, 3, 0, 0, 'C', 0, 0, 3, 0, 0),
(5964, 57, 14, '2360689', 'C', 0, 0, 3, 0, 0, 'C', 0, 0, 3, 0, 0),
(5965, 58, 14, '2360689', 'C', 0, 0, 3, 0, 0, 'C', 0, 0, 3, 0, 0),
(5966, 59, 14, '2360689', 'C', 0, 0, 3, 0, 0, 'C', 0, 0, 3, 0, 0),
(5967, 49, 15, '2360689', 'D', 0, 0, 0, 2, 0, 'C', 0, 0, 3, 0, 0),
(5968, 60, 15, '2360689', 'C', 0, 0, 3, 0, 0, 'C', 0, 0, 3, 0, 0),
(5969, 61, 15, '2360689', 'C', 0, 0, 3, 0, 0, 'C', 0, 0, 3, 0, 0),
(5970, 62, 15, '2360689', 'D', 0, 0, 0, 2, 0, 'C', 0, 0, 3, 0, 0),
(5971, 50, 16, '2360689', 'C', 0, 0, 3, 0, 0, 'C', 0, 0, 3, 0, 0),
(5972, 64, 16, '2360689', 'C', 0, 0, 3, 0, 0, 'C', 0, 0, 3, 0, 0),
(5973, 65, 16, '2360689', 'C', 0, 0, 3, 0, 0, 'C', 0, 0, 3, 0, 0),
(5974, 66, 16, '2360689', 'C', 0, 0, 3, 0, 0, 'C', 0, 0, 3, 0, 0),
(5975, 52, 17, '2360689', 'D', 0, 0, 0, 2, 0, 'C', 0, 0, 3, 0, 0),
(5976, 68, 17, '2360689', 'C', 0, 0, 3, 0, 0, 'C', 0, 0, 3, 0, 0),
(5977, 69, 17, '2360689', 'D', 0, 0, 0, 2, 0, 'C', 0, 0, 3, 0, 0),
(5978, 70, 17, '2360689', 'C', 0, 0, 3, 0, 0, 'C', 0, 0, 3, 0, 0),
(5979, 51, 18, '2360689', 'E', 0, 0, 0, 0, 1, 'A', 5, 0, 0, 0, 0),
(5980, 72, 18, '2360689', 'D', 0, 0, 0, 2, 0, 'A', 5, 0, 0, 0, 0),
(5981, 73, 18, '2360689', 'D', 0, 1, 0, 2, 0, 'B', 0, 4, 0, 0, 0),
(5982, 74, 18, '2360689', 'C', 0, 0, 3, 0, 0, 'B', 0, 4, 0, 0, 0),
(5983, 48, 14, '4452507', 'C', 0, 0, 3, 0, 0, 'B', 0, 4, 0, 0, 0),
(5984, 56, 14, '4452507', 'C', 0, 0, 3, 0, 0, 'C', 0, 0, 3, 0, 0),
(5985, 57, 14, '4452507', 'C', 0, 0, 3, 0, 0, 'C', 0, 0, 3, 0, 0),
(5986, 58, 14, '4452507', 'C', 0, 0, 3, 0, 0, 'C', 0, 0, 3, 0, 0),
(5987, 59, 14, '4452507', 'C', 0, 0, 3, 0, 0, 'C', 0, 0, 3, 0, 0),
(5988, 49, 15, '4452507', 'D', 0, 0, 0, 2, 0, 'C', 0, 0, 3, 0, 0),
(5989, 60, 15, '4452507', 'C', 0, 0, 3, 0, 0, 'C', 0, 0, 3, 0, 0),
(5990, 61, 15, '4452507', 'C', 0, 0, 3, 0, 0, 'C', 0, 0, 3, 0, 0),
(5991, 62, 15, '4452507', 'C', 0, 0, 3, 0, 0, 'C', 0, 0, 3, 0, 0),
(5992, 50, 16, '4452507', 'D', 0, 1, 0, 2, 0, 'B', 0, 4, 0, 0, 0),
(5993, 64, 16, '4452507', 'C', 0, 0, 3, 0, 0, 'B', 0, 4, 0, 0, 0),
(5994, 65, 16, '4452507', 'C', 0, 0, 3, 0, 0, 'C', 0, 0, 3, 0, 0),
(5995, 66, 16, '4452507', 'C', 0, 0, 3, 0, 0, 'C', 0, 0, 3, 0, 0),
(5996, 52, 17, '4452507', 'C', 0, 0, 3, 0, 0, 'B', 0, 4, 0, 0, 0),
(5997, 68, 17, '4452507', 'C', 0, 0, 3, 0, 0, 'B', 0, 4, 0, 0, 0),
(5998, 69, 17, '4452507', 'B', 0, 4, 0, 0, 0, 'B', 0, 4, 0, 0, 0),
(5999, 70, 17, '4452507', 'C', 0, 0, 3, 0, 0, 'B', 0, 4, 0, 0, 0),
(6000, 51, 18, '4452507', 'E', 0, 0, 0, 0, 1, 'A', 5, 0, 0, 0, 0),
(6001, 72, 18, '4452507', 'D', 0, 0, 0, 2, 0, 'A', 5, 0, 0, 0, 0),
(6002, 73, 18, '4452507', 'C', 0, 0, 3, 0, 0, 'A', 5, 0, 0, 0, 0),
(6003, 74, 18, '4452507', 'D', 0, 0, 0, 2, 0, 'A', 5, 0, 0, 0, 0);

-- --------------------------------------------------------

--
-- Table structure for table `tresponden`
--

CREATE TABLE `tresponden` (
  `pasienID` varchar(50) NOT NULL,
  `namaPasien` varchar(300) NOT NULL,
  `jenisKelamin` text NOT NULL,
  `umur` varchar(30) NOT NULL,
  `tgl_survei` varchar(30) NOT NULL,
  `saran` text NOT NULL
) ENGINE=InnoDB DEFAULT CHARSET=latin1;

--
-- Dumping data for table `tresponden`
--

INSERT INTO `tresponden` (`pasienID`, `namaPasien`, `jenisKelamin`, `umur`, `tgl_survei`, `saran`) VALUES
('1034368', 'jojo suherman', 'Laki-laki', '41-60', '2024-01-25', ''),
('1203919', 'Siti Khoiriyah ', 'Perempuan', '11-20', '2024-01-21', ''),
('1422830', 'Nadya Putri', 'Perempuan', '11-20', '2024-01-21', ''),
('14234640', 'Satria Sanjaya', 'Laki-laki', '21-40', '26/01/2024', ''),
('1433488', 'Dony sanjaya', 'Laki-laki', '21-40', '2024-01-25', ''),
('1437515', 'Ratna dilla', 'Perempuan', '11-20', '2024-01-21', ''),
('1502065', 'devi silalahi', 'Perempuan', '11-20', '2024-01-25', ''),
('15234656', 'Tukiyem Ayuni', 'Perempuan', '41-60', '26/01/2024', ''),
('1613483', 'Gabriel Silitonga', 'Laki-laki', '21-40', '2024-01-25', ''),
('16234632', 'Halim Pardede', 'Laki-laki', '41-60', '26/01/2024', ''),
('16234648', 'Raja Hamonangan', 'Laki-laki', '41-60', '26/01/2024', ''),
('16234664', 'Ayla Najwa', 'Perempuan', '21-40', '26/01/2024', ''),
('1626129', 'elma nababan', 'Perempuan', '21-40', '2024-01-26', ''),
('165271', 'Andre S', 'Laki-laki', '21-40', '2024-01-25', ''),
('17234628', 'Lisnawati Aritonang', 'Perempuan', '21-40', '26/01/2024', ''),
('17234636', 'Jaya Santoso', 'Laki-laki', '41-60', '26/01/2024', ''),
('17234644', 'Silvia Dewi', 'Perempuan', '21-40', '26/01/2024', ''),
('17234652', 'Shandy Pasaribu', 'Laki-laki', '11-20', '26/01/2024', ''),
('17234660', 'Ruth Sitepu', 'Perempuan', '21-40', '26/01/2024', ''),
('17234668', 'Dea Mariela S', 'Perempuan', '21-40', '26/01/2024', ''),
('1778596', 'nando sihapas', 'Laki-laki', '21-40', '2024-01-26', ''),
('18234610', 'widhia agustina', 'Perempuan', '21-40', '26/01/2024', ''),
('18234614', 'Alfrian Purba', 'Laki-laki', '21-40', '26/01/2024', ''),
('18234618', 'Sarah Yohana Pakpahan', 'Perempuan', '21-40', '26/01/2024', ''),
('18234622', 'Pasarsaoran Simajuntak', 'Laki-laki', '41-60', '26/01/2024', ''),
('18234626', 'Pintauli Sormin', 'Perempuan', '41-60', '26/01/2024', ''),
('18234634', 'Fuji Assahar', 'Laki-laki', '21-40', '26/01/2024', ''),
('18234638', 'Wira Putra Wijaya', 'Laki-laki', '11-20', '26/01/2024', ''),
('18234642', 'Rachel Saragih', 'Perempuan', '11-20', '26/01/2024', ''),
('18234646', 'Mala Sirait ', 'Perempuan', '11-20', '26/01/2024', ''),
('18234650', 'Saviyani', 'Perempuan', '41-60', '26/01/2024', ''),
('18234654', 'Amel Sikaban', 'Perempuan', '21-40', '26/01/2024', ''),
('18234658', 'Febri Yudistira', 'Laki-laki', '21-40', '26/01/2024', ''),
('18234662', 'Raymond Panggabean', 'Laki-laki', '21-40', '26/01/2024', ''),
('18234666', 'Adi Sudirjano', 'Laki-laki', '41-60', '26/01/2024', ''),
('1830590', 'Jesika Sibuea', 'Perempuan', '21-40', '2024-01-26', 'ytap'),
('1864288', 'Fatma', 'Perempuan', '41-60', '2024-01-25', ''),
('19234614', 'jhonatan alexander', 'Laki-laki', '21-40', '26/01/2024', ''),
('19234616', 'Regina Marlina Sembiring', 'Perempuan', '11-20', '26/01/2024', ''),
('19234618', 'Nisaul Hasanah', 'Perempuan', '11-20', '26/01/2024', ''),
('19234620', 'Tobat Marihot', 'Laki-laki', '41-60', '26/01/2024', ''),
('19234622', 'Saif Tiara', 'Perempuan', '21-40', '26/01/2024', ''),
('19234624', 'Musdalifah', 'Perempuan', '41-60', '26/01/2024', ''),
('19234626', 'Vindi Marselina', 'Perempuan', '21-40', '26/01/2024', ''),
('19234628', 'Astri Sani', 'Perempuan', '21-40', '26/01/2024', ''),
('19234630', 'Sira Aliaba', 'Laki-laki', '11-20', '26/01/2024', ''),
('19234632', 'Riva Elisabeth Saragi', 'Perempuan', '11-20', '26/01/2024', ''),
('19234634', 'Lusi Sitomorang', 'Perempuan', '21-40', '26/01/2024', ''),
('19234636', 'Amel Cahyani', 'Perempuan', '11-20', '26/01/2024', ''),
('19234638', 'Fajar Atmajaya', 'Laki-laki', '21-40', '26/01/2024', ''),
('19234640', 'Indah Fitriani Sipayung', 'Perempuan', '21-40', '26/01/2024', ''),
('19234642', 'Jhon Aldi Girsang', 'Laki-laki', '21-40', '26/01/2024', ''),
('19234644', 'Sukma Galingging', 'Perempuan', '21-40', '26/01/2024', ''),
('19234646', 'Rini Insyira', 'Perempuan', '21-40', '26/01/2024', ''),
('19234648', 'Maisya Amalia', 'Perempuan', '21-40', '26/01/2024', ''),
('19234650', 'Desiani', 'Perempuan', '21-40', '26/01/2024', ''),
('19234652', 'Widia Utami', 'Perempuan', '21-40', '26/01/2024', ''),
('19234654', 'Dimasprasetyo', 'Laki-laki', '21-40', '26/01/2024', ''),
('19234656', 'Rahmat Hidayat', 'Laki-laki', '41-60', '26/01/2024', ''),
('19234658', 'Nabila Suciwati', 'Perempuan', '21-40', '26/01/2024', ''),
('19234660', 'Ibnu Setya', 'Laki-laki', '21-40', '26/01/2024', ''),
('19234662', 'Nindya Putri ', 'Perempuan', '21-40', '26/01/2024', ''),
('19234664', 'Sugeng Aibowo', 'Laki-laki', '41-60', '26/01/2024', ''),
('19234666', 'Icha  Manurung', 'Perempuan', '11-20', '26/01/2024', ''),
('1931556', 'Johanes Hutahuruk', 'Laki-laki', '41-60', '2024-01-19', ''),
('1972198', 'aqila lubis', 'Perempuan', '41-60', '2024-01-25', ''),
('2015375', 'marsa sitorus', 'Perempuan', '41-60', '2024-01-25', ''),
('2049575', 'Endang Sartika', 'Perempuan', '21-40', '2024-11-20', ''),
('2169659', 'Mail Syahputra', 'Laki-laki', '11-20', '2024-01-26', ''),
('2217213', 'vina hartini', 'Perempuan', '41-60', '2024-01-26', ''),
('2262976', 'Dakota Silaen', 'Laki-laki', '41-60', '2024-01-25', ''),
('2267279', 'Douglas Ginting', 'Laki-laki', '41-60', '2024-01-25', ''),
('2360689', 'Raya Mahera', 'Perempuan', '21-40', '2024-01-26', ''),
('2412032', 'nila putriani', 'Perempuan', '41-60', '2024-01-25', ''),
('2418414', 'Putri Laras', 'Perempuan', '21-40', '2024-01-25', ''),
('2432500', 'Nur jannah', 'Perempuan', '21-40', '2023-11-20', ''),
('2584749', 'maya asututi', 'Perempuan', '41-60', '2024-01-26', ''),
('2595524', 'Sinta Dewi Siregar', 'Perempuan', '41-60', '2024-01-25', ''),
('2602100', 'arisman ndruru', 'Laki-laki', '11-20', '2024-01-26', ''),
('2645266', 'Lina frita', 'Perempuan', '11-20', '2024-01-19', ''),
('2669129', 'yoga fernando sembiring', 'Laki-laki', '41-60', '2024-01-25', ''),
('284253', 'Sintaa Yunn', 'Perempuan', '41-60', '2023-11-20', ''),
('2848174', 'Sintya Rafaela', 'Perempuan', '21-40', '2024-01-26', ''),
('2923929', 'jono wijaya', 'Laki-laki', '41-60', '2024-01-26', ''),
('2938208', 'jerry riyanto', 'Laki-laki', '41-60', '2024-01-25', ''),
('2939911', 'Danang', 'Laki-laki', '41-60', '2024-01-25', ''),
('3002902', 'arif gunawan ', 'Laki-laki', '21-40', '2024-01-26', ''),
('3078595', 'Katreen Putri', 'Perempuan', '11-20', '2024-01-25', ''),
('3093054', 'ayu dewita', 'Perempuan', '41-60', '2024-01-25', ''),
('3095199', 'maul utomo', 'Laki-laki', '41-60', '2024-01-26', ''),
('3107150', 'muhammad rizal ', 'Laki-laki', '41-60', '2024-01-26', ''),
('3264050', 'Yunita sagala', 'Perempuan', '41-60', '2024-01-25', ''),
('3365723', 'Robertus Zega', 'Laki-laki', '21-40', '2024-01-25', ''),
('3377225', 'Cici Susanti Sinambela', 'Perempuan', '21-40', '2024-01-25', ''),
('3501559', 'Putri Diana', 'Perempuan', '21-40', '2024-01-26', ''),
('354080', 'neneng', 'Perempuan', '61+', '2024-01-25', ''),
('3623565', 'finazia aritonang', 'Perempuan', '21-40', '2024-01-25', ''),
('3639547', 'Agnes Lasmaria M', 'Perempuan', '11-20', '2024-01-25', ''),
('3640828', 'laura sitiani', 'Perempuan', '21-40', '2024-01-25', ''),
('3696515', 'leni suryani', 'Perempuan', '61+', '2024-01-25', ''),
('3714070', 'rosa matondang', 'Perempuan', '21-40', '2024-01-26', ''),
('3731928', 'juan sinaga', 'Laki-laki', '41-60', '2024-01-26', ''),
('3784299', 'Faizal Rama', 'Laki-laki', '21-40', '2024-01-26', ''),
('3807333', 'irma sari munthe', 'Perempuan', '11-20', '2024-01-26', ''),
('3821018', 'Lina Mariati Sitompul', 'Perempuan', '21-40', '2024-01-25', ''),
('382147', 'udin', 'Laki-laki', '41-60', '2024-01-26', ''),
('3863201', 'Rio Saputra Manik', 'Laki-laki', '41-60', '2024-01-25', ''),
('3917297', 'Rahelia Sutriska', 'Perempuan', '21-40', '2024-01-26', ''),
('4051524', 'Bela syakira', 'Perempuan', '11-20', '2024-01-25', ''),
('4093956', 'Eldat Efrain', 'Laki-laki', '11-20', '2024-01-21', 'Tingkatkan'),
('4118615', 'angela safitri manullang', 'Perempuan', '41-60', '2024-01-25', ''),
('4271147', 'pras aditya ', 'Laki-laki', '21-40', '2024-01-25', ''),
('438934', 'iwan gunawan', 'Laki-laki', '21-40', '2024-01-25', ''),
('4452507', 'Rofi  Farezi', 'Laki-laki', '11-20', '2024-01-26', ''),
('4471067', 'sahat sitompul', 'Laki-laki', '41-60', '2024-01-26', ''),
('4471490', 'harinson simarmata', 'Laki-laki', '21-40', '2024-01-26', ''),
('4523627', 'faisal syarifuddin', 'Laki-laki', '41-60', '2024-01-26', ''),
('4562112', 'Tri Nuryani', 'Perempuan', '21-40', '2024-01-25', ''),
('4625919', 'Wita Sari ', 'Perempuan', '41-60', '2024-01-25', ''),
('465948', 'Ranto Marbun', 'Laki-laki', '41-60', '2024-01-25', ''),
('4776784', 'syamsuardi sitompul', 'Laki-laki', '21-40', '2024-01-26', ''),
('4824781', 'kevin sugianto', 'Laki-laki', '41-60', '2024-01-25', ''),
('4882966', 'Cleo Isla SImanjuntak', 'Perempuan', '11-20', '2024-01-25', ''),
('5012204', 'Ayub Sembiring', 'Laki-laki', '61+', '2024-01-25', ''),
('5019782', 'fhia ginting', 'Perempuan', '11-20', '2024-01-25', ''),
('5042573', 'Joko Susilo', 'Laki-laki', '11-20', '2024-01-21', ''),
('5055153', 'Jamaluddin', 'Laki-laki', '61+', '2024-01-25', ''),
('5079293', 'Rivaldi', 'Laki-laki', '21-40', '2024-01-25', ''),
('5083684', 'putri purwalina', 'Perempuan', '21-40', '2024-01-26', ''),
('5132558', 'kinantizani', 'Laki-laki', '41-60', '2024-01-26', ''),
('5176008', 'ilham pratama', 'Laki-laki', '11-20', '2024-01-26', ''),
('5211647', 'Ayu Prima', 'Perempuan', '21-40', '2024-01-26', ''),
('5326660', 'Geby Naulyp', 'Perempuan', '21-40', '2024-01-25', ''),
('5451658', 'jimy nainggolan', 'Laki-laki', '61+', '2024-01-25', ''),
('5539558', 'Leonardus Sihombing', 'Laki-laki', '21-40', '2024-01-25', ''),
('555542', 'Dendi putra', 'Laki-laki', '41-60', '2024-01-25', ''),
('5662650', 'Jaka ', 'Laki-laki', '11-20', '2024-01-25', ''),
('5764133', 'Bintang Permata', 'Laki-laki', '11-20', '2024-01-21', 'harap ditingkatkan pelayanan kedepannya'),
('5789720', 'misel aritonang', 'Perempuan', '21-40', '2024-01-25', ''),
('5828160', 'Michaelle Sitepu', 'Perempuan', '41-60', '2024-01-25', ''),
('5830531', 'Wawandri Situmorang', 'Laki-laki', '21-40', '2024-01-25', ''),
('5838771', 'indah sanjani', 'Perempuan', '21-40', '2024-01-25', ''),
('58805', 'riyuka andani', 'Perempuan', '11-20', '2024-01-25', ''),
('5892872', 'Admulyadi', 'Laki-laki', '41-60', '2024-01-25', ''),
('5893818', 'Guesthin Ridhoo', 'Laki-laki', '41-60', '2024-01-15', ''),
('5919049', 'akdin sagala', 'Laki-laki', '41-60', '2024-01-26', ''),
('6059003', 'edy abdullah', 'Laki-laki', '11-20', '2024-01-26', ''),
('6098978', 'reja ramadhan siregar', 'Laki-laki', '21-40', '2024-01-25', ''),
('6185789', 'adinda syalani', 'Perempuan', '21-40', '2024-01-25', ''),
('6214330', 'mbah ngatno', 'Laki-laki', '61+', '2024-11-20', ''),
('6248633', 'Andika Sipayung', 'Laki-laki', '21-40', '2024-01-25', ''),
('6254603', 'Budi Hartono', 'Laki-laki', '21-40', '2024-01-25', ''),
('6260134', 'Samuel napitupulu', 'Laki-laki', '41-60', '2024-01-25', ''),
('632009', 'Sopiandi Tumanggor', 'Laki-laki', '41-60', '2024-01-25', ''),
('6618853', 'yulia waruwu', 'Perempuan', '21-40', '2024-01-26', ''),
('6744483', 'Andi ginting', 'Laki-laki', '41-60', '2024-01-25', ''),
('6761936', 'Yenny saragih', 'Perempuan', '41-60', '2024-01-24', ''),
('6930418', 'bagus', 'Laki-laki', '41-60', '2024-01-25', ''),
('6943798', 'melva sitanggang', 'Perempuan', '21-40', '2024-01-25', ''),
('7079839', 'Theofin Aditya Hutahaean ', 'Laki-laki', '21-40', '2024-01-25', ''),
('7131289', 'Lilisnawati', 'Perempuan', '61+', '2024-01-25', ''),
('7167215', 'sutrisno', 'Laki-laki', '21-40', '2024-01-25', ''),
('7257263', 'Fajar Santoso', 'Laki-laki', '11-20', '2023-11-20', ''),
('7468274', 'lisa amalia', 'Perempuan', '21-40', '2024-01-25', ''),
('7527557', 'christy pane', 'Perempuan', '11-20', '2024-01-25', ''),
('7750886', 'Angelita Matondang', 'Perempuan', '41-60', '2024-01-25', ''),
('7772109', 'levina', 'Perempuan', '21-40', '2024-01-25', ''),
('7886036', 'Topan Tambora', 'Laki-laki', '21-40', '2024-01-26', ''),
('795491', 'Jojor Santa Sinambela', 'Perempuan', '41-60', '2024-01-25', ''),
('7976878', 'Sarah Silaen', 'Perempuan', '41-60', '2024-01-25', ''),
('7983611', 'Jose Pakpahan', 'Laki-laki', '11-20', '2024-01-21', ''),
('79840', 'Ratu Gatrilka', 'Perempuan', '21-40', '2024-01-15', ''),
('802707', 'Ayuni Ningsih', 'Perempuan', '61+', '2024-01-25', ''),
('8066154', 'Boby Prada Purba', 'Laki-laki', '21-40', '2024-01-25', ''),
('8136809', 'sigit sutrisno', 'Laki-laki', '41-60', '2024-01-25', ''),
('8189468', 'siska sinambela', 'Perempuan', '21-40', '2024-01-25', ''),
('8205539', 'Ribka Nur', 'Perempuan', '11-20', '2024-01-21', 'untuk pelayanan yang lebih baik diharapkan memperbaiki '),
('8362368', 'Ginni Yema', 'Perempuan', '21-40', '2024-01-25', ''),
('8477899', 'hendra pandiangan', 'Laki-laki', '41-60', '2024-01-26', ''),
('8510486', 'Sidolok Naibaho', 'Laki-laki', '41-60', '2024-01-25', ''),
('870692', 'tifanny jolie', 'Perempuan', '41-60', '2024-01-25', 'pelayanan harus ditingkatkan '),
('874735', 'Rismawati', 'Perempuan', '61+', '2024-01-25', ''),
('8749925', 'grace napitupulu', 'Perempuan', '11-20', '2024-01-25', ''),
('8790216', 'Jhonatan Putra Nababan', 'Laki-laki', '11-20', '2024-01-25', ''),
('8830495', 'apipah', 'Perempuan', '61+', '2024-01-25', ''),
('8893460', 'Turin Fajar', 'Laki-laki', '11-20', '2024-01-25', ''),
('8929899', 'Muji Andara', 'Perempuan', '21-40', '2024-01-26', ''),
('895086', 'agustine', 'Perempuan', '11-20', '2024-01-25', ''),
('8952344', 'Zahra syafira', 'Perempuan', '11-20', '2024-01-25', ''),
('8962149', 'yakub silaban', 'Laki-laki', '41-60', '2024-01-15', ''),
('915430', 'Theresia Marbun', 'Perempuan', '41-60', '2024-01-25', ''),
('9179874', 'Ulina Theresia', 'Perempuan', '21-40', '2024-01-25', ''),
('9295007', 'Rio Sitinjak', 'Laki-laki', '21-40', '2024-01-25', ''),
('9331248', 'Zakaria sembiring', 'Laki-laki', '61+', '2024-01-25', ''),
('9386553', 'arga rhespati h', 'Laki-laki', '21-40', '2024-01-26', ''),
('952500', 'Dhony Ronaldo', 'Laki-laki', '41-60', '2024-01-25', ''),
('9580470', 'Verel Ardi', 'Laki-laki', '21-40', '2024-01-25', ''),
('9614167', 'Alex Dostoyevsky', 'Laki-laki', '11-20', '2024-01-21', 'pertahankan pelayanan untuk yang lebih baik'),
('9647846', 'jelita anggaini kaban', 'Perempuan', '21-40', '2024-01-25', ''),
('9677663', 'Abdul ', 'Laki-laki', '21-40', '2024-01-25', ''),
('976089', 'Suardi Jamal', 'Laki-laki', '41-60', '2024-01-25', ''),
('9784050', 'Lylical Cahya', 'Perempuan', '11-20', '2024-01-21', ''),
('9804399', 'vilora anggita', 'Perempuan', '11-20', '2024-01-26', ''),
('9861098', 'dean hady', 'Laki-laki', '21-40', '2024-01-25', ''),
('9870537', 'Wanda wulandari', 'Perempuan', '21-40', '2024-01-25', '');

--
-- Indexes for dumped tables
--

--
-- Indexes for table `pengguna`
--
ALTER TABLE `pengguna`
  ADD PRIMARY KEY (`userId`);

--
-- Indexes for table `tdeskripsi`
--
ALTER TABLE `tdeskripsi`
  ADD PRIMARY KEY (`deskripsiID`),
  ADD KEY `groupId` (`groupId`);

--
-- Indexes for table `tgroup`
--
ALTER TABLE `tgroup`
  ADD PRIMARY KEY (`groupId`),
  ADD KEY `CreatedUser` (`CreatedUser`,`ModifiedUser`),
  ADD KEY `CreatedUser_2` (`CreatedUser`);

--
-- Indexes for table `tjawaban`
--
ALTER TABLE `tjawaban`
  ADD PRIMARY KEY (`Id`),
  ADD KEY `descriptionId` (`deskripsiID`),
  ADD KEY `groupId` (`groupId`),
  ADD KEY `groupId_2` (`groupId`),
  ADD KEY `companyId` (`pasienID`),
  ADD KEY `groupId_3` (`groupId`),
  ADD KEY `companyId_2` (`pasienID`),
  ADD KEY `pasienID` (`pasienID`);

--
-- Indexes for table `tresponden`
--
ALTER TABLE `tresponden`
  ADD PRIMARY KEY (`pasienID`),
  ADD KEY `pasienID` (`pasienID`),
  ADD KEY `pasienID_2` (`pasienID`);

--
-- AUTO_INCREMENT for dumped tables
--

--
-- AUTO_INCREMENT for table `pengguna`
--
ALTER TABLE `pengguna`
  MODIFY `userId` int(11) NOT NULL AUTO_INCREMENT, AUTO_INCREMENT=8;

--
-- AUTO_INCREMENT for table `tdeskripsi`
--
ALTER TABLE `tdeskripsi`
  MODIFY `deskripsiID` int(11) NOT NULL AUTO_INCREMENT, AUTO_INCREMENT=75;

--
-- AUTO_INCREMENT for table `tgroup`
--
ALTER TABLE `tgroup`
  MODIFY `groupId` int(11) NOT NULL AUTO_INCREMENT, AUTO_INCREMENT=20;

--
-- AUTO_INCREMENT for table `tjawaban`
--
ALTER TABLE `tjawaban`
  MODIFY `Id` int(11) NOT NULL AUTO_INCREMENT, AUTO_INCREMENT=6004;

--
-- Constraints for dumped tables
--

--
-- Constraints for table `tdeskripsi`
--
ALTER TABLE `tdeskripsi`
  ADD CONSTRAINT `tdeskripsi_ibfk_1` FOREIGN KEY (`groupId`) REFERENCES `tgroup` (`groupId`) ON DELETE CASCADE ON UPDATE CASCADE;

--
-- Constraints for table `tjawaban`
--
ALTER TABLE `tjawaban`
  ADD CONSTRAINT `tjawaban_ibfk_1` FOREIGN KEY (`pasienID`) REFERENCES `tresponden` (`pasienID`) ON DELETE CASCADE ON UPDATE CASCADE,
  ADD CONSTRAINT `tjawaban_ibfk_3` FOREIGN KEY (`groupId`) REFERENCES `tgroup` (`groupId`) ON DELETE CASCADE ON UPDATE CASCADE,
  ADD CONSTRAINT `tjawaban_ibfk_4` FOREIGN KEY (`deskripsiID`) REFERENCES `tdeskripsi` (`deskripsiID`) ON DELETE CASCADE ON UPDATE CASCADE;
COMMIT;

/*!40101 SET CHARACTER_SET_CLIENT=@OLD_CHARACTER_SET_CLIENT */;
/*!40101 SET CHARACTER_SET_RESULTS=@OLD_CHARACTER_SET_RESULTS */;
/*!40101 SET COLLATION_CONNECTION=@OLD_COLLATION_CONNECTION */;
